2026-06-02 13:05:26 | INFO | EDA | === RUN START ===
2026-06-02 13:05:26 | INFO | EDA | project=EDA
2026-06-02 13:05:26 | INFO | EDA | repo_dir=datafun-04-notebooks
2026-06-02 13:05:26 | INFO | EDA | python=3.14.0
2026-06-02 13:05:26 | INFO | EDA | os=Windows 11
2026-06-02 13:05:26 | INFO | EDA | shell=powershell
2026-06-02 13:05:26 | INFO | EDA | cwd=.
2026-06-02 13:05:26 | INFO | EDA | github_actions=False
2026-06-02 13:05:26 | INFO | EDA | ========================
2026-06-02 13:05:26 | INFO | EDA | START main()
2026-06-02 13:05:26 | INFO | EDA | ========================
2026-06-02 13:05:26 | INFO | EDA | --- Section 2: Load dataset: penguins ---
2026-06-02 13:05:26 | INFO | EDA | Loading dataset: penguins
2026-06-02 13:05:26 | INFO | EDA | Loaded: 344 rows, 7 columns
2026-06-02 13:05:26 | INFO | EDA | --- Section 3: Inspect shape and basic structure ---
2026-06-02 13:05:26 | INFO | EDA | Previewing first few rows of the dataset
2026-06-02 13:05:26 | DEBUG | EDA | 
  species     island  bill_length_mm  bill_depth_mm  flipper_length_mm  body_mass_g     sex
0  Adelie  Torgersen            39.1           18.7              181.0       3750.0    Male
1  Adelie  Torgersen            39.5           17.4              186.0       3800.0  Female
2  Adelie  Torgersen            40.3           18.0              195.0       3250.0  Female
3  Adelie  Torgersen             NaN            NaN                NaN          NaN     NaN
4  Adelie  Torgersen            36.7           19.3              193.0       3450.0  Female
2026-06-02 13:05:26 | INFO | EDA | Column names
2026-06-02 13:05:26 | DEBUG | EDA | ['species', 'island', 'bill_length_mm', 'bill_depth_mm', 'flipper_length_mm', 'body_mass_g', 'sex']
2026-06-02 13:05:26 | INFO | EDA | DataFrame info (types and non-null counts)
2026-06-02 13:05:27 | INFO | EDA | Dataset shape: 344 rows, 7 columns
2026-06-02 13:05:27 | INFO | EDA | --- Section 4: Create Data Dictionary and Check Data Quality ---
2026-06-02 13:05:27 | INFO | EDA | Building starter data dictionary
2026-06-02 13:05:27 | DEBUG | EDA | 
              column    dtype  missing_count  missing_pct
0            species      str              0         0.00
1             island      str              0         0.00
2     bill_length_mm  float64              2         0.58
3      bill_depth_mm  float64              2         0.58
4  flipper_length_mm  float64              2         0.58
5        body_mass_g  float64              2         0.58
6                sex      str             11         3.20
2026-06-02 13:05:27 | INFO | EDA | Missing values per column:
2026-06-02 13:05:27 | INFO | EDA | 
species               0
island                0
bill_length_mm        2
bill_depth_mm         2
flipper_length_mm     2
body_mass_g           2
sex                  11
dtype: int64
2026-06-02 13:05:27 | INFO | EDA | Checking missing values per column
2026-06-02 13:05:27 | DEBUG | EDA | 
sex                  11
bill_depth_mm         2
bill_length_mm        2
flipper_length_mm     2
body_mass_g           2
island                0
species               0
dtype: int64
2026-06-02 13:05:27 | INFO | EDA | Duplicate rows detected: 0
2026-06-02 13:05:27 | INFO | EDA | Call describe() for numeric columns
2026-06-02 13:05:27 | DEBUG | EDA | 
       bill_length_mm  bill_depth_mm  flipper_length_mm  body_mass_g
count      342.000000     342.000000         342.000000   342.000000
mean        43.921930      17.151170         200.915205  4201.754386
std          5.459584       1.974793          14.061714   801.954536
min         32.100000      13.100000         172.000000  2700.000000
25%         39.225000      15.600000         190.000000  3550.000000
50%         44.450000      17.300000         197.000000  4050.000000
75%         48.500000      18.700000         213.000000  4750.000000
max         59.600000      21.500000         231.000000  6300.000000

2026-06-02 13:05:27 | INFO | EDA | --- Section 5: Create a cleaned view for EDA ---
2026-06-02 13:05:27 | INFO | EDA | Creating cleaned view for EDA (dropping rows with key missing values)
2026-06-02 13:05:27 | DEBUG | EDA | Columns required to be non-missing: ['bill_length_mm', 'bill_depth_mm', 'flipper_length_mm', 'body_mass_g', 'species']
2026-06-02 13:05:27 | INFO | EDA | Original rows: 344
2026-06-02 13:05:27 | INFO | EDA | Clean rows:    342
2026-06-02 13:05:27 | INFO | EDA | Rows dropped:  2
2026-06-02 13:05:27 | INFO | EDA | --- Section 6: Descriptive statistics for numeric columns ---
2026-06-02 13:05:27 | INFO | EDA | --------------- Manual statistics ---------------
2026-06-02 13:05:27 | DEBUG | EDA | Body Mass Statistics (using numpy):
2026-06-02 13:05:27 | DEBUG | EDA |   Mean: 4201.75 g
2026-06-02 13:05:27 | DEBUG | EDA |   Std Dev: 800.78 g
2026-06-02 13:05:27 | DEBUG | EDA |   Min: 2700.00 g
2026-06-02 13:05:27 | DEBUG | EDA |   Max: 6300.00 g
2026-06-02 13:05:27 | DEBUG | EDA |   Range: 3600.00 g
2026-06-02 13:05:27 | INFO | EDA | --------------- Using pandas describe() method ---------------
2026-06-02 13:05:27 | INFO | EDA | Computing overall descriptive statistics
2026-06-02 13:05:27 | DEBUG | EDA | 
                   count         mean         std     min       25%      50%     75%     max
bill_length_mm     342.0    43.921930    5.459584    32.1    39.225    44.45    48.5    59.6
bill_depth_mm      342.0    17.151170    1.974793    13.1    15.600    17.30    18.7    21.5
flipper_length_mm  342.0   200.915205   14.061714   172.0   190.000   197.00   213.0   231.0
body_mass_g        342.0  4201.754386  801.954536  2700.0  3550.000  4050.00  4750.0  6300.0
2026-06-02 13:05:27 | INFO | EDA | --------------- Using pandas groupby() and agg() ---------------
2026-06-02 13:05:27 | INFO | EDA | Computing descriptive statistics by group
2026-06-02 13:05:27 | DEBUG | EDA | 
          bill_length_mm                                  bill_depth_mm                                   \
                   count       mean       std   min   max         count       mean       std   min   max   
species                                                                                                    
Adelie               151  38.791391  2.663405  32.1  46.0           151  18.346358  1.216650  15.5  21.5   
Chinstrap             68  48.833824  3.339256  40.9  58.0            68  18.420588  1.135395  16.4  20.8   
Gentoo               123  47.504878  3.081857  40.9  59.6           123  14.982114  0.981220  13.1  17.3   

          flipper_length_mm                                     body_mass_g                                           
                      count        mean       std    min    max       count         mean         std     min     max  
species                                                                                                               
Adelie                  151  189.953642  6.539457  172.0  210.0         151  3700.662252  458.566126  2850.0  4775.0  
Chinstrap                68  195.823529  7.131894  178.0  212.0          68  3733.088235  384.335081  2700.0  4800.0  
Gentoo                  123  217.186992  6.484976  203.0  231.0         123  5076.016260  504.116237  3950.0  6300.0  
2026-06-02 13:05:27 | INFO | EDA | 
Stacked view - easier to read in logs:
2026-06-02 13:05:27 | DEBUG | EDA | 
                             count         mean         std     min     max
species                                                                    
Adelie    bill_length_mm       151    38.791391    2.663405    32.1    46.0
          bill_depth_mm        151    18.346358    1.216650    15.5    21.5
          flipper_length_mm    151   189.953642    6.539457   172.0   210.0
          body_mass_g          151  3700.662252  458.566126  2850.0  4775.0
Chinstrap bill_length_mm        68    48.833824    3.339256    40.9    58.0
          bill_depth_mm         68    18.420588    1.135395    16.4    20.8
          flipper_length_mm     68   195.823529    7.131894   178.0   212.0
          body_mass_g           68  3733.088235  384.335081  2700.0  4800.0
Gentoo    bill_length_mm       123    47.504878    3.081857    40.9    59.6
          bill_depth_mm        123    14.982114    0.981220    13.1    17.3
          flipper_length_mm    123   217.186992    6.484976   203.0   231.0
          body_mass_g          123  5076.016260  504.116237  3950.0  6300.0
2026-06-02 13:05:27 | INFO | EDA | --- Section 7: Correlation matrix for numeric columns ---
2026-06-02 13:05:27 | INFO | EDA | Computing correlation matrix for numeric columns
2026-06-02 13:05:27 | INFO | EDA | 
Correlation matrix:
2026-06-02 13:05:27 | DEBUG | EDA | 
                   bill_length_mm  bill_depth_mm  flipper_length_mm  body_mass_g
bill_length_mm           1.000000      -0.235053           0.656181     0.595110
bill_depth_mm           -0.235053       1.000000          -0.583851    -0.471916
flipper_length_mm        0.656181      -0.583851           1.000000     0.871202
body_mass_g              0.595110      -0.471916           0.871202     1.000000
2026-06-02 13:05:27 | INFO | EDA | ---------Visualize Correlation Matrix as a Heatmap---------------
2026-06-02 13:05:28 | INFO | EDA | 
CUSTOM: Update these notes and use Markdown cells to narrate and tell the story as you explore. For example:

Interpretation:

 - Values close to 1 (dark red) = strong positive correlation (both increase together)
 - Values close to -1 (dark blue) = strong negative correlation (one increases, other decreases)
 - Values close to 0 (white) = little or no linear relationship
 - The diagonal is always 1 (each variable correlates perfectly with itself)

From this heatmap, we can see that flipper_length_mm and body_mass_g show strong positive correlation (~0.87).

2026-06-02 13:05:28 | INFO | EDA | --- Section 8: Charts ---
2026-06-02 13:05:28 | INFO | EDA | ---- Creating Scatter Plot to see Relationships ------
2026-06-02 13:05:28 | INFO | EDA | ----   Use clean dataframe ---------------------------
2026-06-02 13:05:28 | INFO | EDA | ----   Set x to flipper length -----------------------
2026-06-02 13:05:28 | INFO | EDA | ----   Set y to bill length --------------------------
2026-06-02 13:05:28 | INFO | EDA | ----   Set the hue (color mapping) to the group column --
2026-06-02 13:05:29 | INFO | EDA | ------ Creating Box Plot to see Distribution: ---------
2026-06-02 13:05:29 | INFO | EDA | ------   Use clean dataframe --------------------------
2026-06-02 13:05:29 | INFO | EDA | ------   Set x to the group column --------------------
2026-06-02 13:05:29 | INFO | EDA | ------   Set y to flipper length ----------------------
2026-06-02 13:05:29 | INFO | EDA | --- Section 9: Summary and next steps ---
2026-06-02 13:05:29 | INFO | EDA | ========================
2026-06-02 13:05:29 | INFO | EDA | SUMMARY
2026-06-02 13:05:29 | INFO | EDA | ========================
2026-06-02 13:05:29 | INFO | EDA | Dataset: penguins
2026-06-02 13:05:29 | INFO | EDA | Original rows: 344
2026-06-02 13:05:29 | INFO | EDA | Clean rows:    342
2026-06-02 13:05:29 | INFO | EDA | Groups found in species: ['Adelie', 'Chinstrap', 'Gentoo']
2026-06-02 13:05:29 | INFO | EDA | Strongest correlation: 
2026-06-02 13:05:29 | INFO | EDA |   flipper_length_mm and body_mass_g (~0.87)
2026-06-02 13:05:29 | INFO | EDA | Suggested next step: 
2026-06-02 13:05:29 | INFO | EDA |   Model body_mass_g ~ flipper_length_mm with linear regression
2026-06-02 13:05:29 | INFO | EDA | ----- in a script, call plt.show() once at the end to display all charts -----
2026-06-02 13:05:29 | INFO | EDA | ----- in a script, close the chart windows (with the close button) to continue  -----
2026-06-02 13:05:48 | INFO | EDA | EDA workflow complete
2026-06-02 13:05:48 | INFO | EDA | IMPORTANT: This script creates chart windows.
2026-06-02 13:05:48 | INFO | EDA | Close any chart windows and terminate this process with CTRL+c as needed.
2026-06-02 13:05:48 | INFO | EDA | ========================
2026-06-02 13:05:48 | INFO | EDA | Executed successfully!
2026-06-02 13:05:48 | INFO | EDA | ========================
2026-06-02 13:06:02 | INFO | EDA | === RUN START ===
2026-06-02 13:06:02 | INFO | EDA | project=EDA
2026-06-02 13:06:02 | INFO | EDA | repo_dir=datafun-04-notebooks
2026-06-02 13:06:02 | INFO | EDA | python=3.14.0
2026-06-02 13:06:02 | INFO | EDA | os=Windows 11
2026-06-02 13:06:02 | INFO | EDA | shell=powershell
2026-06-02 13:06:02 | INFO | EDA | cwd=.
2026-06-02 13:06:02 | INFO | EDA | github_actions=False
2026-06-02 13:06:02 | INFO | EDA | ========================
2026-06-02 13:06:02 | INFO | EDA | START main()
2026-06-02 13:06:02 | INFO | EDA | ========================
2026-06-02 13:06:02 | INFO | EDA | --- Section 2: Load dataset: penguins ---
2026-06-02 13:06:02 | INFO | EDA | Loading dataset: penguins
2026-06-02 13:06:02 | INFO | EDA | Loaded: 344 rows, 7 columns
2026-06-02 13:06:02 | INFO | EDA | --- Section 3: Inspect shape and basic structure ---
2026-06-02 13:06:02 | INFO | EDA | Previewing first few rows of the dataset
2026-06-02 13:06:02 | DEBUG | EDA | 
  species     island  bill_length_mm  bill_depth_mm  flipper_length_mm  body_mass_g     sex
0  Adelie  Torgersen            39.1           18.7              181.0       3750.0    Male
1  Adelie  Torgersen            39.5           17.4              186.0       3800.0  Female
2  Adelie  Torgersen            40.3           18.0              195.0       3250.0  Female
3  Adelie  Torgersen             NaN            NaN                NaN          NaN     NaN
4  Adelie  Torgersen            36.7           19.3              193.0       3450.0  Female
2026-06-02 13:06:02 | INFO | EDA | Column names
2026-06-02 13:06:02 | DEBUG | EDA | ['species', 'island', 'bill_length_mm', 'bill_depth_mm', 'flipper_length_mm', 'body_mass_g', 'sex']
2026-06-02 13:06:02 | INFO | EDA | DataFrame info (types and non-null counts)
2026-06-02 13:06:02 | INFO | EDA | Dataset shape: 344 rows, 7 columns
2026-06-02 13:06:02 | INFO | EDA | --- Section 4: Create Data Dictionary and Check Data Quality ---
2026-06-02 13:06:02 | INFO | EDA | Building starter data dictionary
2026-06-02 13:06:02 | DEBUG | EDA | 
              column    dtype  missing_count  missing_pct
0            species      str              0         0.00
1             island      str              0         0.00
2     bill_length_mm  float64              2         0.58
3      bill_depth_mm  float64              2         0.58
4  flipper_length_mm  float64              2         0.58
5        body_mass_g  float64              2         0.58
6                sex      str             11         3.20
2026-06-02 13:06:02 | INFO | EDA | Missing values per column:
2026-06-02 13:06:02 | INFO | EDA | 
species               0
island                0
bill_length_mm        2
bill_depth_mm         2
flipper_length_mm     2
body_mass_g           2
sex                  11
dtype: int64
2026-06-02 13:06:02 | INFO | EDA | Checking missing values per column
2026-06-02 13:06:02 | DEBUG | EDA | 
sex                  11
bill_depth_mm         2
bill_length_mm        2
flipper_length_mm     2
body_mass_g           2
island                0
species               0
dtype: int64
2026-06-02 13:06:02 | INFO | EDA | Duplicate rows detected: 0
2026-06-02 13:06:02 | INFO | EDA | Call describe() for numeric columns
2026-06-02 13:06:02 | DEBUG | EDA | 
       bill_length_mm  bill_depth_mm  flipper_length_mm  body_mass_g
count      342.000000     342.000000         342.000000   342.000000
mean        43.921930      17.151170         200.915205  4201.754386
std          5.459584       1.974793          14.061714   801.954536
min         32.100000      13.100000         172.000000  2700.000000
25%         39.225000      15.600000         190.000000  3550.000000
50%         44.450000      17.300000         197.000000  4050.000000
75%         48.500000      18.700000         213.000000  4750.000000
max         59.600000      21.500000         231.000000  6300.000000

2026-06-02 13:06:02 | INFO | EDA | --- Section 5: Create a cleaned view for EDA ---
2026-06-02 13:06:02 | INFO | EDA | Creating cleaned view for EDA (dropping rows with key missing values)
2026-06-02 13:06:02 | DEBUG | EDA | Columns required to be non-missing: ['bill_length_mm', 'bill_depth_mm', 'flipper_length_mm', 'body_mass_g', 'species']
2026-06-02 13:06:02 | INFO | EDA | Original rows: 344
2026-06-02 13:06:02 | INFO | EDA | Clean rows:    342
2026-06-02 13:06:02 | INFO | EDA | Rows dropped:  2
2026-06-02 13:06:02 | INFO | EDA | --- Section 6: Descriptive statistics for numeric columns ---
2026-06-02 13:06:02 | INFO | EDA | --------------- Manual statistics ---------------
2026-06-02 13:06:02 | DEBUG | EDA | Body Mass Statistics (using numpy):
2026-06-02 13:06:02 | DEBUG | EDA |   Mean: 4201.75 g
2026-06-02 13:06:02 | DEBUG | EDA |   Std Dev: 800.78 g
2026-06-02 13:06:02 | DEBUG | EDA |   Min: 2700.00 g
2026-06-02 13:06:02 | DEBUG | EDA |   Max: 6300.00 g
2026-06-02 13:06:02 | DEBUG | EDA |   Range: 3600.00 g
2026-06-02 13:06:02 | INFO | EDA | --------------- Using pandas describe() method ---------------
2026-06-02 13:06:02 | INFO | EDA | Computing overall descriptive statistics
2026-06-02 13:06:02 | DEBUG | EDA | 
                   count         mean         std     min       25%      50%     75%     max
bill_length_mm     342.0    43.921930    5.459584    32.1    39.225    44.45    48.5    59.6
bill_depth_mm      342.0    17.151170    1.974793    13.1    15.600    17.30    18.7    21.5
flipper_length_mm  342.0   200.915205   14.061714   172.0   190.000   197.00   213.0   231.0
body_mass_g        342.0  4201.754386  801.954536  2700.0  3550.000  4050.00  4750.0  6300.0
2026-06-02 13:06:02 | INFO | EDA | --------------- Using pandas groupby() and agg() ---------------
2026-06-02 13:06:02 | INFO | EDA | Computing descriptive statistics by group
2026-06-02 13:06:02 | DEBUG | EDA | 
          bill_length_mm                                  bill_depth_mm                                   \
                   count       mean       std   min   max         count       mean       std   min   max   
species                                                                                                    
Adelie               151  38.791391  2.663405  32.1  46.0           151  18.346358  1.216650  15.5  21.5   
Chinstrap             68  48.833824  3.339256  40.9  58.0            68  18.420588  1.135395  16.4  20.8   
Gentoo               123  47.504878  3.081857  40.9  59.6           123  14.982114  0.981220  13.1  17.3   

          flipper_length_mm                                     body_mass_g                                           
                      count        mean       std    min    max       count         mean         std     min     max  
species                                                                                                               
Adelie                  151  189.953642  6.539457  172.0  210.0         151  3700.662252  458.566126  2850.0  4775.0  
Chinstrap                68  195.823529  7.131894  178.0  212.0          68  3733.088235  384.335081  2700.0  4800.0  
Gentoo                  123  217.186992  6.484976  203.0  231.0         123  5076.016260  504.116237  3950.0  6300.0  
2026-06-02 13:06:02 | INFO | EDA | 
Stacked view - easier to read in logs:
2026-06-02 13:06:02 | DEBUG | EDA | 
                             count         mean         std     min     max
species                                                                    
Adelie    bill_length_mm       151    38.791391    2.663405    32.1    46.0
          bill_depth_mm        151    18.346358    1.216650    15.5    21.5
          flipper_length_mm    151   189.953642    6.539457   172.0   210.0
          body_mass_g          151  3700.662252  458.566126  2850.0  4775.0
Chinstrap bill_length_mm        68    48.833824    3.339256    40.9    58.0
          bill_depth_mm         68    18.420588    1.135395    16.4    20.8
          flipper_length_mm     68   195.823529    7.131894   178.0   212.0
          body_mass_g           68  3733.088235  384.335081  2700.0  4800.0
Gentoo    bill_length_mm       123    47.504878    3.081857    40.9    59.6
          bill_depth_mm        123    14.982114    0.981220    13.1    17.3
          flipper_length_mm    123   217.186992    6.484976   203.0   231.0
          body_mass_g          123  5076.016260  504.116237  3950.0  6300.0
2026-06-02 13:06:02 | INFO | EDA | --- Section 7: Correlation matrix for numeric columns ---
2026-06-02 13:06:02 | INFO | EDA | Computing correlation matrix for numeric columns
2026-06-02 13:06:02 | INFO | EDA | 
Correlation matrix:
2026-06-02 13:06:02 | DEBUG | EDA | 
                   bill_length_mm  bill_depth_mm  flipper_length_mm  body_mass_g
bill_length_mm           1.000000      -0.235053           0.656181     0.595110
bill_depth_mm           -0.235053       1.000000          -0.583851    -0.471916
flipper_length_mm        0.656181      -0.583851           1.000000     0.871202
body_mass_g              0.595110      -0.471916           0.871202     1.000000
2026-06-02 13:06:02 | INFO | EDA | ---------Visualize Correlation Matrix as a Heatmap---------------
2026-06-02 13:06:03 | INFO | EDA | 
CUSTOM: Update these notes and use Markdown cells to narrate and tell the story as you explore. For example:

Interpretation:

 - Values close to 1 (dark red) = strong positive correlation (both increase together)
 - Values close to -1 (dark blue) = strong negative correlation (one increases, other decreases)
 - Values close to 0 (white) = little or no linear relationship
 - The diagonal is always 1 (each variable correlates perfectly with itself)

From this heatmap, we can see that flipper_length_mm and body_mass_g show strong positive correlation (~0.87).

2026-06-02 13:06:03 | INFO | EDA | --- Section 8: Charts ---
2026-06-02 13:06:03 | INFO | EDA | ---- Creating Scatter Plot to see Relationships ------
2026-06-02 13:06:03 | INFO | EDA | ----   Use clean dataframe ---------------------------
2026-06-02 13:06:03 | INFO | EDA | ----   Set x to flipper length -----------------------
2026-06-02 13:06:03 | INFO | EDA | ----   Set y to bill length --------------------------
2026-06-02 13:06:03 | INFO | EDA | ----   Set the hue (color mapping) to the group column --
2026-06-02 13:06:03 | INFO | EDA | ------ Creating Box Plot to see Distribution: ---------
2026-06-02 13:06:03 | INFO | EDA | ------   Use clean dataframe --------------------------
2026-06-02 13:06:03 | INFO | EDA | ------   Set x to the group column --------------------
2026-06-02 13:06:03 | INFO | EDA | ------   Set y to flipper length ----------------------
2026-06-02 13:06:03 | INFO | EDA | --- Section 9: Summary and next steps ---
2026-06-02 13:06:03 | INFO | EDA | ========================
2026-06-02 13:06:03 | INFO | EDA | SUMMARY
2026-06-02 13:06:03 | INFO | EDA | ========================
2026-06-02 13:06:03 | INFO | EDA | Dataset: penguins
2026-06-02 13:06:03 | INFO | EDA | Original rows: 344
2026-06-02 13:06:03 | INFO | EDA | Clean rows:    342
2026-06-02 13:06:03 | INFO | EDA | Groups found in species: ['Adelie', 'Chinstrap', 'Gentoo']
2026-06-02 13:06:03 | INFO | EDA | Strongest correlation: 
2026-06-02 13:06:03 | INFO | EDA |   flipper_length_mm and body_mass_g (~0.87)
2026-06-02 13:06:03 | INFO | EDA | Suggested next step: 
2026-06-02 13:06:03 | INFO | EDA |   Model body_mass_g ~ flipper_length_mm with linear regression
2026-06-02 13:06:03 | INFO | EDA | ----- in a script, call plt.show() once at the end to display all charts -----
2026-06-02 13:06:03 | INFO | EDA | ----- in a script, close the chart windows (with the close button) to continue  -----
2026-06-02 13:09:47 | INFO | EDA-NB | === RUN START ===
2026-06-02 13:09:47 | INFO | EDA-NB | project=EDA-NB
2026-06-02 13:09:47 | INFO | EDA-NB | repo_dir=datafun-04-notebooks
2026-06-02 13:09:47 | INFO | EDA-NB | python=3.14.0
2026-06-02 13:09:47 | INFO | EDA-NB | os=Windows 11
2026-06-02 13:09:47 | INFO | EDA-NB | shell=powershell
2026-06-02 13:09:47 | INFO | EDA-NB | cwd=notebooks
2026-06-02 13:09:47 | INFO | EDA-NB | github_actions=False
2026-06-02 13:09:47 | INFO | EDA-NB | Imports complete.
2026-06-02 13:09:47 | INFO | EDA-NB | Loading dataset: penguins
2026-06-02 13:09:47 | INFO | EDA-NB | Loaded: 344 rows, 7 columns
2026-06-02 13:09:47 | INFO | EDA-NB | Previewing first few rows of the dataset
2026-06-02 13:09:47 | INFO | EDA-NB | Column names
2026-06-02 13:09:47 | INFO | EDA-NB | DataFrame info (types and non-null counts)
2026-06-02 13:09:47 | INFO | EDA-NB | Dataset shape: 344 rows, 7 columns
2026-06-02 13:09:47 | INFO | EDA-NB | Building starter data dictionary
2026-06-02 13:09:47 | DEBUG | EDA-NB | 
              column    dtype  missing_count  missing_pct
0            species      str              0         0.00
1             island      str              0         0.00
2     bill_length_mm  float64              2         0.58
3      bill_depth_mm  float64              2         0.58
4  flipper_length_mm  float64              2         0.58
5        body_mass_g  float64              2         0.58
6                sex      str             11         3.20
2026-06-02 13:09:47 | INFO | EDA-NB | Missing values per column:
2026-06-02 13:09:47 | INFO | EDA-NB | species               0
island                0
bill_length_mm        2
bill_depth_mm         2
flipper_length_mm     2
body_mass_g           2
sex                  11
dtype: int64
2026-06-02 13:09:47 | INFO | EDA-NB | Checking missing values per column
2026-06-02 13:09:47 | DEBUG | EDA-NB | 
sex                  11
bill_depth_mm         2
bill_length_mm        2
flipper_length_mm     2
body_mass_g           2
island                0
species               0
dtype: int64
2026-06-02 13:09:47 | INFO | EDA-NB | Duplicate rows detected: 0
2026-06-02 13:09:47 | INFO | EDA-NB | Call describe() for numeric columns
2026-06-02 13:09:47 | DEBUG | EDA-NB | 
       bill_length_mm  bill_depth_mm  flipper_length_mm  body_mass_g
count      342.000000     342.000000         342.000000   342.000000
mean        43.921930      17.151170         200.915205  4201.754386
std          5.459584       1.974793          14.061714   801.954536
min         32.100000      13.100000         172.000000  2700.000000
25%         39.225000      15.600000         190.000000  3550.000000
50%         44.450000      17.300000         197.000000  4050.000000
75%         48.500000      18.700000         213.000000  4750.000000
max         59.600000      21.500000         231.000000  6300.000000

2026-06-02 13:09:47 | DEBUG | EDA-NB | Columns required to be non-missing: ['bill_length_mm', 'bill_depth_mm', 'flipper_length_mm', 'body_mass_g', 'species']
2026-06-02 13:09:47 | INFO | EDA-NB | Original rows: 344
2026-06-02 13:09:47 | INFO | EDA-NB | Clean rows:    342
2026-06-02 13:09:47 | INFO | EDA-NB | Rows dropped:  2
2026-06-02 13:09:47 | INFO | EDA-NB | --------------- Manual statistics ---------------
2026-06-02 13:09:47 | INFO | EDA-NB | Body Mass Statistics (using numpy):
2026-06-02 13:09:47 | INFO | EDA-NB |   Mean: 4201.75 g
2026-06-02 13:09:47 | INFO | EDA-NB |   Std Dev: 800.78 g
2026-06-02 13:09:47 | INFO | EDA-NB |   Min: 2700.00 g
2026-06-02 13:09:47 | INFO | EDA-NB |   Max: 6300.00 g
2026-06-02 13:09:47 | INFO | EDA-NB |   Range: 3600.00 g
2026-06-02 13:09:47 | INFO | EDA-NB | Computing overall descriptive statistics
2026-06-02 13:09:47 | DEBUG | EDA-NB | 
                   count         mean         std     min       25%      50%     75%     max
bill_length_mm     342.0    43.921930    5.459584    32.1    39.225    44.45    48.5    59.6
bill_depth_mm      342.0    17.151170    1.974793    13.1    15.600    17.30    18.7    21.5
flipper_length_mm  342.0   200.915205   14.061714   172.0   190.000   197.00   213.0   231.0
body_mass_g        342.0  4201.754386  801.954536  2700.0  3550.000  4050.00  4750.0  6300.0
2026-06-02 13:09:47 | INFO | EDA-NB | --------------- Using pandas groupby() and agg() ---------------
2026-06-02 13:09:47 | INFO | EDA-NB | Computing descriptive statistics by group
2026-06-02 13:09:47 | DEBUG | EDA-NB | 
          bill_length_mm                                  bill_depth_mm                                   \
                   count       mean       std   min   max         count       mean       std   min   max   
species                                                                                                    
Adelie               151  38.791391  2.663405  32.1  46.0           151  18.346358  1.216650  15.5  21.5   
Chinstrap             68  48.833824  3.339256  40.9  58.0            68  18.420588  1.135395  16.4  20.8   
Gentoo               123  47.504878  3.081857  40.9  59.6           123  14.982114  0.981220  13.1  17.3   

          flipper_length_mm                                     body_mass_g                                           
                      count        mean       std    min    max       count         mean         std     min     max  
species                                                                                                               
Adelie                  151  189.953642  6.539457  172.0  210.0         151  3700.662252  458.566126  2850.0  4775.0  
Chinstrap                68  195.823529  7.131894  178.0  212.0          68  3733.088235  384.335081  2700.0  4800.0  
Gentoo                  123  217.186992  6.484976  203.0  231.0         123  5076.016260  504.116237  3950.0  6300.0  
2026-06-02 13:09:47 | INFO | EDA-NB | --------------- Improving the output ---------------
2026-06-02 13:09:47 | DEBUG | EDA-NB | 
                             count         mean         std     min     max
species                                                                    
Adelie    bill_length_mm       151    38.791391    2.663405    32.1    46.0
          bill_depth_mm        151    18.346358    1.216650    15.5    21.5
          flipper_length_mm    151   189.953642    6.539457   172.0   210.0
          body_mass_g          151  3700.662252  458.566126  2850.0  4775.0
Chinstrap bill_length_mm        68    48.833824    3.339256    40.9    58.0
          bill_depth_mm         68    18.420588    1.135395    16.4    20.8
          flipper_length_mm     68   195.823529    7.131894   178.0   212.0
          body_mass_g           68  3733.088235  384.335081  2700.0  4800.0
Gentoo    bill_length_mm       123    47.504878    3.081857    40.9    59.6
          bill_depth_mm        123    14.982114    0.981220    13.1    17.3
          flipper_length_mm    123   217.186992    6.484976   203.0   231.0
          body_mass_g          123  5076.016260  504.116237  3950.0  6300.0
2026-06-02 13:09:47 | INFO | EDA-NB | Computing correlation matrix for numeric columns
2026-06-02 13:09:47 | INFO | EDA-NB | 
Correlation matrix:
2026-06-02 13:09:47 | DEBUG | EDA-NB | 
                   bill_length_mm  bill_depth_mm  flipper_length_mm  body_mass_g
bill_length_mm           1.000000      -0.235053           0.656181     0.595110
bill_depth_mm           -0.235053       1.000000          -0.583851    -0.471916
flipper_length_mm        0.656181      -0.583851           1.000000     0.871202
body_mass_g              0.595110      -0.471916           0.871202     1.000000
2026-06-02 13:09:47 | INFO | EDA-NB | ---------Visualize Correlation Matrix as a Heatmap---------------
2026-06-02 13:09:48 | INFO | EDA-NB | ---- Creating Scatter Plot to see Relationships ------
2026-06-02 13:09:48 | INFO | EDA-NB | ----   Use clean dataframe ---------------------------
2026-06-02 13:09:48 | INFO | EDA-NB | ----   Set x to flipper length -----------------------
2026-06-02 13:09:48 | INFO | EDA-NB | ----   Set y to bill length --------------------------
2026-06-02 13:09:48 | INFO | EDA-NB | ----   Set the hue (color mapping) to the group column --
2026-06-02 13:09:48 | INFO | EDA-NB | ------- Creating another chart -------
2026-06-02 13:09:48 | INFO | EDA-NB | ------ Creating Box Plot to see Distribution: ---------
2026-06-02 13:09:48 | INFO | EDA-NB | ------   Use clean dataframe --------------------------
2026-06-02 13:09:48 | INFO | EDA-NB | ------   Set x to the group column --------------------
2026-06-02 13:09:48 | INFO | EDA-NB | ------   Set y to flipper length ----------------------
2026-06-02 13:09:49 | INFO | EDA-NB | ========================
2026-06-02 13:09:49 | INFO | EDA-NB | SUMMARY
2026-06-02 13:09:49 | INFO | EDA-NB | ========================
2026-06-02 13:09:49 | INFO | EDA-NB | Dataset: penguins
2026-06-02 13:09:49 | INFO | EDA-NB | Original rows: 344
2026-06-02 13:09:49 | INFO | EDA-NB | Clean rows:    342
2026-06-02 13:09:49 | INFO | EDA-NB | Groups found in species: ['Adelie', 'Chinstrap', 'Gentoo']
2026-06-02 13:09:49 | INFO | EDA-NB | Strongest correlation: 
2026-06-02 13:09:49 | INFO | EDA-NB |   flipper_length_mm and body_mass_g (~0.87)
2026-06-02 13:09:49 | INFO | EDA-NB | Suggested next step: 
2026-06-02 13:09:49 | INFO | EDA-NB |   Model body_mass_g ~ flipper_length_mm with linear regression
2026-06-02 13:09:49 | INFO | EDA-NB | EDA workflow complete
2026-06-02 13:09:49 | INFO | EDA-NB | IMPORTANT: This script creates chart windows.
2026-06-02 13:09:49 | INFO | EDA-NB | Close any chart windows and terminate this process with CTRL+c as needed.
2026-06-02 13:09:49 | INFO | EDA-NB | ========================
2026-06-02 13:09:49 | INFO | EDA-NB | Executed successfully!
2026-06-02 13:09:49 | INFO | EDA-NB | ========================
2026-06-02 13:10:19 | INFO | EDA-NB | === RUN START ===
2026-06-02 13:10:19 | INFO | EDA-NB | project=EDA-NB
2026-06-02 13:10:19 | INFO | EDA-NB | repo_dir=datafun-04-notebooks
2026-06-02 13:10:19 | INFO | EDA-NB | python=3.14.0
2026-06-02 13:10:19 | INFO | EDA-NB | os=Windows 11
2026-06-02 13:10:19 | INFO | EDA-NB | shell=powershell
2026-06-02 13:10:19 | INFO | EDA-NB | cwd=notebooks
2026-06-02 13:10:19 | INFO | EDA-NB | github_actions=False
2026-06-02 13:10:19 | INFO | EDA-NB | Imports complete.
2026-06-02 13:10:19 | INFO | EDA-NB | Loading dataset: penguins
2026-06-02 13:10:19 | INFO | EDA-NB | Loaded: 344 rows, 7 columns
2026-06-02 13:10:19 | INFO | EDA-NB | Previewing first few rows of the dataset
2026-06-02 13:10:19 | INFO | EDA-NB | Column names
2026-06-02 13:10:19 | INFO | EDA-NB | DataFrame info (types and non-null counts)
2026-06-02 13:10:19 | INFO | EDA-NB | Dataset shape: 344 rows, 7 columns
2026-06-02 13:10:19 | INFO | EDA-NB | Building starter data dictionary
2026-06-02 13:10:19 | DEBUG | EDA-NB | 
              column    dtype  missing_count  missing_pct
0            species      str              0         0.00
1             island      str              0         0.00
2     bill_length_mm  float64              2         0.58
3      bill_depth_mm  float64              2         0.58
4  flipper_length_mm  float64              2         0.58
5        body_mass_g  float64              2         0.58
6                sex      str             11         3.20
2026-06-02 13:10:19 | INFO | EDA-NB | Missing values per column:
2026-06-02 13:10:19 | INFO | EDA-NB | species               0
island                0
bill_length_mm        2
bill_depth_mm         2
flipper_length_mm     2
body_mass_g           2
sex                  11
dtype: int64
2026-06-02 13:10:19 | INFO | EDA-NB | Checking missing values per column
2026-06-02 13:10:19 | DEBUG | EDA-NB | 
sex                  11
bill_depth_mm         2
bill_length_mm        2
flipper_length_mm     2
body_mass_g           2
island                0
species               0
dtype: int64
2026-06-02 13:10:19 | INFO | EDA-NB | Duplicate rows detected: 0
2026-06-02 13:10:19 | INFO | EDA-NB | Call describe() for numeric columns
2026-06-02 13:10:19 | DEBUG | EDA-NB | 
       bill_length_mm  bill_depth_mm  flipper_length_mm  body_mass_g
count      342.000000     342.000000         342.000000   342.000000
mean        43.921930      17.151170         200.915205  4201.754386
std          5.459584       1.974793          14.061714   801.954536
min         32.100000      13.100000         172.000000  2700.000000
25%         39.225000      15.600000         190.000000  3550.000000
50%         44.450000      17.300000         197.000000  4050.000000
75%         48.500000      18.700000         213.000000  4750.000000
max         59.600000      21.500000         231.000000  6300.000000

2026-06-02 13:10:19 | DEBUG | EDA-NB | Columns required to be non-missing: ['bill_length_mm', 'bill_depth_mm', 'flipper_length_mm', 'body_mass_g', 'species']
2026-06-02 13:10:19 | INFO | EDA-NB | Original rows: 344
2026-06-02 13:10:19 | INFO | EDA-NB | Clean rows:    342
2026-06-02 13:10:19 | INFO | EDA-NB | Rows dropped:  2
2026-06-02 13:10:19 | INFO | EDA-NB | --------------- Manual statistics ---------------
2026-06-02 13:10:19 | INFO | EDA-NB | Body Mass Statistics (using numpy):
2026-06-02 13:10:19 | INFO | EDA-NB |   Mean: 4201.75 g
2026-06-02 13:10:19 | INFO | EDA-NB |   Std Dev: 800.78 g
2026-06-02 13:10:19 | INFO | EDA-NB |   Min: 2700.00 g
2026-06-02 13:10:19 | INFO | EDA-NB |   Max: 6300.00 g
2026-06-02 13:10:19 | INFO | EDA-NB |   Range: 3600.00 g
2026-06-02 13:10:19 | INFO | EDA-NB | Computing overall descriptive statistics
2026-06-02 13:10:19 | DEBUG | EDA-NB | 
                   count         mean         std     min       25%      50%     75%     max
bill_length_mm     342.0    43.921930    5.459584    32.1    39.225    44.45    48.5    59.6
bill_depth_mm      342.0    17.151170    1.974793    13.1    15.600    17.30    18.7    21.5
flipper_length_mm  342.0   200.915205   14.061714   172.0   190.000   197.00   213.0   231.0
body_mass_g        342.0  4201.754386  801.954536  2700.0  3550.000  4050.00  4750.0  6300.0
2026-06-02 13:10:19 | INFO | EDA-NB | --------------- Using pandas groupby() and agg() ---------------
2026-06-02 13:10:19 | INFO | EDA-NB | Computing descriptive statistics by group
2026-06-02 13:10:19 | DEBUG | EDA-NB | 
          bill_length_mm                                  bill_depth_mm                                   \
                   count       mean       std   min   max         count       mean       std   min   max   
species                                                                                                    
Adelie               151  38.791391  2.663405  32.1  46.0           151  18.346358  1.216650  15.5  21.5   
Chinstrap             68  48.833824  3.339256  40.9  58.0            68  18.420588  1.135395  16.4  20.8   
Gentoo               123  47.504878  3.081857  40.9  59.6           123  14.982114  0.981220  13.1  17.3   

          flipper_length_mm                                     body_mass_g                                           
                      count        mean       std    min    max       count         mean         std     min     max  
species                                                                                                               
Adelie                  151  189.953642  6.539457  172.0  210.0         151  3700.662252  458.566126  2850.0  4775.0  
Chinstrap                68  195.823529  7.131894  178.0  212.0          68  3733.088235  384.335081  2700.0  4800.0  
Gentoo                  123  217.186992  6.484976  203.0  231.0         123  5076.016260  504.116237  3950.0  6300.0  
2026-06-02 13:10:19 | INFO | EDA-NB | --------------- Improving the output ---------------
2026-06-02 13:10:19 | DEBUG | EDA-NB | 
                             count         mean         std     min     max
species                                                                    
Adelie    bill_length_mm       151    38.791391    2.663405    32.1    46.0
          bill_depth_mm        151    18.346358    1.216650    15.5    21.5
          flipper_length_mm    151   189.953642    6.539457   172.0   210.0
          body_mass_g          151  3700.662252  458.566126  2850.0  4775.0
Chinstrap bill_length_mm        68    48.833824    3.339256    40.9    58.0
          bill_depth_mm         68    18.420588    1.135395    16.4    20.8
          flipper_length_mm     68   195.823529    7.131894   178.0   212.0
          body_mass_g           68  3733.088235  384.335081  2700.0  4800.0
Gentoo    bill_length_mm       123    47.504878    3.081857    40.9    59.6
          bill_depth_mm        123    14.982114    0.981220    13.1    17.3
          flipper_length_mm    123   217.186992    6.484976   203.0   231.0
          body_mass_g          123  5076.016260  504.116237  3950.0  6300.0
2026-06-02 13:10:19 | INFO | EDA-NB | Computing correlation matrix for numeric columns
2026-06-02 13:10:19 | INFO | EDA-NB | 
Correlation matrix:
2026-06-02 13:10:19 | DEBUG | EDA-NB | 
                   bill_length_mm  bill_depth_mm  flipper_length_mm  body_mass_g
bill_length_mm           1.000000      -0.235053           0.656181     0.595110
bill_depth_mm           -0.235053       1.000000          -0.583851    -0.471916
flipper_length_mm        0.656181      -0.583851           1.000000     0.871202
body_mass_g              0.595110      -0.471916           0.871202     1.000000
2026-06-02 13:10:19 | INFO | EDA-NB | ---------Visualize Correlation Matrix as a Heatmap---------------
2026-06-02 13:10:20 | INFO | EDA-NB | ---- Creating Scatter Plot to see Relationships ------
2026-06-02 13:10:20 | INFO | EDA-NB | ----   Use clean dataframe ---------------------------
2026-06-02 13:10:20 | INFO | EDA-NB | ----   Set x to flipper length -----------------------
2026-06-02 13:10:20 | INFO | EDA-NB | ----   Set y to bill length --------------------------
2026-06-02 13:10:20 | INFO | EDA-NB | ----   Set the hue (color mapping) to the group column --
2026-06-02 13:10:20 | INFO | EDA-NB | ------- Creating another chart -------
2026-06-02 13:10:20 | INFO | EDA-NB | ------ Creating Box Plot to see Distribution: ---------
2026-06-02 13:10:20 | INFO | EDA-NB | ------   Use clean dataframe --------------------------
2026-06-02 13:10:20 | INFO | EDA-NB | ------   Set x to the group column --------------------
2026-06-02 13:10:20 | INFO | EDA-NB | ------   Set y to flipper length ----------------------
2026-06-02 13:10:20 | INFO | EDA-NB | ========================
2026-06-02 13:10:20 | INFO | EDA-NB | SUMMARY
2026-06-02 13:10:20 | INFO | EDA-NB | ========================
2026-06-02 13:10:20 | INFO | EDA-NB | Dataset: penguins
2026-06-02 13:10:20 | INFO | EDA-NB | Original rows: 344
2026-06-02 13:10:20 | INFO | EDA-NB | Clean rows:    342
2026-06-02 13:10:20 | INFO | EDA-NB | Groups found in species: ['Adelie', 'Chinstrap', 'Gentoo']
2026-06-02 13:10:20 | INFO | EDA-NB | Strongest correlation: 
2026-06-02 13:10:20 | INFO | EDA-NB |   flipper_length_mm and body_mass_g (~0.87)
2026-06-02 13:10:20 | INFO | EDA-NB | Suggested next step: 
2026-06-02 13:10:20 | INFO | EDA-NB |   Model body_mass_g ~ flipper_length_mm with linear regression
2026-06-02 13:10:20 | INFO | EDA-NB | EDA workflow complete
2026-06-02 13:10:20 | INFO | EDA-NB | IMPORTANT: This script creates chart windows.
2026-06-02 13:10:20 | INFO | EDA-NB | Close any chart windows and terminate this process with CTRL+c as needed.
2026-06-02 13:10:20 | INFO | EDA-NB | ========================
2026-06-02 13:10:20 | INFO | EDA-NB | Executed successfully!
2026-06-02 13:10:20 | INFO | EDA-NB | ========================
2026-06-02 13:20:37 | INFO | EDA | Loading dataset: penguins
2026-06-02 13:20:37 | INFO | EDA | Loaded: 344 rows, 7 columns
2026-06-02 13:20:37 | INFO | EDA | Loading dataset: penguins
2026-06-02 13:20:37 | INFO | EDA | Loaded: 344 rows, 7 columns
2026-06-02 13:20:37 | INFO | EDA | Loading dataset: penguins
2026-06-02 13:20:37 | INFO | EDA | Loaded: 344 rows, 7 columns
2026-06-02 13:20:37 | INFO | EDA | Loading dataset: penguins
2026-06-02 13:20:37 | INFO | EDA | Loaded: 344 rows, 7 columns
2026-06-02 13:20:37 | INFO | EDA | Creating cleaned view for EDA (dropping rows with key missing values)
2026-06-02 13:20:37 | DEBUG | EDA | Columns required to be non-missing: ['bill_length_mm', 'bill_depth_mm', 'flipper_length_mm', 'body_mass_g', 'species']
2026-06-02 13:20:37 | INFO | EDA | Original rows: 344
2026-06-02 13:20:37 | INFO | EDA | Clean rows:    342
2026-06-02 13:20:37 | INFO | EDA | Rows dropped:  2
2026-06-02 13:20:37 | INFO | EDA | Computing correlation matrix for numeric columns
2026-06-02 13:20:37 | INFO | EDA | 
Correlation matrix:
2026-06-02 13:20:37 | DEBUG | EDA | 
                   bill_length_mm  bill_depth_mm  flipper_length_mm  body_mass_g
bill_length_mm           1.000000      -0.235053           0.656181     0.595110
bill_depth_mm           -0.235053       1.000000          -0.583851    -0.471916
flipper_length_mm        0.656181      -0.583851           1.000000     0.871202
body_mass_g              0.595110      -0.471916           0.871202     1.000000
2026-06-02 13:20:37 | INFO | EDA | ---------Visualize Correlation Matrix as a Heatmap---------------
2026-06-02 13:20:38 | INFO | EDA | 
CUSTOM: Update these notes and use Markdown cells to narrate and tell the story as you explore. For example:

Interpretation:

 - Values close to 1 (dark red) = strong positive correlation (both increase together)
 - Values close to -1 (dark blue) = strong negative correlation (one increases, other decreases)
 - Values close to 0 (white) = little or no linear relationship
 - The diagonal is always 1 (each variable correlates perfectly with itself)

From this heatmap, we can see that flipper_length_mm and body_mass_g show strong positive correlation (~0.87).

2026-06-02 13:42:33 | INFO | EDA-NB | === RUN START ===
2026-06-02 13:42:33 | INFO | EDA-NB | project=EDA-NB
2026-06-02 13:42:33 | INFO | EDA-NB | repo_dir=datafun-04-notebooks
2026-06-02 13:42:33 | INFO | EDA-NB | python=3.14.0
2026-06-02 13:42:33 | INFO | EDA-NB | os=Windows 11
2026-06-02 13:42:33 | INFO | EDA-NB | shell=powershell
2026-06-02 13:42:33 | INFO | EDA-NB | cwd=notebooks
2026-06-02 13:42:33 | INFO | EDA-NB | github_actions=False
2026-06-02 13:42:33 | INFO | EDA-NB | Imports complete.
2026-06-02 13:42:33 | INFO | EDA-NB | Loading dataset: penguins
2026-06-02 13:42:33 | INFO | EDA-NB | Loaded: 344 rows, 7 columns
2026-06-02 13:42:34 | INFO | EDA-NB | Previewing first few rows of the dataset
2026-06-02 13:42:34 | INFO | EDA-NB | Column names
2026-06-02 13:42:34 | INFO | EDA-NB | DataFrame info (types and non-null counts)
2026-06-02 13:42:34 | INFO | EDA-NB | Dataset shape: 344 rows, 7 columns
2026-06-02 13:42:34 | INFO | EDA-NB | Building starter data dictionary
2026-06-02 13:42:34 | DEBUG | EDA-NB | 
              column    dtype  missing_count  missing_pct
0            species      str              0         0.00
1             island      str              0         0.00
2     bill_length_mm  float64              2         0.58
3      bill_depth_mm  float64              2         0.58
4  flipper_length_mm  float64              2         0.58
5        body_mass_g  float64              2         0.58
6                sex      str             11         3.20
2026-06-02 13:42:34 | INFO | EDA-NB | Missing values per column:
2026-06-02 13:42:34 | INFO | EDA-NB | species               0
island                0
bill_length_mm        2
bill_depth_mm         2
flipper_length_mm     2
body_mass_g           2
sex                  11
dtype: int64
2026-06-02 13:42:34 | INFO | EDA-NB | Checking missing values per column
2026-06-02 13:42:34 | DEBUG | EDA-NB | 
sex                  11
bill_depth_mm         2
bill_length_mm        2
flipper_length_mm     2
body_mass_g           2
island                0
species               0
dtype: int64
2026-06-02 13:42:34 | INFO | EDA-NB | Duplicate rows detected: 0
2026-06-02 13:42:34 | INFO | EDA-NB | Call describe() for numeric columns
2026-06-02 13:42:34 | DEBUG | EDA-NB | 
       bill_length_mm  bill_depth_mm  flipper_length_mm  body_mass_g
count      342.000000     342.000000         342.000000   342.000000
mean        43.921930      17.151170         200.915205  4201.754386
std          5.459584       1.974793          14.061714   801.954536
min         32.100000      13.100000         172.000000  2700.000000
25%         39.225000      15.600000         190.000000  3550.000000
50%         44.450000      17.300000         197.000000  4050.000000
75%         48.500000      18.700000         213.000000  4750.000000
max         59.600000      21.500000         231.000000  6300.000000

2026-06-02 13:42:34 | DEBUG | EDA-NB | Columns required to be non-missing: ['bill_length_mm', 'bill_depth_mm', 'flipper_length_mm', 'body_mass_g', 'species']
2026-06-02 13:42:34 | INFO | EDA-NB | Original rows: 344
2026-06-02 13:42:34 | INFO | EDA-NB | Clean rows:    342
2026-06-02 13:42:34 | INFO | EDA-NB | Rows dropped:  2
2026-06-02 13:42:34 | INFO | EDA-NB | --------------- Manual statistics ---------------
2026-06-02 13:42:34 | INFO | EDA-NB | Body Mass Statistics (using numpy):
2026-06-02 13:42:34 | INFO | EDA-NB |   Mean: 4201.75 g
2026-06-02 13:42:34 | INFO | EDA-NB |   Std Dev: 800.78 g
2026-06-02 13:42:34 | INFO | EDA-NB |   Min: 2700.00 g
2026-06-02 13:42:34 | INFO | EDA-NB |   Max: 6300.00 g
2026-06-02 13:42:34 | INFO | EDA-NB |   Range: 3600.00 g
2026-06-02 13:42:34 | INFO | EDA-NB | Computing overall descriptive statistics
2026-06-02 13:42:34 | DEBUG | EDA-NB | 
                   count         mean         std     min       25%      50%     75%     max
bill_length_mm     342.0    43.921930    5.459584    32.1    39.225    44.45    48.5    59.6
bill_depth_mm      342.0    17.151170    1.974793    13.1    15.600    17.30    18.7    21.5
flipper_length_mm  342.0   200.915205   14.061714   172.0   190.000   197.00   213.0   231.0
body_mass_g        342.0  4201.754386  801.954536  2700.0  3550.000  4050.00  4750.0  6300.0
2026-06-02 13:42:34 | INFO | EDA-NB | --------------- Using pandas groupby() and agg() ---------------
2026-06-02 13:42:34 | INFO | EDA-NB | Computing descriptive statistics by group
2026-06-02 13:42:34 | DEBUG | EDA-NB | 
          bill_length_mm                                  bill_depth_mm                                   \
                   count       mean       std   min   max         count       mean       std   min   max   
species                                                                                                    
Adelie               151  38.791391  2.663405  32.1  46.0           151  18.346358  1.216650  15.5  21.5   
Chinstrap             68  48.833824  3.339256  40.9  58.0            68  18.420588  1.135395  16.4  20.8   
Gentoo               123  47.504878  3.081857  40.9  59.6           123  14.982114  0.981220  13.1  17.3   

          flipper_length_mm                                     body_mass_g                                           
                      count        mean       std    min    max       count         mean         std     min     max  
species                                                                                                               
Adelie                  151  189.953642  6.539457  172.0  210.0         151  3700.662252  458.566126  2850.0  4775.0  
Chinstrap                68  195.823529  7.131894  178.0  212.0          68  3733.088235  384.335081  2700.0  4800.0  
Gentoo                  123  217.186992  6.484976  203.0  231.0         123  5076.016260  504.116237  3950.0  6300.0  
2026-06-02 13:42:34 | INFO | EDA-NB | --------------- Improving the output ---------------
2026-06-02 13:42:34 | DEBUG | EDA-NB | 
                             count         mean         std     min     max
species                                                                    
Adelie    bill_length_mm       151    38.791391    2.663405    32.1    46.0
          bill_depth_mm        151    18.346358    1.216650    15.5    21.5
          flipper_length_mm    151   189.953642    6.539457   172.0   210.0
          body_mass_g          151  3700.662252  458.566126  2850.0  4775.0
Chinstrap bill_length_mm        68    48.833824    3.339256    40.9    58.0
          bill_depth_mm         68    18.420588    1.135395    16.4    20.8
          flipper_length_mm     68   195.823529    7.131894   178.0   212.0
          body_mass_g           68  3733.088235  384.335081  2700.0  4800.0
Gentoo    bill_length_mm       123    47.504878    3.081857    40.9    59.6
          bill_depth_mm        123    14.982114    0.981220    13.1    17.3
          flipper_length_mm    123   217.186992    6.484976   203.0   231.0
          body_mass_g          123  5076.016260  504.116237  3950.0  6300.0
2026-06-02 13:42:34 | INFO | EDA-NB | Computing correlation matrix for numeric columns
2026-06-02 13:42:34 | INFO | EDA-NB | 
Correlation matrix:
2026-06-02 13:42:34 | DEBUG | EDA-NB | 
                   bill_length_mm  bill_depth_mm  flipper_length_mm  body_mass_g
bill_length_mm           1.000000      -0.235053           0.656181     0.595110
bill_depth_mm           -0.235053       1.000000          -0.583851    -0.471916
flipper_length_mm        0.656181      -0.583851           1.000000     0.871202
body_mass_g              0.595110      -0.471916           0.871202     1.000000
2026-06-02 13:42:34 | INFO | EDA-NB | ---------Visualize Correlation Matrix as a Heatmap---------------
2026-06-02 13:42:35 | INFO | EDA-NB | ---- Creating Scatter Plot to see Relationships ------
2026-06-02 13:42:35 | INFO | EDA-NB | ----   Use clean dataframe ---------------------------
2026-06-02 13:42:35 | INFO | EDA-NB | ----   Set x to flipper length -----------------------
2026-06-02 13:42:35 | INFO | EDA-NB | ----   Set y to bill length --------------------------
2026-06-02 13:42:35 | INFO | EDA-NB | ----   Set the hue (color mapping) to the group column --
2026-06-02 13:42:35 | INFO | EDA-NB | ------- Creating another chart -------
2026-06-02 13:42:35 | INFO | EDA-NB | ------ Creating Box Plot to see Distribution: ---------
2026-06-02 13:42:35 | INFO | EDA-NB | ------   Use clean dataframe --------------------------
2026-06-02 13:42:35 | INFO | EDA-NB | ------   Set x to the group column --------------------
2026-06-02 13:42:35 | INFO | EDA-NB | ------   Set y to flipper length ----------------------
2026-06-02 13:42:35 | INFO | EDA-NB | ========================
2026-06-02 13:42:35 | INFO | EDA-NB | SUMMARY
2026-06-02 13:42:35 | INFO | EDA-NB | ========================
2026-06-02 13:42:35 | INFO | EDA-NB | Dataset: penguins
2026-06-02 13:42:35 | INFO | EDA-NB | Original rows: 344
2026-06-02 13:42:35 | INFO | EDA-NB | Clean rows:    342
2026-06-02 13:42:35 | INFO | EDA-NB | Groups found in species: ['Adelie', 'Chinstrap', 'Gentoo']
2026-06-02 13:42:35 | INFO | EDA-NB | Strongest correlation: 
2026-06-02 13:42:35 | INFO | EDA-NB |   flipper_length_mm and body_mass_g (~0.87)
2026-06-02 13:42:35 | INFO | EDA-NB | Suggested next step: 
2026-06-02 13:42:35 | INFO | EDA-NB |   Model body_mass_g ~ flipper_length_mm with linear regression
2026-06-02 13:42:35 | INFO | EDA-NB | EDA workflow complete
2026-06-02 13:42:35 | INFO | EDA-NB | IMPORTANT: This script creates chart windows.
2026-06-02 13:42:35 | INFO | EDA-NB | Close any chart windows and terminate this process with CTRL+c as needed.
2026-06-02 13:42:35 | INFO | EDA-NB | ========================
2026-06-02 13:42:35 | INFO | EDA-NB | Executed successfully!
2026-06-02 13:42:35 | INFO | EDA-NB | ========================
2026-06-02 13:45:44 | INFO | EDA | Loading dataset: penguins
2026-06-02 13:45:44 | INFO | EDA | Loaded: 344 rows, 7 columns
2026-06-02 13:45:44 | INFO | EDA | Loading dataset: penguins
2026-06-02 13:45:44 | INFO | EDA | Loaded: 344 rows, 7 columns
2026-06-02 13:45:44 | INFO | EDA | Loading dataset: penguins
2026-06-02 13:45:44 | INFO | EDA | Loaded: 344 rows, 7 columns
2026-06-02 13:45:44 | INFO | EDA | Loading dataset: penguins
2026-06-02 13:45:44 | INFO | EDA | Loaded: 344 rows, 7 columns
2026-06-02 13:45:44 | INFO | EDA | Creating cleaned view for EDA (dropping rows with key missing values)
2026-06-02 13:45:44 | DEBUG | EDA | Columns required to be non-missing: ['bill_length_mm', 'bill_depth_mm', 'flipper_length_mm', 'body_mass_g', 'species']
2026-06-02 13:45:44 | INFO | EDA | Original rows: 344
2026-06-02 13:45:44 | INFO | EDA | Clean rows:    342
2026-06-02 13:45:44 | INFO | EDA | Rows dropped:  2
2026-06-02 13:45:44 | INFO | EDA | Computing correlation matrix for numeric columns
2026-06-02 13:45:44 | INFO | EDA | 
Correlation matrix:
2026-06-02 13:45:44 | DEBUG | EDA | 
                   bill_length_mm  bill_depth_mm  flipper_length_mm  body_mass_g
bill_length_mm           1.000000      -0.235053           0.656181     0.595110
bill_depth_mm           -0.235053       1.000000          -0.583851    -0.471916
flipper_length_mm        0.656181      -0.583851           1.000000     0.871202
body_mass_g              0.595110      -0.471916           0.871202     1.000000
2026-06-02 13:45:44 | INFO | EDA | ---------Visualize Correlation Matrix as a Heatmap---------------
2026-06-02 13:45:44 | INFO | EDA | 
CUSTOM: Update these notes and use Markdown cells to narrate and tell the story as you explore. For example:

Interpretation:

 - Values close to 1 (dark red) = strong positive correlation (both increase together)
 - Values close to -1 (dark blue) = strong negative correlation (one increases, other decreases)
 - Values close to 0 (white) = little or no linear relationship
 - The diagonal is always 1 (each variable correlates perfectly with itself)

From this heatmap, we can see that flipper_length_mm and body_mass_g show strong positive correlation (~0.87).

2026-06-04 11:11:49 | INFO | EDA-NB | === RUN START ===
2026-06-04 11:11:50 | INFO | EDA-NB | project=EDA-NB
2026-06-04 11:11:50 | INFO | EDA-NB | repo_dir=datafun-04-notebooks
2026-06-04 11:11:50 | INFO | EDA-NB | python=3.14.0
2026-06-04 11:11:50 | INFO | EDA-NB | os=Windows 11
2026-06-04 11:11:50 | INFO | EDA-NB | shell=powershell
2026-06-04 11:11:50 | INFO | EDA-NB | cwd=notebooks
2026-06-04 11:11:50 | INFO | EDA-NB | github_actions=False
2026-06-04 11:11:50 | INFO | EDA-NB | Imports complete.
2026-06-04 11:11:50 | INFO | EDA-NB | Loading dataset: penguins
2026-06-04 11:11:50 | INFO | EDA-NB | Loaded: 344 rows, 7 columns
2026-06-04 11:11:50 | INFO | EDA-NB | Previewing first few rows of the dataset
2026-06-04 11:11:50 | INFO | EDA-NB | Column names
2026-06-04 11:11:50 | INFO | EDA-NB | DataFrame info (types and non-null counts)
2026-06-04 11:11:50 | INFO | EDA-NB | Dataset shape: 344 rows, 7 columns
2026-06-04 11:11:50 | INFO | EDA-NB | Building starter data dictionary
2026-06-04 11:11:50 | DEBUG | EDA-NB | 
              column    dtype  missing_count  missing_pct
0            species      str              0         0.00
1             island      str              0         0.00
2     bill_length_mm  float64              2         0.58
3      bill_depth_mm  float64              2         0.58
4  flipper_length_mm  float64              2         0.58
5        body_mass_g  float64              2         0.58
6                sex      str             11         3.20
2026-06-04 11:11:50 | INFO | EDA-NB | Missing values per column:
2026-06-04 11:11:50 | INFO | EDA-NB | species               0
island                0
bill_length_mm        2
bill_depth_mm         2
flipper_length_mm     2
body_mass_g           2
sex                  11
dtype: int64
2026-06-04 11:11:50 | INFO | EDA-NB | Checking missing values per column
2026-06-04 11:11:50 | DEBUG | EDA-NB | 
sex                  11
bill_depth_mm         2
bill_length_mm        2
flipper_length_mm     2
body_mass_g           2
island                0
species               0
dtype: int64
2026-06-04 11:11:50 | INFO | EDA-NB | Duplicate rows detected: 0
2026-06-04 11:11:50 | INFO | EDA-NB | Call describe() for numeric columns
2026-06-04 11:11:50 | DEBUG | EDA-NB | 
       bill_length_mm  bill_depth_mm  flipper_length_mm  body_mass_g
count      342.000000     342.000000         342.000000   342.000000
mean        43.921930      17.151170         200.915205  4201.754386
std          5.459584       1.974793          14.061714   801.954536
min         32.100000      13.100000         172.000000  2700.000000
25%         39.225000      15.600000         190.000000  3550.000000
50%         44.450000      17.300000         197.000000  4050.000000
75%         48.500000      18.700000         213.000000  4750.000000
max         59.600000      21.500000         231.000000  6300.000000

2026-06-04 11:11:50 | DEBUG | EDA-NB | Columns required to be non-missing: ['bill_length_mm', 'bill_depth_mm', 'flipper_length_mm', 'body_mass_g', 'species']
2026-06-04 11:11:50 | INFO | EDA-NB | Original rows: 344
2026-06-04 11:11:50 | INFO | EDA-NB | Clean rows:    342
2026-06-04 11:11:50 | INFO | EDA-NB | Rows dropped:  2
2026-06-04 11:11:50 | INFO | EDA-NB | --------------- Manual statistics ---------------
2026-06-04 11:11:50 | INFO | EDA-NB | Body Mass Statistics (using numpy):
2026-06-04 11:11:50 | INFO | EDA-NB |   Mean: 4201.75 g
2026-06-04 11:11:50 | INFO | EDA-NB |   Std Dev: 800.78 g
2026-06-04 11:11:50 | INFO | EDA-NB |   Min: 2700.00 g
2026-06-04 11:11:50 | INFO | EDA-NB |   Max: 6300.00 g
2026-06-04 11:11:50 | INFO | EDA-NB |   Range: 3600.00 g
2026-06-04 11:11:50 | INFO | EDA-NB | Computing overall descriptive statistics
2026-06-04 11:11:50 | DEBUG | EDA-NB | 
                   count         mean         std     min       25%      50%     75%     max
bill_length_mm     342.0    43.921930    5.459584    32.1    39.225    44.45    48.5    59.6
bill_depth_mm      342.0    17.151170    1.974793    13.1    15.600    17.30    18.7    21.5
flipper_length_mm  342.0   200.915205   14.061714   172.0   190.000   197.00   213.0   231.0
body_mass_g        342.0  4201.754386  801.954536  2700.0  3550.000  4050.00  4750.0  6300.0
2026-06-04 11:11:50 | INFO | EDA-NB | --------------- Using pandas groupby() and agg() ---------------
2026-06-04 11:11:50 | INFO | EDA-NB | Computing descriptive statistics by group
2026-06-04 11:11:50 | DEBUG | EDA-NB | 
          bill_length_mm                                  bill_depth_mm                                   \
                   count       mean       std   min   max         count       mean       std   min   max   
species                                                                                                    
Adelie               151  38.791391  2.663405  32.1  46.0           151  18.346358  1.216650  15.5  21.5   
Chinstrap             68  48.833824  3.339256  40.9  58.0            68  18.420588  1.135395  16.4  20.8   
Gentoo               123  47.504878  3.081857  40.9  59.6           123  14.982114  0.981220  13.1  17.3   

          flipper_length_mm                                     body_mass_g                                           
                      count        mean       std    min    max       count         mean         std     min     max  
species                                                                                                               
Adelie                  151  189.953642  6.539457  172.0  210.0         151  3700.662252  458.566126  2850.0  4775.0  
Chinstrap                68  195.823529  7.131894  178.0  212.0          68  3733.088235  384.335081  2700.0  4800.0  
Gentoo                  123  217.186992  6.484976  203.0  231.0         123  5076.016260  504.116237  3950.0  6300.0  
2026-06-04 11:11:50 | INFO | EDA-NB | --------------- Improving the output ---------------
2026-06-04 11:11:50 | DEBUG | EDA-NB | 
                             count         mean         std     min     max
species                                                                    
Adelie    bill_length_mm       151    38.791391    2.663405    32.1    46.0
          bill_depth_mm        151    18.346358    1.216650    15.5    21.5
          flipper_length_mm    151   189.953642    6.539457   172.0   210.0
          body_mass_g          151  3700.662252  458.566126  2850.0  4775.0
Chinstrap bill_length_mm        68    48.833824    3.339256    40.9    58.0
          bill_depth_mm         68    18.420588    1.135395    16.4    20.8
          flipper_length_mm     68   195.823529    7.131894   178.0   212.0
          body_mass_g           68  3733.088235  384.335081  2700.0  4800.0
Gentoo    bill_length_mm       123    47.504878    3.081857    40.9    59.6
          bill_depth_mm        123    14.982114    0.981220    13.1    17.3
          flipper_length_mm    123   217.186992    6.484976   203.0   231.0
          body_mass_g          123  5076.016260  504.116237  3950.0  6300.0
2026-06-04 11:11:50 | INFO | EDA-NB | Computing correlation matrix for numeric columns
2026-06-04 11:11:50 | INFO | EDA-NB | 
Correlation matrix:
2026-06-04 11:11:50 | DEBUG | EDA-NB | 
                   bill_length_mm  bill_depth_mm  flipper_length_mm  body_mass_g
bill_length_mm           1.000000      -0.235053           0.656181     0.595110
bill_depth_mm           -0.235053       1.000000          -0.583851    -0.471916
flipper_length_mm        0.656181      -0.583851           1.000000     0.871202
body_mass_g              0.595110      -0.471916           0.871202     1.000000
2026-06-04 11:11:50 | INFO | EDA-NB | ---------Visualize Correlation Matrix as a Heatmap---------------
2026-06-04 11:11:51 | INFO | EDA-NB | ---- Creating Scatter Plot to see Relationships ------
2026-06-04 11:11:51 | INFO | EDA-NB | ----   Use clean dataframe ---------------------------
2026-06-04 11:11:51 | INFO | EDA-NB | ----   Set x to flipper length -----------------------
2026-06-04 11:11:51 | INFO | EDA-NB | ----   Set y to bill length --------------------------
2026-06-04 11:11:51 | INFO | EDA-NB | ----   Set the hue (color mapping) to the group column --
2026-06-04 11:11:51 | INFO | EDA-NB | ------- Creating another chart -------
2026-06-04 11:11:51 | INFO | EDA-NB | ------ Creating Box Plot to see Distribution: ---------
2026-06-04 11:11:51 | INFO | EDA-NB | ------   Use clean dataframe --------------------------
2026-06-04 11:11:51 | INFO | EDA-NB | ------   Set x to the group column --------------------
2026-06-04 11:11:51 | INFO | EDA-NB | ------   Set y to flipper length ----------------------
2026-06-04 11:11:52 | INFO | EDA-NB | Creating A Histogram
2026-06-04 11:11:52 | INFO | EDA-NB | Creating A Histogram to see Distribution of flipper length compared by sex
2026-06-04 11:11:52 | INFO | EDA-NB | ========================
2026-06-04 11:11:52 | INFO | EDA-NB | SUMMARY
2026-06-04 11:11:52 | INFO | EDA-NB | ========================
2026-06-04 11:11:52 | INFO | EDA-NB | Dataset: penguins
2026-06-04 11:11:52 | INFO | EDA-NB | Original rows: 344
2026-06-04 11:11:52 | INFO | EDA-NB | Clean rows:    342
2026-06-04 11:11:52 | INFO | EDA-NB | Groups found in species: ['Adelie', 'Chinstrap', 'Gentoo']
2026-06-04 11:11:52 | INFO | EDA-NB | Strongest correlation: 
2026-06-04 11:11:52 | INFO | EDA-NB |   flipper_length_mm and body_mass_g (~0.87)
2026-06-04 11:11:52 | INFO | EDA-NB | Suggested next step: 
2026-06-04 11:11:52 | INFO | EDA-NB |   Model body_mass_g ~ flipper_length_mm with linear regression
2026-06-04 11:11:52 | INFO | EDA-NB | EDA workflow complete
2026-06-04 11:11:52 | INFO | EDA-NB | IMPORTANT: This script creates chart windows.
2026-06-04 11:11:52 | INFO | EDA-NB | Close any chart windows and terminate this process with CTRL+c as needed.
2026-06-04 11:11:52 | INFO | EDA-NB | ========================
2026-06-04 11:11:52 | INFO | EDA-NB | Executed successfully!
2026-06-04 11:11:52 | INFO | EDA-NB | ========================
2026-06-04 11:14:13 | INFO | EDA-NB | === RUN START ===
2026-06-04 11:14:13 | INFO | EDA-NB | project=EDA-NB
2026-06-04 11:14:13 | INFO | EDA-NB | repo_dir=datafun-04-notebooks
2026-06-04 11:14:13 | INFO | EDA-NB | python=3.14.0
2026-06-04 11:14:13 | INFO | EDA-NB | os=Windows 11
2026-06-04 11:14:13 | INFO | EDA-NB | shell=powershell
2026-06-04 11:14:13 | INFO | EDA-NB | cwd=notebooks
2026-06-04 11:14:13 | INFO | EDA-NB | github_actions=False
2026-06-04 11:14:13 | INFO | EDA-NB | Imports complete.
2026-06-04 11:14:14 | INFO | EDA-NB | Loading dataset: penguins
2026-06-04 11:14:14 | INFO | EDA-NB | Loaded: 344 rows, 7 columns
2026-06-04 11:14:14 | INFO | EDA-NB | Previewing first few rows of the dataset
2026-06-04 11:14:14 | INFO | EDA-NB | Column names
2026-06-04 11:14:14 | INFO | EDA-NB | DataFrame info (types and non-null counts)
2026-06-04 11:14:14 | INFO | EDA-NB | Dataset shape: 344 rows, 7 columns
2026-06-04 11:14:14 | INFO | EDA-NB | Building starter data dictionary
2026-06-04 11:14:14 | DEBUG | EDA-NB | 
              column    dtype  missing_count  missing_pct
0            species      str              0         0.00
1             island      str              0         0.00
2     bill_length_mm  float64              2         0.58
3      bill_depth_mm  float64              2         0.58
4  flipper_length_mm  float64              2         0.58
5        body_mass_g  float64              2         0.58
6                sex      str             11         3.20
2026-06-04 11:14:14 | INFO | EDA-NB | Missing values per column:
2026-06-04 11:14:14 | INFO | EDA-NB | species               0
island                0
bill_length_mm        2
bill_depth_mm         2
flipper_length_mm     2
body_mass_g           2
sex                  11
dtype: int64
2026-06-04 11:14:14 | INFO | EDA-NB | Checking missing values per column
2026-06-04 11:14:14 | DEBUG | EDA-NB | 
sex                  11
bill_depth_mm         2
bill_length_mm        2
flipper_length_mm     2
body_mass_g           2
island                0
species               0
dtype: int64
2026-06-04 11:14:14 | INFO | EDA-NB | Duplicate rows detected: 0
2026-06-04 11:14:14 | INFO | EDA-NB | Call describe() for numeric columns
2026-06-04 11:14:14 | DEBUG | EDA-NB | 
       bill_length_mm  bill_depth_mm  flipper_length_mm  body_mass_g
count      342.000000     342.000000         342.000000   342.000000
mean        43.921930      17.151170         200.915205  4201.754386
std          5.459584       1.974793          14.061714   801.954536
min         32.100000      13.100000         172.000000  2700.000000
25%         39.225000      15.600000         190.000000  3550.000000
50%         44.450000      17.300000         197.000000  4050.000000
75%         48.500000      18.700000         213.000000  4750.000000
max         59.600000      21.500000         231.000000  6300.000000

2026-06-04 11:14:14 | DEBUG | EDA-NB | Columns required to be non-missing: ['bill_length_mm', 'bill_depth_mm', 'flipper_length_mm', 'body_mass_g', 'species']
2026-06-04 11:14:14 | INFO | EDA-NB | Original rows: 344
2026-06-04 11:14:14 | INFO | EDA-NB | Clean rows:    342
2026-06-04 11:14:14 | INFO | EDA-NB | Rows dropped:  2
2026-06-04 11:14:14 | INFO | EDA-NB | --------------- Manual statistics ---------------
2026-06-04 11:14:14 | INFO | EDA-NB | Body Mass Statistics (using numpy):
2026-06-04 11:14:14 | INFO | EDA-NB |   Mean: 4201.75 g
2026-06-04 11:14:14 | INFO | EDA-NB |   Std Dev: 800.78 g
2026-06-04 11:14:14 | INFO | EDA-NB |   Min: 2700.00 g
2026-06-04 11:14:14 | INFO | EDA-NB |   Max: 6300.00 g
2026-06-04 11:14:14 | INFO | EDA-NB |   Range: 3600.00 g
2026-06-04 11:14:14 | INFO | EDA-NB | Computing overall descriptive statistics
2026-06-04 11:14:14 | DEBUG | EDA-NB | 
                   count         mean         std     min       25%      50%     75%     max
bill_length_mm     342.0    43.921930    5.459584    32.1    39.225    44.45    48.5    59.6
bill_depth_mm      342.0    17.151170    1.974793    13.1    15.600    17.30    18.7    21.5
flipper_length_mm  342.0   200.915205   14.061714   172.0   190.000   197.00   213.0   231.0
body_mass_g        342.0  4201.754386  801.954536  2700.0  3550.000  4050.00  4750.0  6300.0
2026-06-04 11:14:14 | INFO | EDA-NB | --------------- Using pandas groupby() and agg() ---------------
2026-06-04 11:14:14 | INFO | EDA-NB | Computing descriptive statistics by group
2026-06-04 11:14:14 | DEBUG | EDA-NB | 
          bill_length_mm                                  bill_depth_mm                                   \
                   count       mean       std   min   max         count       mean       std   min   max   
species                                                                                                    
Adelie               151  38.791391  2.663405  32.1  46.0           151  18.346358  1.216650  15.5  21.5   
Chinstrap             68  48.833824  3.339256  40.9  58.0            68  18.420588  1.135395  16.4  20.8   
Gentoo               123  47.504878  3.081857  40.9  59.6           123  14.982114  0.981220  13.1  17.3   

          flipper_length_mm                                     body_mass_g                                           
                      count        mean       std    min    max       count         mean         std     min     max  
species                                                                                                               
Adelie                  151  189.953642  6.539457  172.0  210.0         151  3700.662252  458.566126  2850.0  4775.0  
Chinstrap                68  195.823529  7.131894  178.0  212.0          68  3733.088235  384.335081  2700.0  4800.0  
Gentoo                  123  217.186992  6.484976  203.0  231.0         123  5076.016260  504.116237  3950.0  6300.0  
2026-06-04 11:14:14 | INFO | EDA-NB | --------------- Improving the output ---------------
2026-06-04 11:14:14 | DEBUG | EDA-NB | 
                             count         mean         std     min     max
species                                                                    
Adelie    bill_length_mm       151    38.791391    2.663405    32.1    46.0
          bill_depth_mm        151    18.346358    1.216650    15.5    21.5
          flipper_length_mm    151   189.953642    6.539457   172.0   210.0
          body_mass_g          151  3700.662252  458.566126  2850.0  4775.0
Chinstrap bill_length_mm        68    48.833824    3.339256    40.9    58.0
          bill_depth_mm         68    18.420588    1.135395    16.4    20.8
          flipper_length_mm     68   195.823529    7.131894   178.0   212.0
          body_mass_g           68  3733.088235  384.335081  2700.0  4800.0
Gentoo    bill_length_mm       123    47.504878    3.081857    40.9    59.6
          bill_depth_mm        123    14.982114    0.981220    13.1    17.3
          flipper_length_mm    123   217.186992    6.484976   203.0   231.0
          body_mass_g          123  5076.016260  504.116237  3950.0  6300.0
2026-06-04 11:14:14 | INFO | EDA-NB | Computing correlation matrix for numeric columns
2026-06-04 11:14:14 | INFO | EDA-NB | 
Correlation matrix:
2026-06-04 11:14:14 | DEBUG | EDA-NB | 
                   bill_length_mm  bill_depth_mm  flipper_length_mm  body_mass_g
bill_length_mm           1.000000      -0.235053           0.656181     0.595110
bill_depth_mm           -0.235053       1.000000          -0.583851    -0.471916
flipper_length_mm        0.656181      -0.583851           1.000000     0.871202
body_mass_g              0.595110      -0.471916           0.871202     1.000000
2026-06-04 11:14:14 | INFO | EDA-NB | ---------Visualize Correlation Matrix as a Heatmap---------------
2026-06-04 11:14:15 | INFO | EDA-NB | ---- Creating Scatter Plot to see Relationships ------
2026-06-04 11:14:15 | INFO | EDA-NB | ----   Use clean dataframe ---------------------------
2026-06-04 11:14:15 | INFO | EDA-NB | ----   Set x to flipper length -----------------------
2026-06-04 11:14:15 | INFO | EDA-NB | ----   Set y to bill length --------------------------
2026-06-04 11:14:15 | INFO | EDA-NB | ----   Set the hue (color mapping) to the group column --
2026-06-04 11:14:15 | INFO | EDA-NB | ------- Creating another chart -------
2026-06-04 11:14:15 | INFO | EDA-NB | ------ Creating Box Plot to see Distribution: ---------
2026-06-04 11:14:15 | INFO | EDA-NB | ------   Use clean dataframe --------------------------
2026-06-04 11:14:15 | INFO | EDA-NB | ------   Set x to the group column --------------------
2026-06-04 11:14:15 | INFO | EDA-NB | ------   Set y to flipper length ----------------------
2026-06-04 11:14:16 | INFO | EDA-NB | Creating A Histogram
2026-06-04 11:14:16 | INFO | EDA-NB | Creating A Histogram to see Distribution of flipper length compared by sex
2026-06-04 11:14:16 | INFO | EDA-NB | ========================
2026-06-04 11:14:16 | INFO | EDA-NB | SUMMARY
2026-06-04 11:14:16 | INFO | EDA-NB | ========================
2026-06-04 11:14:16 | INFO | EDA-NB | Dataset: penguins
2026-06-04 11:14:16 | INFO | EDA-NB | Original rows: 344
2026-06-04 11:14:16 | INFO | EDA-NB | Clean rows:    342
2026-06-04 11:14:16 | INFO | EDA-NB | Groups found in species: ['Adelie', 'Chinstrap', 'Gentoo']
2026-06-04 11:14:16 | INFO | EDA-NB | Strongest correlation: 
2026-06-04 11:14:16 | INFO | EDA-NB |   flipper_length_mm and body_mass_g (~0.87)
2026-06-04 11:14:16 | INFO | EDA-NB | Suggested next step: 
2026-06-04 11:14:16 | INFO | EDA-NB |   Model body_mass_g ~ flipper_length_mm with linear regression
2026-06-04 11:14:16 | INFO | EDA-NB | See what other seaborn datasets you can load and explore with the same workflow!
2026-06-04 11:14:16 | INFO | EDA-NB | Available seaborn datasets: ['anagrams', 'anscombe', 'attention', 'brain_networks', 'car_crashes', 'diamonds', 'dots', 'dowjones', 'exercise', 'flights', 'fmri', 'geyser', 'glue', 'healthexp', 'iris', 'mpg', 'penguins', 'planets', 'seaice', 'taxis', 'tips', 'titanic']
2026-06-04 11:14:16 | INFO | EDA-NB | EDA workflow complete
2026-06-04 11:14:16 | INFO | EDA-NB | IMPORTANT: This script creates chart windows.
2026-06-04 11:14:16 | INFO | EDA-NB | Close any chart windows and terminate this process with CTRL+c as needed.
2026-06-04 11:14:16 | INFO | EDA-NB | ========================
2026-06-04 11:14:16 | INFO | EDA-NB | Executed successfully!
2026-06-04 11:14:16 | INFO | EDA-NB | ========================
2026-06-04 11:16:32 | INFO | EDA-NB | === RUN START ===
2026-06-04 11:16:32 | INFO | EDA-NB | project=EDA-NB
2026-06-04 11:16:32 | INFO | EDA-NB | repo_dir=datafun-04-notebooks
2026-06-04 11:16:32 | INFO | EDA-NB | python=3.14.0
2026-06-04 11:16:32 | INFO | EDA-NB | os=Windows 11
2026-06-04 11:16:32 | INFO | EDA-NB | shell=powershell
2026-06-04 11:16:32 | INFO | EDA-NB | cwd=notebooks
2026-06-04 11:16:32 | INFO | EDA-NB | github_actions=False
2026-06-04 11:16:32 | INFO | EDA-NB | Imports complete.
2026-06-04 11:16:32 | INFO | EDA-NB | Loading dataset: penguins
2026-06-04 11:16:32 | INFO | EDA-NB | Loaded: 344 rows, 7 columns
2026-06-04 11:16:32 | INFO | EDA-NB | Previewing first few rows of the dataset
2026-06-04 11:16:32 | INFO | EDA-NB | Column names
2026-06-04 11:16:32 | INFO | EDA-NB | DataFrame info (types and non-null counts)
2026-06-04 11:16:32 | INFO | EDA-NB | Dataset shape: 344 rows, 7 columns
2026-06-04 11:16:32 | INFO | EDA-NB | Building starter data dictionary
2026-06-04 11:16:32 | DEBUG | EDA-NB | 
              column    dtype  missing_count  missing_pct
0            species      str              0         0.00
1             island      str              0         0.00
2     bill_length_mm  float64              2         0.58
3      bill_depth_mm  float64              2         0.58
4  flipper_length_mm  float64              2         0.58
5        body_mass_g  float64              2         0.58
6                sex      str             11         3.20
2026-06-04 11:16:32 | INFO | EDA-NB | Missing values per column:
2026-06-04 11:16:32 | INFO | EDA-NB | species               0
island                0
bill_length_mm        2
bill_depth_mm         2
flipper_length_mm     2
body_mass_g           2
sex                  11
dtype: int64
2026-06-04 11:16:32 | INFO | EDA-NB | Checking missing values per column
2026-06-04 11:16:32 | DEBUG | EDA-NB | 
sex                  11
bill_depth_mm         2
bill_length_mm        2
flipper_length_mm     2
body_mass_g           2
island                0
species               0
dtype: int64
2026-06-04 11:16:32 | INFO | EDA-NB | Duplicate rows detected: 0
2026-06-04 11:16:32 | INFO | EDA-NB | Call describe() for numeric columns
2026-06-04 11:16:32 | DEBUG | EDA-NB | 
       bill_length_mm  bill_depth_mm  flipper_length_mm  body_mass_g
count      342.000000     342.000000         342.000000   342.000000
mean        43.921930      17.151170         200.915205  4201.754386
std          5.459584       1.974793          14.061714   801.954536
min         32.100000      13.100000         172.000000  2700.000000
25%         39.225000      15.600000         190.000000  3550.000000
50%         44.450000      17.300000         197.000000  4050.000000
75%         48.500000      18.700000         213.000000  4750.000000
max         59.600000      21.500000         231.000000  6300.000000

2026-06-04 11:16:32 | DEBUG | EDA-NB | Columns required to be non-missing: ['bill_length_mm', 'bill_depth_mm', 'flipper_length_mm', 'body_mass_g', 'species']
2026-06-04 11:16:32 | INFO | EDA-NB | Original rows: 344
2026-06-04 11:16:32 | INFO | EDA-NB | Clean rows:    342
2026-06-04 11:16:32 | INFO | EDA-NB | Rows dropped:  2
2026-06-04 11:16:32 | INFO | EDA-NB | --------------- Manual statistics ---------------
2026-06-04 11:16:32 | INFO | EDA-NB | Body Mass Statistics (using numpy):
2026-06-04 11:16:32 | INFO | EDA-NB |   Mean: 4201.75 g
2026-06-04 11:16:32 | INFO | EDA-NB |   Std Dev: 800.78 g
2026-06-04 11:16:32 | INFO | EDA-NB |   Min: 2700.00 g
2026-06-04 11:16:32 | INFO | EDA-NB |   Max: 6300.00 g
2026-06-04 11:16:32 | INFO | EDA-NB |   Range: 3600.00 g
2026-06-04 11:16:32 | INFO | EDA-NB | Computing overall descriptive statistics
2026-06-04 11:16:32 | DEBUG | EDA-NB | 
                   count         mean         std     min       25%      50%     75%     max
bill_length_mm     342.0    43.921930    5.459584    32.1    39.225    44.45    48.5    59.6
bill_depth_mm      342.0    17.151170    1.974793    13.1    15.600    17.30    18.7    21.5
flipper_length_mm  342.0   200.915205   14.061714   172.0   190.000   197.00   213.0   231.0
body_mass_g        342.0  4201.754386  801.954536  2700.0  3550.000  4050.00  4750.0  6300.0
2026-06-04 11:16:32 | INFO | EDA-NB | --------------- Using pandas groupby() and agg() ---------------
2026-06-04 11:16:32 | INFO | EDA-NB | Computing descriptive statistics by group
2026-06-04 11:16:32 | DEBUG | EDA-NB | 
          bill_length_mm                                  bill_depth_mm                                   \
                   count       mean       std   min   max         count       mean       std   min   max   
species                                                                                                    
Adelie               151  38.791391  2.663405  32.1  46.0           151  18.346358  1.216650  15.5  21.5   
Chinstrap             68  48.833824  3.339256  40.9  58.0            68  18.420588  1.135395  16.4  20.8   
Gentoo               123  47.504878  3.081857  40.9  59.6           123  14.982114  0.981220  13.1  17.3   

          flipper_length_mm                                     body_mass_g                                           
                      count        mean       std    min    max       count         mean         std     min     max  
species                                                                                                               
Adelie                  151  189.953642  6.539457  172.0  210.0         151  3700.662252  458.566126  2850.0  4775.0  
Chinstrap                68  195.823529  7.131894  178.0  212.0          68  3733.088235  384.335081  2700.0  4800.0  
Gentoo                  123  217.186992  6.484976  203.0  231.0         123  5076.016260  504.116237  3950.0  6300.0  
2026-06-04 11:16:32 | INFO | EDA-NB | --------------- Improving the output ---------------
2026-06-04 11:16:32 | DEBUG | EDA-NB | 
                             count         mean         std     min     max
species                                                                    
Adelie    bill_length_mm       151    38.791391    2.663405    32.1    46.0
          bill_depth_mm        151    18.346358    1.216650    15.5    21.5
          flipper_length_mm    151   189.953642    6.539457   172.0   210.0
          body_mass_g          151  3700.662252  458.566126  2850.0  4775.0
Chinstrap bill_length_mm        68    48.833824    3.339256    40.9    58.0
          bill_depth_mm         68    18.420588    1.135395    16.4    20.8
          flipper_length_mm     68   195.823529    7.131894   178.0   212.0
          body_mass_g           68  3733.088235  384.335081  2700.0  4800.0
Gentoo    bill_length_mm       123    47.504878    3.081857    40.9    59.6
          bill_depth_mm        123    14.982114    0.981220    13.1    17.3
          flipper_length_mm    123   217.186992    6.484976   203.0   231.0
          body_mass_g          123  5076.016260  504.116237  3950.0  6300.0
2026-06-04 11:16:32 | INFO | EDA-NB | Computing correlation matrix for numeric columns
2026-06-04 11:16:32 | INFO | EDA-NB | 
Correlation matrix:
2026-06-04 11:16:32 | DEBUG | EDA-NB | 
                   bill_length_mm  bill_depth_mm  flipper_length_mm  body_mass_g
bill_length_mm           1.000000      -0.235053           0.656181     0.595110
bill_depth_mm           -0.235053       1.000000          -0.583851    -0.471916
flipper_length_mm        0.656181      -0.583851           1.000000     0.871202
body_mass_g              0.595110      -0.471916           0.871202     1.000000
2026-06-04 11:16:32 | INFO | EDA-NB | ---------Visualize Correlation Matrix as a Heatmap---------------
2026-06-04 11:16:33 | INFO | EDA-NB | ---- Creating Scatter Plot to see Relationships ------
2026-06-04 11:16:33 | INFO | EDA-NB | ----   Use clean dataframe ---------------------------
2026-06-04 11:16:33 | INFO | EDA-NB | ----   Set x to flipper length -----------------------
2026-06-04 11:16:33 | INFO | EDA-NB | ----   Set y to bill length --------------------------
2026-06-04 11:16:33 | INFO | EDA-NB | ----   Set the hue (color mapping) to the group column --
2026-06-04 11:16:33 | INFO | EDA-NB | ------- Creating another chart -------
2026-06-04 11:16:33 | INFO | EDA-NB | ------ Creating Box Plot to see Distribution: ---------
2026-06-04 11:16:33 | INFO | EDA-NB | ------   Use clean dataframe --------------------------
2026-06-04 11:16:33 | INFO | EDA-NB | ------   Set x to the group column --------------------
2026-06-04 11:16:33 | INFO | EDA-NB | ------   Set y to flipper length ----------------------
2026-06-04 11:16:34 | INFO | EDA-NB | Creating A Histogram
2026-06-04 11:16:34 | INFO | EDA-NB | Creating A Histogram to see Distribution of flipper length compared by sex
2026-06-04 11:16:34 | INFO | EDA-NB | ========================
2026-06-04 11:16:34 | INFO | EDA-NB | SUMMARY
2026-06-04 11:16:34 | INFO | EDA-NB | ========================
2026-06-04 11:16:34 | INFO | EDA-NB | Dataset: penguins
2026-06-04 11:16:34 | INFO | EDA-NB | Original rows: 344
2026-06-04 11:16:34 | INFO | EDA-NB | Clean rows:    342
2026-06-04 11:16:34 | INFO | EDA-NB | Groups found in species: ['Adelie', 'Chinstrap', 'Gentoo']
2026-06-04 11:16:34 | INFO | EDA-NB | Strongest correlation: 
2026-06-04 11:16:34 | INFO | EDA-NB |   flipper_length_mm and body_mass_g (~0.87)
2026-06-04 11:16:34 | INFO | EDA-NB | Suggested next step: 
2026-06-04 11:16:34 | INFO | EDA-NB |   Model body_mass_g ~ flipper_length_mm with linear regression
2026-06-04 11:16:34 | INFO | EDA-NB | See what other seaborn datasets you can load and explore with the same workflow!
2026-06-04 11:16:34 | INFO | EDA-NB | Available seaborn datasets: ['anagrams', 'anscombe', 'attention', 'brain_networks', 'car_crashes', 'diamonds', 'dots', 'dowjones', 'exercise', 'flights', 'fmri', 'geyser', 'glue', 'healthexp', 'iris', 'mpg', 'penguins', 'planets', 'seaice', 'taxis', 'tips', 'titanic']
2026-06-04 11:16:34 | INFO | EDA-NB | get a sneak peek at the other datasets and see if any look interesting to explore with the same workflow!
2026-06-04 11:16:34 | INFO | EDA-NB | Loading dataset: anagrams
2026-06-04 11:16:34 | INFO | EDA-NB | Summary statistics anagrams:
         subidr       num1      num2       num3
count  20.00000  20.000000  20.00000  20.000000
mean   10.50000   5.350000   5.97500   6.550000
std     5.91608   1.843195   1.67391   1.099043
min     1.00000   2.000000   3.00000   5.000000
25%     5.75000   4.750000   5.00000   6.000000
50%    10.50000   5.500000   5.50000   6.000000
75%    15.25000   6.250000   7.25000   7.000000
max    20.00000   8.000000   9.00000   9.000000

2026-06-04 11:16:34 | INFO | EDA-NB | Loading dataset: anscombe
2026-06-04 11:16:35 | INFO | EDA-NB | Summary statistics anscombe:
               x          y
count  44.000000  44.000000
mean    9.000000   7.500682
std     3.198837   1.958925
min     4.000000   3.100000
25%     7.000000   6.117500
50%     8.000000   7.520000
75%    11.000000   8.747500
max    19.000000  12.740000

2026-06-04 11:16:35 | INFO | EDA-NB | Loading dataset: attention
2026-06-04 11:16:35 | INFO | EDA-NB | Summary statistics attention:
       Unnamed: 0    subject  solutions      score
count   60.000000  60.000000  60.000000  60.000000
mean    29.500000  10.500000   2.000000   5.958333
std     17.464249   5.814943   0.823387   1.621601
min      0.000000   1.000000   1.000000   2.000000
25%     14.750000   5.750000   1.000000   5.000000
50%     29.500000  10.500000   2.000000   6.000000
75%     44.250000  15.250000   3.000000   7.000000
max     59.000000  20.000000   3.000000   9.000000

2026-06-04 11:16:35 | INFO | EDA-NB | Loading dataset: brain_networks
2026-06-04 11:16:35 | INFO | EDA-NB | Summary statistics brain_networks:
       network    1  1.1    2  2.1    3  3.1    4  4.1    5  5.1    6  6.1  6.2  6.3    7                7.1  7.2  \
count      922  922  922  922  922  922  922  922  922  922  922  922  922  922  922  922                922  922   
unique     922  922  922  922  922  922  922  922  922  922  922  922  922  922  922  922                921  922   
top       node    1    1    1    1    1    1    1    1    1    1    1    1    2    2    1  -11.4418306350708    2   
freq         1    1    1    1    1    1    1    1    1    1    1    1    1    1    1    1                  2    1   

                     7.3  7.4  7.5    8  8.1  8.2  8.3  ...   13 13.1 13.2 13.3 13.4 13.5   14 14.1   15 15.1   16  \
count                922  922  922  922  922  922  922  ...  922  922  922  922  922  922  922  922  922  922  922   
unique               921  922  922  922  922  922  922  ...  922  922  922  922  922  922  922  922  922  922  922   
top     60.3055534362793    3    3    1    1    2    2  ...    1    1    2    2    3    4    1    1    1    1    1   
freq                   2    1    1    1    1    1    1  ...    1    1    1    1    1    1    1    1    1    1    1   

       16.1 16.2 16.3 16.4 16.5 16.6 16.7   17 17.1 17.2 17.3 17.4 17.5 17.6  
count   922  922  922  922  922  922  922  922  922  922  922  922  922  922  
unique  922  922  922  922  922  922  922  922  922  922  922  922  922  922  
top       1    2    2    3    3    4    4    1    1    2    2    3    3    4  
freq      1    1    1    1    1    1    1    1    1    1    1    1    1    1  

[4 rows x 63 columns]

2026-06-04 11:16:35 | INFO | EDA-NB | Loading dataset: car_crashes
2026-06-04 11:16:36 | INFO | EDA-NB | Summary statistics car_crashes:
           total   speeding    alcohol  not_distracted  no_previous  ins_premium  ins_losses
count  51.000000  51.000000  51.000000       51.000000    51.000000    51.000000   51.000000
mean   15.790196   4.998196   4.886784       13.573176    14.004882   886.957647  134.493137
std     4.122002   2.017747   1.729133        4.508977     3.764672   178.296285   24.835922
min     5.900000   1.792000   1.593000        1.760000     5.900000   641.960000   82.750000
25%    12.750000   3.766500   3.894000       10.478000    11.348000   768.430000  114.645000
50%    15.600000   4.608000   4.554000       13.857000    13.775000   858.970000  136.050000
75%    18.500000   6.439000   5.604000       16.140000    16.755000  1007.945000  151.870000
max    23.900000   9.450000  10.038000       23.661000    21.280000  1301.520000  194.780000

2026-06-04 11:16:36 | INFO | EDA-NB | Loading dataset: diamonds
2026-06-04 11:16:36 | INFO | EDA-NB | Summary statistics diamonds:
              carat         depth         table         price             x             y             z
count  53940.000000  53940.000000  53940.000000  53940.000000  53940.000000  53940.000000  53940.000000
mean       0.797940     61.749405     57.457184   3932.799722      5.731157      5.734526      3.538734
std        0.474011      1.432621      2.234491   3989.439738      1.121761      1.142135      0.705699
min        0.200000     43.000000     43.000000    326.000000      0.000000      0.000000      0.000000
25%        0.400000     61.000000     56.000000    950.000000      4.710000      4.720000      2.910000
50%        0.700000     61.800000     57.000000   2401.000000      5.700000      5.710000      3.530000
75%        1.040000     62.500000     59.000000   5324.250000      6.540000      6.540000      4.040000
max        5.010000     79.000000     95.000000  18823.000000     10.740000     58.900000     31.800000

2026-06-04 11:16:36 | INFO | EDA-NB | Loading dataset: dots
2026-06-04 11:16:36 | INFO | EDA-NB | Summary statistics dots:
             time   coherence  firing_rate
count  848.000000  848.000000   848.000000
mean    74.150943   12.898113    39.616662
std    284.596669   15.453506    12.232967
min   -600.000000    0.000000     6.275720
25%   -100.000000    3.200000    32.620191
50%     80.000000    6.400000    38.022005
75%    260.000000   12.800000    47.383649
max    720.000000   51.200000    70.048900

2026-06-04 11:16:36 | INFO | EDA-NB | Loading dataset: dowjones
2026-06-04 11:16:37 | INFO | EDA-NB | Summary statistics dowjones:
                             Date       Price
count                         649  649.000000
mean   1941-11-30 17:42:48.258860  290.807319
min           1914-12-01 00:00:00   46.850000
25%           1928-06-01 00:00:00  106.900000
50%           1941-12-01 00:00:00  172.270000
75%           1955-06-01 00:00:00  436.730000
max           1968-12-01 00:00:00  985.930000
std                           NaN  256.062906

2026-06-04 11:16:37 | INFO | EDA-NB | Loading dataset: exercise
2026-06-04 11:16:37 | INFO | EDA-NB | Summary statistics exercise:
       Unnamed: 0         id       pulse
count   90.000000  90.000000   90.000000
mean    44.500000  15.500000   99.700000
std     26.124701   8.703932   14.858471
min      0.000000   1.000000   80.000000
25%     22.250000   8.000000   90.250000
50%     44.500000  15.500000   96.000000
75%     66.750000  23.000000  103.000000
max     89.000000  30.000000  150.000000

2026-06-04 11:16:37 | INFO | EDA-NB | Loading dataset: flights
2026-06-04 11:16:37 | INFO | EDA-NB | Summary statistics flights:
              year  passengers
count   144.000000  144.000000
mean   1954.500000  280.298611
std       3.464102  119.966317
min    1949.000000  104.000000
25%    1951.750000  180.000000
50%    1954.500000  265.500000
75%    1957.250000  360.500000
max    1960.000000  622.000000

2026-06-04 11:16:37 | INFO | EDA-NB | Loading dataset: fmri
2026-06-04 11:16:37 | INFO | EDA-NB | Summary statistics fmri:
         timepoint       signal
count  1064.000000  1064.000000
mean      9.000000     0.003540
std       5.479801     0.093930
min       0.000000    -0.255486
25%       4.000000    -0.046070
50%       9.000000    -0.013653
75%      14.000000     0.024293
max      18.000000     0.564985

2026-06-04 11:16:37 | INFO | EDA-NB | Loading dataset: geyser
2026-06-04 11:16:37 | INFO | EDA-NB | Summary statistics geyser:
         duration     waiting
count  272.000000  272.000000
mean     3.487783   70.897059
std      1.141371   13.594974
min      1.600000   43.000000
25%      2.162750   58.000000
50%      4.000000   76.000000
75%      4.454250   82.000000
max      5.100000   96.000000

2026-06-04 11:16:37 | INFO | EDA-NB | Loading dataset: glue
2026-06-04 11:16:38 | INFO | EDA-NB | Summary statistics glue:
              Year      Score
count    64.000000  64.000000
mean   2018.000000  75.579688
std       0.872872  19.289698
min    2017.000000  11.600000
25%    2017.000000  66.800000
50%    2018.000000  75.500000
75%    2019.000000  92.225000
max    2019.000000  97.800000

2026-06-04 11:16:38 | INFO | EDA-NB | Loading dataset: healthexp
2026-06-04 11:16:38 | INFO | EDA-NB | Summary statistics healthexp:
              Year  Spending_USD  Life_Expectancy
count   274.000000    274.000000       274.000000
mean   1996.992701   2789.338905        77.909489
std      14.180933   2194.939785         3.276263
min    1970.000000    123.993000        70.600000
25%    1985.250000   1038.357000        75.525000
50%    1998.000000   2295.578000        78.100000
75%    2009.000000   4055.610000        80.575000
max    2020.000000  11859.179000        84.700000

2026-06-04 11:16:38 | INFO | EDA-NB | Loading dataset: iris
2026-06-04 11:16:38 | INFO | EDA-NB | Summary statistics iris:
       sepal_length  sepal_width  petal_length  petal_width
count    150.000000   150.000000    150.000000   150.000000
mean       5.843333     3.057333      3.758000     1.199333
std        0.828066     0.435866      1.765298     0.762238
min        4.300000     2.000000      1.000000     0.100000
25%        5.100000     2.800000      1.600000     0.300000
50%        5.800000     3.000000      4.350000     1.300000
75%        6.400000     3.300000      5.100000     1.800000
max        7.900000     4.400000      6.900000     2.500000

2026-06-04 11:16:38 | INFO | EDA-NB | Loading dataset: mpg
2026-06-04 11:16:38 | INFO | EDA-NB | Summary statistics mpg:
              mpg   cylinders  displacement  horsepower       weight  acceleration  model_year
count  398.000000  398.000000    398.000000  392.000000   398.000000    398.000000  398.000000
mean    23.514573    5.454774    193.425879  104.469388  2970.424623     15.568090   76.010050
std      7.815984    1.701004    104.269838   38.491160   846.841774      2.757689    3.697627
min      9.000000    3.000000     68.000000   46.000000  1613.000000      8.000000   70.000000
25%     17.500000    4.000000    104.250000   75.000000  2223.750000     13.825000   73.000000
50%     23.000000    4.000000    148.500000   93.500000  2803.500000     15.500000   76.000000
75%     29.000000    8.000000    262.000000  126.000000  3608.000000     17.175000   79.000000
max     46.600000    8.000000    455.000000  230.000000  5140.000000     24.800000   82.000000

2026-06-04 11:16:38 | INFO | EDA-NB | Loading dataset: penguins
2026-06-04 11:16:38 | INFO | EDA-NB | Summary statistics penguins:
       bill_length_mm  bill_depth_mm  flipper_length_mm  body_mass_g
count      342.000000     342.000000         342.000000   342.000000
mean        43.921930      17.151170         200.915205  4201.754386
std          5.459584       1.974793          14.061714   801.954536
min         32.100000      13.100000         172.000000  2700.000000
25%         39.225000      15.600000         190.000000  3550.000000
50%         44.450000      17.300000         197.000000  4050.000000
75%         48.500000      18.700000         213.000000  4750.000000
max         59.600000      21.500000         231.000000  6300.000000

2026-06-04 11:16:38 | INFO | EDA-NB | Loading dataset: planets
2026-06-04 11:16:39 | INFO | EDA-NB | Summary statistics planets:
            number  orbital_period        mass     distance         year
count  1035.000000      992.000000  513.000000   808.000000  1035.000000
mean      1.785507     2002.917596    2.638161   264.069282  2009.070531
std       1.240976    26014.728304    3.818617   733.116493     3.972567
min       1.000000        0.090706    0.003600     1.350000  1989.000000
25%       1.000000        5.442540    0.229000    32.560000  2007.000000
50%       1.000000       39.979500    1.260000    55.250000  2010.000000
75%       2.000000      526.005000    3.040000   178.500000  2012.000000
max       7.000000   730000.000000   25.000000  8500.000000  2014.000000

2026-06-04 11:16:39 | INFO | EDA-NB | Loading dataset: seaice
2026-06-04 11:16:39 | INFO | EDA-NB | Summary statistics seaice:
                             Date        Extent
count                       13175  13175.000000
mean   2001-09-30 12:50:39.574952     11.289508
min           1980-01-01 00:00:00      3.340000
25%           1992-12-11 12:00:00      8.551500
50%           2001-12-18 00:00:00     11.982000
75%           2010-12-24 12:00:00     14.204500
max           2019-12-31 00:00:00     16.412000
std                           NaN      3.284901

2026-06-04 11:16:39 | INFO | EDA-NB | Loading dataset: taxis
2026-06-04 11:16:40 | INFO | EDA-NB | Summary statistics taxis:
                           pickup                     dropoff   passengers     distance         fare         tip  \
count                        6433                        6433  6433.000000  6433.000000  6433.000000  6433.00000   
mean   2019-03-16 08:31:28.514223  2019-03-16 08:45:49.491216     1.539251     3.024617    13.091073     1.97922   
min           2019-02-28 23:29:03         2019-02-28 23:32:35     0.000000     0.000000     1.000000     0.00000   
25%           2019-03-08 15:50:34         2019-03-08 16:12:51     1.000000     0.980000     6.500000     0.00000   
50%           2019-03-15 21:46:58         2019-03-15 22:06:44     1.000000     1.640000     9.500000     1.70000   
75%           2019-03-23 17:41:38         2019-03-23 17:51:56     2.000000     3.210000    15.000000     2.80000   
max           2019-03-31 23:43:45         2019-04-01 00:13:58     6.000000    36.700000   150.000000    33.20000   
std                           NaN                         NaN     1.203768     3.827867    11.551804     2.44856   

             tolls        total  
count  6433.000000  6433.000000  
mean      0.325273    18.517794  
min       0.000000     1.300000  
25%       0.000000    10.800000  
50%       0.000000    14.160000  
75%       0.000000    20.300000  
max      24.020000   174.820000  
std       1.415267    13.815570  

2026-06-04 11:16:40 | INFO | EDA-NB | Loading dataset: tips
2026-06-04 11:16:40 | INFO | EDA-NB | Summary statistics tips:
       total_bill         tip        size
count  244.000000  244.000000  244.000000
mean    19.785943    2.998279    2.569672
std      8.902412    1.383638    0.951100
min      3.070000    1.000000    1.000000
25%     13.347500    2.000000    2.000000
50%     17.795000    2.900000    2.000000
75%     24.127500    3.562500    3.000000
max     50.810000   10.000000    6.000000

2026-06-04 11:16:40 | INFO | EDA-NB | Loading dataset: titanic
2026-06-04 11:16:40 | INFO | EDA-NB | Summary statistics titanic:
         survived      pclass         age       sibsp       parch        fare
count  891.000000  891.000000  714.000000  891.000000  891.000000  891.000000
mean     0.383838    2.308642   29.699118    0.523008    0.381594   32.204208
std      0.486592    0.836071   14.526497    1.102743    0.806057   49.693429
min      0.000000    1.000000    0.420000    0.000000    0.000000    0.000000
25%      0.000000    2.000000   20.125000    0.000000    0.000000    7.910400
50%      0.000000    3.000000   28.000000    0.000000    0.000000   14.454200
75%      1.000000    3.000000   38.000000    1.000000    0.000000   31.000000
max      1.000000    3.000000   80.000000    8.000000    6.000000  512.329200

2026-06-04 11:16:40 | INFO | EDA-NB | EDA workflow complete
2026-06-04 11:16:40 | INFO | EDA-NB | IMPORTANT: This script creates chart windows.
2026-06-04 11:16:40 | INFO | EDA-NB | Close any chart windows and terminate this process with CTRL+c as needed.
2026-06-04 11:16:40 | INFO | EDA-NB | ========================
2026-06-04 11:16:40 | INFO | EDA-NB | Executed successfully!
2026-06-04 11:16:40 | INFO | EDA-NB | ========================
2026-06-04 11:18:57 | INFO | EDA-NB | === RUN START ===
2026-06-04 11:18:57 | INFO | EDA-NB | project=EDA-NB
2026-06-04 11:18:57 | INFO | EDA-NB | repo_dir=datafun-04-notebooks
2026-06-04 11:18:57 | INFO | EDA-NB | python=3.14.0
2026-06-04 11:18:57 | INFO | EDA-NB | os=Windows 11
2026-06-04 11:18:57 | INFO | EDA-NB | shell=powershell
2026-06-04 11:18:57 | INFO | EDA-NB | cwd=notebooks
2026-06-04 11:18:57 | INFO | EDA-NB | github_actions=False
2026-06-04 11:18:57 | INFO | EDA-NB | Imports complete.
2026-06-04 11:18:57 | INFO | EDA-NB | Loading dataset: penguins
2026-06-04 11:18:57 | INFO | EDA-NB | Loaded: 344 rows, 7 columns
2026-06-04 11:18:57 | INFO | EDA-NB | Previewing first few rows of the dataset
2026-06-04 11:18:58 | INFO | EDA-NB | Column names
2026-06-04 11:18:58 | INFO | EDA-NB | DataFrame info (types and non-null counts)
2026-06-04 11:18:58 | INFO | EDA-NB | Dataset shape: 344 rows, 7 columns
2026-06-04 11:18:58 | INFO | EDA-NB | Building starter data dictionary
2026-06-04 11:18:58 | DEBUG | EDA-NB | 
              column    dtype  missing_count  missing_pct
0            species      str              0         0.00
1             island      str              0         0.00
2     bill_length_mm  float64              2         0.58
3      bill_depth_mm  float64              2         0.58
4  flipper_length_mm  float64              2         0.58
5        body_mass_g  float64              2         0.58
6                sex      str             11         3.20
2026-06-04 11:18:58 | INFO | EDA-NB | Missing values per column:
2026-06-04 11:18:58 | INFO | EDA-NB | species               0
island                0
bill_length_mm        2
bill_depth_mm         2
flipper_length_mm     2
body_mass_g           2
sex                  11
dtype: int64
2026-06-04 11:18:58 | INFO | EDA-NB | Checking missing values per column
2026-06-04 11:18:58 | DEBUG | EDA-NB | 
sex                  11
bill_depth_mm         2
bill_length_mm        2
flipper_length_mm     2
body_mass_g           2
island                0
species               0
dtype: int64
2026-06-04 11:18:58 | INFO | EDA-NB | Duplicate rows detected: 0
2026-06-04 11:18:58 | INFO | EDA-NB | Call describe() for numeric columns
2026-06-04 11:18:58 | DEBUG | EDA-NB | 
       bill_length_mm  bill_depth_mm  flipper_length_mm  body_mass_g
count      342.000000     342.000000         342.000000   342.000000
mean        43.921930      17.151170         200.915205  4201.754386
std          5.459584       1.974793          14.061714   801.954536
min         32.100000      13.100000         172.000000  2700.000000
25%         39.225000      15.600000         190.000000  3550.000000
50%         44.450000      17.300000         197.000000  4050.000000
75%         48.500000      18.700000         213.000000  4750.000000
max         59.600000      21.500000         231.000000  6300.000000

2026-06-04 11:18:58 | DEBUG | EDA-NB | Columns required to be non-missing: ['bill_length_mm', 'bill_depth_mm', 'flipper_length_mm', 'body_mass_g', 'species']
2026-06-04 11:18:58 | INFO | EDA-NB | Original rows: 344
2026-06-04 11:18:58 | INFO | EDA-NB | Clean rows:    342
2026-06-04 11:18:58 | INFO | EDA-NB | Rows dropped:  2
2026-06-04 11:18:58 | INFO | EDA-NB | --------------- Manual statistics ---------------
2026-06-04 11:18:58 | INFO | EDA-NB | Body Mass Statistics (using numpy):
2026-06-04 11:18:58 | INFO | EDA-NB |   Mean: 4201.75 g
2026-06-04 11:18:58 | INFO | EDA-NB |   Std Dev: 800.78 g
2026-06-04 11:18:58 | INFO | EDA-NB |   Min: 2700.00 g
2026-06-04 11:18:58 | INFO | EDA-NB |   Max: 6300.00 g
2026-06-04 11:18:58 | INFO | EDA-NB |   Range: 3600.00 g
2026-06-04 11:18:58 | INFO | EDA-NB | Computing overall descriptive statistics
2026-06-04 11:18:58 | DEBUG | EDA-NB | 
                   count         mean         std     min       25%      50%     75%     max
bill_length_mm     342.0    43.921930    5.459584    32.1    39.225    44.45    48.5    59.6
bill_depth_mm      342.0    17.151170    1.974793    13.1    15.600    17.30    18.7    21.5
flipper_length_mm  342.0   200.915205   14.061714   172.0   190.000   197.00   213.0   231.0
body_mass_g        342.0  4201.754386  801.954536  2700.0  3550.000  4050.00  4750.0  6300.0
2026-06-04 11:18:58 | INFO | EDA-NB | --------------- Using pandas groupby() and agg() ---------------
2026-06-04 11:18:58 | INFO | EDA-NB | Computing descriptive statistics by group
2026-06-04 11:18:58 | DEBUG | EDA-NB | 
          bill_length_mm                                  bill_depth_mm                                   \
                   count       mean       std   min   max         count       mean       std   min   max   
species                                                                                                    
Adelie               151  38.791391  2.663405  32.1  46.0           151  18.346358  1.216650  15.5  21.5   
Chinstrap             68  48.833824  3.339256  40.9  58.0            68  18.420588  1.135395  16.4  20.8   
Gentoo               123  47.504878  3.081857  40.9  59.6           123  14.982114  0.981220  13.1  17.3   

          flipper_length_mm                                     body_mass_g                                           
                      count        mean       std    min    max       count         mean         std     min     max  
species                                                                                                               
Adelie                  151  189.953642  6.539457  172.0  210.0         151  3700.662252  458.566126  2850.0  4775.0  
Chinstrap                68  195.823529  7.131894  178.0  212.0          68  3733.088235  384.335081  2700.0  4800.0  
Gentoo                  123  217.186992  6.484976  203.0  231.0         123  5076.016260  504.116237  3950.0  6300.0  
2026-06-04 11:18:58 | INFO | EDA-NB | --------------- Improving the output ---------------
2026-06-04 11:18:58 | DEBUG | EDA-NB | 
                             count         mean         std     min     max
species                                                                    
Adelie    bill_length_mm       151    38.791391    2.663405    32.1    46.0
          bill_depth_mm        151    18.346358    1.216650    15.5    21.5
          flipper_length_mm    151   189.953642    6.539457   172.0   210.0
          body_mass_g          151  3700.662252  458.566126  2850.0  4775.0
Chinstrap bill_length_mm        68    48.833824    3.339256    40.9    58.0
          bill_depth_mm         68    18.420588    1.135395    16.4    20.8
          flipper_length_mm     68   195.823529    7.131894   178.0   212.0
          body_mass_g           68  3733.088235  384.335081  2700.0  4800.0
Gentoo    bill_length_mm       123    47.504878    3.081857    40.9    59.6
          bill_depth_mm        123    14.982114    0.981220    13.1    17.3
          flipper_length_mm    123   217.186992    6.484976   203.0   231.0
          body_mass_g          123  5076.016260  504.116237  3950.0  6300.0
2026-06-04 11:18:58 | INFO | EDA-NB | Computing correlation matrix for numeric columns
2026-06-04 11:18:58 | INFO | EDA-NB | 
Correlation matrix:
2026-06-04 11:18:58 | DEBUG | EDA-NB | 
                   bill_length_mm  bill_depth_mm  flipper_length_mm  body_mass_g
bill_length_mm           1.000000      -0.235053           0.656181     0.595110
bill_depth_mm           -0.235053       1.000000          -0.583851    -0.471916
flipper_length_mm        0.656181      -0.583851           1.000000     0.871202
body_mass_g              0.595110      -0.471916           0.871202     1.000000
2026-06-04 11:18:58 | INFO | EDA-NB | ---------Visualize Correlation Matrix as a Heatmap---------------
2026-06-04 11:18:59 | INFO | EDA-NB | ---- Creating Scatter Plot to see Relationships ------
2026-06-04 11:18:59 | INFO | EDA-NB | ----   Use clean dataframe ---------------------------
2026-06-04 11:18:59 | INFO | EDA-NB | ----   Set x to flipper length -----------------------
2026-06-04 11:18:59 | INFO | EDA-NB | ----   Set y to bill length --------------------------
2026-06-04 11:18:59 | INFO | EDA-NB | ----   Set the hue (color mapping) to the group column --
2026-06-04 11:18:59 | INFO | EDA-NB | ------- Creating another chart -------
2026-06-04 11:18:59 | INFO | EDA-NB | ------ Creating Box Plot to see Distribution: ---------
2026-06-04 11:18:59 | INFO | EDA-NB | ------   Use clean dataframe --------------------------
2026-06-04 11:18:59 | INFO | EDA-NB | ------   Set x to the group column --------------------
2026-06-04 11:18:59 | INFO | EDA-NB | ------   Set y to flipper length ----------------------
2026-06-04 11:18:59 | INFO | EDA-NB | Creating A Histogram
2026-06-04 11:18:59 | INFO | EDA-NB | Creating A Histogram to see Distribution of flipper length compared by sex
2026-06-04 11:19:00 | INFO | EDA-NB | ========================
2026-06-04 11:19:00 | INFO | EDA-NB | SUMMARY
2026-06-04 11:19:00 | INFO | EDA-NB | ========================
2026-06-04 11:19:00 | INFO | EDA-NB | Dataset: penguins
2026-06-04 11:19:00 | INFO | EDA-NB | Original rows: 344
2026-06-04 11:19:00 | INFO | EDA-NB | Clean rows:    342
2026-06-04 11:19:00 | INFO | EDA-NB | Groups found in species: ['Adelie', 'Chinstrap', 'Gentoo']
2026-06-04 11:19:00 | INFO | EDA-NB | Strongest correlation: 
2026-06-04 11:19:00 | INFO | EDA-NB |   flipper_length_mm and body_mass_g (~0.87)
2026-06-04 11:19:00 | INFO | EDA-NB | Suggested next step: 
2026-06-04 11:19:00 | INFO | EDA-NB |   Model body_mass_g ~ flipper_length_mm with linear regression
2026-06-04 11:19:00 | INFO | EDA-NB | See what other seaborn datasets you can load and explore with the same workflow!
2026-06-04 11:19:00 | INFO | EDA-NB | Available seaborn datasets: ['anagrams', 'anscombe', 'attention', 'brain_networks', 'car_crashes', 'diamonds', 'dots', 'dowjones', 'exercise', 'flights', 'fmri', 'geyser', 'glue', 'healthexp', 'iris', 'mpg', 'penguins', 'planets', 'seaice', 'taxis', 'tips', 'titanic'], <class 'list'>
2026-06-04 11:19:00 | INFO | EDA-NB | get a sneak peek at the other datasets and see if any look interesting to explore with the same workflow!
2026-06-04 11:19:00 | INFO | EDA-NB | Loading dataset: anagrams
2026-06-04 11:19:00 | INFO | EDA-NB | Summary statistics anagrams:
         subidr       num1      num2       num3
count  20.00000  20.000000  20.00000  20.000000
mean   10.50000   5.350000   5.97500   6.550000
std     5.91608   1.843195   1.67391   1.099043
min     1.00000   2.000000   3.00000   5.000000
25%     5.75000   4.750000   5.00000   6.000000
50%    10.50000   5.500000   5.50000   6.000000
75%    15.25000   6.250000   7.25000   7.000000
max    20.00000   8.000000   9.00000   9.000000

2026-06-04 11:19:00 | INFO | EDA-NB | Loading dataset: anscombe
2026-06-04 11:19:00 | INFO | EDA-NB | Summary statistics anscombe:
               x          y
count  44.000000  44.000000
mean    9.000000   7.500682
std     3.198837   1.958925
min     4.000000   3.100000
25%     7.000000   6.117500
50%     8.000000   7.520000
75%    11.000000   8.747500
max    19.000000  12.740000

2026-06-04 11:19:00 | INFO | EDA-NB | Loading dataset: attention
2026-06-04 11:19:00 | INFO | EDA-NB | Summary statistics attention:
       Unnamed: 0    subject  solutions      score
count   60.000000  60.000000  60.000000  60.000000
mean    29.500000  10.500000   2.000000   5.958333
std     17.464249   5.814943   0.823387   1.621601
min      0.000000   1.000000   1.000000   2.000000
25%     14.750000   5.750000   1.000000   5.000000
50%     29.500000  10.500000   2.000000   6.000000
75%     44.250000  15.250000   3.000000   7.000000
max     59.000000  20.000000   3.000000   9.000000

2026-06-04 11:19:00 | INFO | EDA-NB | Loading dataset: brain_networks
2026-06-04 11:19:00 | INFO | EDA-NB | Summary statistics brain_networks:
       network    1  1.1    2  2.1    3  3.1    4  4.1    5  5.1    6  6.1  6.2  6.3    7                7.1  7.2  \
count      922  922  922  922  922  922  922  922  922  922  922  922  922  922  922  922                922  922   
unique     922  922  922  922  922  922  922  922  922  922  922  922  922  922  922  922                921  922   
top       node    1    1    1    1    1    1    1    1    1    1    1    1    2    2    1  -11.4418306350708    2   
freq         1    1    1    1    1    1    1    1    1    1    1    1    1    1    1    1                  2    1   

                     7.3  7.4  7.5    8  8.1  8.2  8.3  ...   13 13.1 13.2 13.3 13.4 13.5   14 14.1   15 15.1   16  \
count                922  922  922  922  922  922  922  ...  922  922  922  922  922  922  922  922  922  922  922   
unique               921  922  922  922  922  922  922  ...  922  922  922  922  922  922  922  922  922  922  922   
top     60.3055534362793    3    3    1    1    2    2  ...    1    1    2    2    3    4    1    1    1    1    1   
freq                   2    1    1    1    1    1    1  ...    1    1    1    1    1    1    1    1    1    1    1   

       16.1 16.2 16.3 16.4 16.5 16.6 16.7   17 17.1 17.2 17.3 17.4 17.5 17.6  
count   922  922  922  922  922  922  922  922  922  922  922  922  922  922  
unique  922  922  922  922  922  922  922  922  922  922  922  922  922  922  
top       1    2    2    3    3    4    4    1    1    2    2    3    3    4  
freq      1    1    1    1    1    1    1    1    1    1    1    1    1    1  

[4 rows x 63 columns]

2026-06-04 11:19:00 | INFO | EDA-NB | Loading dataset: car_crashes
2026-06-04 11:19:00 | INFO | EDA-NB | Summary statistics car_crashes:
           total   speeding    alcohol  not_distracted  no_previous  ins_premium  ins_losses
count  51.000000  51.000000  51.000000       51.000000    51.000000    51.000000   51.000000
mean   15.790196   4.998196   4.886784       13.573176    14.004882   886.957647  134.493137
std     4.122002   2.017747   1.729133        4.508977     3.764672   178.296285   24.835922
min     5.900000   1.792000   1.593000        1.760000     5.900000   641.960000   82.750000
25%    12.750000   3.766500   3.894000       10.478000    11.348000   768.430000  114.645000
50%    15.600000   4.608000   4.554000       13.857000    13.775000   858.970000  136.050000
75%    18.500000   6.439000   5.604000       16.140000    16.755000  1007.945000  151.870000
max    23.900000   9.450000  10.038000       23.661000    21.280000  1301.520000  194.780000

2026-06-04 11:19:00 | INFO | EDA-NB | Loading dataset: diamonds
2026-06-04 11:19:00 | INFO | EDA-NB | Summary statistics diamonds:
              carat         depth         table         price             x             y             z
count  53940.000000  53940.000000  53940.000000  53940.000000  53940.000000  53940.000000  53940.000000
mean       0.797940     61.749405     57.457184   3932.799722      5.731157      5.734526      3.538734
std        0.474011      1.432621      2.234491   3989.439738      1.121761      1.142135      0.705699
min        0.200000     43.000000     43.000000    326.000000      0.000000      0.000000      0.000000
25%        0.400000     61.000000     56.000000    950.000000      4.710000      4.720000      2.910000
50%        0.700000     61.800000     57.000000   2401.000000      5.700000      5.710000      3.530000
75%        1.040000     62.500000     59.000000   5324.250000      6.540000      6.540000      4.040000
max        5.010000     79.000000     95.000000  18823.000000     10.740000     58.900000     31.800000

2026-06-04 11:19:00 | INFO | EDA-NB | Loading dataset: dots
2026-06-04 11:19:00 | INFO | EDA-NB | Summary statistics dots:
             time   coherence  firing_rate
count  848.000000  848.000000   848.000000
mean    74.150943   12.898113    39.616662
std    284.596669   15.453506    12.232967
min   -600.000000    0.000000     6.275720
25%   -100.000000    3.200000    32.620191
50%     80.000000    6.400000    38.022005
75%    260.000000   12.800000    47.383649
max    720.000000   51.200000    70.048900

2026-06-04 11:19:00 | INFO | EDA-NB | Loading dataset: dowjones
2026-06-04 11:19:00 | INFO | EDA-NB | Summary statistics dowjones:
                             Date       Price
count                         649  649.000000
mean   1941-11-30 17:42:48.258860  290.807319
min           1914-12-01 00:00:00   46.850000
25%           1928-06-01 00:00:00  106.900000
50%           1941-12-01 00:00:00  172.270000
75%           1955-06-01 00:00:00  436.730000
max           1968-12-01 00:00:00  985.930000
std                           NaN  256.062906

2026-06-04 11:19:00 | INFO | EDA-NB | Loading dataset: exercise
2026-06-04 11:19:00 | INFO | EDA-NB | Summary statistics exercise:
       Unnamed: 0         id       pulse
count   90.000000  90.000000   90.000000
mean    44.500000  15.500000   99.700000
std     26.124701   8.703932   14.858471
min      0.000000   1.000000   80.000000
25%     22.250000   8.000000   90.250000
50%     44.500000  15.500000   96.000000
75%     66.750000  23.000000  103.000000
max     89.000000  30.000000  150.000000

2026-06-04 11:19:00 | INFO | EDA-NB | Loading dataset: flights
2026-06-04 11:19:00 | INFO | EDA-NB | Summary statistics flights:
              year  passengers
count   144.000000  144.000000
mean   1954.500000  280.298611
std       3.464102  119.966317
min    1949.000000  104.000000
25%    1951.750000  180.000000
50%    1954.500000  265.500000
75%    1957.250000  360.500000
max    1960.000000  622.000000

2026-06-04 11:19:00 | INFO | EDA-NB | Loading dataset: fmri
2026-06-04 11:19:00 | INFO | EDA-NB | Summary statistics fmri:
         timepoint       signal
count  1064.000000  1064.000000
mean      9.000000     0.003540
std       5.479801     0.093930
min       0.000000    -0.255486
25%       4.000000    -0.046070
50%       9.000000    -0.013653
75%      14.000000     0.024293
max      18.000000     0.564985

2026-06-04 11:19:00 | INFO | EDA-NB | Loading dataset: geyser
2026-06-04 11:19:00 | INFO | EDA-NB | Summary statistics geyser:
         duration     waiting
count  272.000000  272.000000
mean     3.487783   70.897059
std      1.141371   13.594974
min      1.600000   43.000000
25%      2.162750   58.000000
50%      4.000000   76.000000
75%      4.454250   82.000000
max      5.100000   96.000000

2026-06-04 11:19:00 | INFO | EDA-NB | Loading dataset: glue
2026-06-04 11:19:00 | INFO | EDA-NB | Summary statistics glue:
              Year      Score
count    64.000000  64.000000
mean   2018.000000  75.579688
std       0.872872  19.289698
min    2017.000000  11.600000
25%    2017.000000  66.800000
50%    2018.000000  75.500000
75%    2019.000000  92.225000
max    2019.000000  97.800000

2026-06-04 11:19:00 | INFO | EDA-NB | Loading dataset: healthexp
2026-06-04 11:19:00 | INFO | EDA-NB | Summary statistics healthexp:
              Year  Spending_USD  Life_Expectancy
count   274.000000    274.000000       274.000000
mean   1996.992701   2789.338905        77.909489
std      14.180933   2194.939785         3.276263
min    1970.000000    123.993000        70.600000
25%    1985.250000   1038.357000        75.525000
50%    1998.000000   2295.578000        78.100000
75%    2009.000000   4055.610000        80.575000
max    2020.000000  11859.179000        84.700000

2026-06-04 11:19:00 | INFO | EDA-NB | Loading dataset: iris
2026-06-04 11:19:00 | INFO | EDA-NB | Summary statistics iris:
       sepal_length  sepal_width  petal_length  petal_width
count    150.000000   150.000000    150.000000   150.000000
mean       5.843333     3.057333      3.758000     1.199333
std        0.828066     0.435866      1.765298     0.762238
min        4.300000     2.000000      1.000000     0.100000
25%        5.100000     2.800000      1.600000     0.300000
50%        5.800000     3.000000      4.350000     1.300000
75%        6.400000     3.300000      5.100000     1.800000
max        7.900000     4.400000      6.900000     2.500000

2026-06-04 11:19:00 | INFO | EDA-NB | Loading dataset: mpg
2026-06-04 11:19:00 | INFO | EDA-NB | Summary statistics mpg:
              mpg   cylinders  displacement  horsepower       weight  acceleration  model_year
count  398.000000  398.000000    398.000000  392.000000   398.000000    398.000000  398.000000
mean    23.514573    5.454774    193.425879  104.469388  2970.424623     15.568090   76.010050
std      7.815984    1.701004    104.269838   38.491160   846.841774      2.757689    3.697627
min      9.000000    3.000000     68.000000   46.000000  1613.000000      8.000000   70.000000
25%     17.500000    4.000000    104.250000   75.000000  2223.750000     13.825000   73.000000
50%     23.000000    4.000000    148.500000   93.500000  2803.500000     15.500000   76.000000
75%     29.000000    8.000000    262.000000  126.000000  3608.000000     17.175000   79.000000
max     46.600000    8.000000    455.000000  230.000000  5140.000000     24.800000   82.000000

2026-06-04 11:19:00 | INFO | EDA-NB | Loading dataset: penguins
2026-06-04 11:19:00 | INFO | EDA-NB | Summary statistics penguins:
       bill_length_mm  bill_depth_mm  flipper_length_mm  body_mass_g
count      342.000000     342.000000         342.000000   342.000000
mean        43.921930      17.151170         200.915205  4201.754386
std          5.459584       1.974793          14.061714   801.954536
min         32.100000      13.100000         172.000000  2700.000000
25%         39.225000      15.600000         190.000000  3550.000000
50%         44.450000      17.300000         197.000000  4050.000000
75%         48.500000      18.700000         213.000000  4750.000000
max         59.600000      21.500000         231.000000  6300.000000

2026-06-04 11:19:00 | INFO | EDA-NB | Loading dataset: planets
2026-06-04 11:19:00 | INFO | EDA-NB | Summary statistics planets:
            number  orbital_period        mass     distance         year
count  1035.000000      992.000000  513.000000   808.000000  1035.000000
mean      1.785507     2002.917596    2.638161   264.069282  2009.070531
std       1.240976    26014.728304    3.818617   733.116493     3.972567
min       1.000000        0.090706    0.003600     1.350000  1989.000000
25%       1.000000        5.442540    0.229000    32.560000  2007.000000
50%       1.000000       39.979500    1.260000    55.250000  2010.000000
75%       2.000000      526.005000    3.040000   178.500000  2012.000000
max       7.000000   730000.000000   25.000000  8500.000000  2014.000000

2026-06-04 11:19:00 | INFO | EDA-NB | Loading dataset: seaice
2026-06-04 11:19:00 | INFO | EDA-NB | Summary statistics seaice:
                             Date        Extent
count                       13175  13175.000000
mean   2001-09-30 12:50:39.574952     11.289508
min           1980-01-01 00:00:00      3.340000
25%           1992-12-11 12:00:00      8.551500
50%           2001-12-18 00:00:00     11.982000
75%           2010-12-24 12:00:00     14.204500
max           2019-12-31 00:00:00     16.412000
std                           NaN      3.284901

2026-06-04 11:19:00 | INFO | EDA-NB | Loading dataset: taxis
2026-06-04 11:19:00 | INFO | EDA-NB | Summary statistics taxis:
                           pickup                     dropoff   passengers     distance         fare         tip  \
count                        6433                        6433  6433.000000  6433.000000  6433.000000  6433.00000   
mean   2019-03-16 08:31:28.514223  2019-03-16 08:45:49.491216     1.539251     3.024617    13.091073     1.97922   
min           2019-02-28 23:29:03         2019-02-28 23:32:35     0.000000     0.000000     1.000000     0.00000   
25%           2019-03-08 15:50:34         2019-03-08 16:12:51     1.000000     0.980000     6.500000     0.00000   
50%           2019-03-15 21:46:58         2019-03-15 22:06:44     1.000000     1.640000     9.500000     1.70000   
75%           2019-03-23 17:41:38         2019-03-23 17:51:56     2.000000     3.210000    15.000000     2.80000   
max           2019-03-31 23:43:45         2019-04-01 00:13:58     6.000000    36.700000   150.000000    33.20000   
std                           NaN                         NaN     1.203768     3.827867    11.551804     2.44856   

             tolls        total  
count  6433.000000  6433.000000  
mean      0.325273    18.517794  
min       0.000000     1.300000  
25%       0.000000    10.800000  
50%       0.000000    14.160000  
75%       0.000000    20.300000  
max      24.020000   174.820000  
std       1.415267    13.815570  

2026-06-04 11:19:00 | INFO | EDA-NB | Loading dataset: tips
2026-06-04 11:19:01 | INFO | EDA-NB | Summary statistics tips:
       total_bill         tip        size
count  244.000000  244.000000  244.000000
mean    19.785943    2.998279    2.569672
std      8.902412    1.383638    0.951100
min      3.070000    1.000000    1.000000
25%     13.347500    2.000000    2.000000
50%     17.795000    2.900000    2.000000
75%     24.127500    3.562500    3.000000
max     50.810000   10.000000    6.000000

2026-06-04 11:19:01 | INFO | EDA-NB | Loading dataset: titanic
2026-06-04 11:19:01 | INFO | EDA-NB | Summary statistics titanic:
         survived      pclass         age       sibsp       parch        fare
count  891.000000  891.000000  714.000000  891.000000  891.000000  891.000000
mean     0.383838    2.308642   29.699118    0.523008    0.381594   32.204208
std      0.486592    0.836071   14.526497    1.102743    0.806057   49.693429
min      0.000000    1.000000    0.420000    0.000000    0.000000    0.000000
25%      0.000000    2.000000   20.125000    0.000000    0.000000    7.910400
50%      0.000000    3.000000   28.000000    0.000000    0.000000   14.454200
75%      1.000000    3.000000   38.000000    1.000000    0.000000   31.000000
max      1.000000    3.000000   80.000000    8.000000    6.000000  512.329200

2026-06-04 11:19:01 | INFO | EDA-NB | EDA workflow complete
2026-06-04 11:19:01 | INFO | EDA-NB | IMPORTANT: This script creates chart windows.
2026-06-04 11:19:01 | INFO | EDA-NB | Close any chart windows and terminate this process with CTRL+c as needed.
2026-06-04 11:19:01 | INFO | EDA-NB | ========================
2026-06-04 11:19:01 | INFO | EDA-NB | Executed successfully!
2026-06-04 11:19:01 | INFO | EDA-NB | ========================
2026-06-04 11:19:55 | INFO | EDA-NB | === RUN START ===
2026-06-04 11:19:55 | INFO | EDA-NB | project=EDA-NB
2026-06-04 11:19:55 | INFO | EDA-NB | repo_dir=datafun-04-notebooks
2026-06-04 11:19:55 | INFO | EDA-NB | python=3.14.0
2026-06-04 11:19:55 | INFO | EDA-NB | os=Windows 11
2026-06-04 11:19:55 | INFO | EDA-NB | shell=powershell
2026-06-04 11:19:55 | INFO | EDA-NB | cwd=notebooks
2026-06-04 11:19:55 | INFO | EDA-NB | github_actions=False
2026-06-04 11:19:55 | INFO | EDA-NB | Imports complete.
2026-06-04 11:19:55 | INFO | EDA-NB | Loading dataset: penguins
2026-06-04 11:19:55 | INFO | EDA-NB | Loaded: 344 rows, 7 columns
2026-06-04 11:19:55 | INFO | EDA-NB | Previewing first few rows of the dataset
2026-06-04 11:19:55 | INFO | EDA-NB | Column names
2026-06-04 11:19:55 | INFO | EDA-NB | DataFrame info (types and non-null counts)
2026-06-04 11:19:55 | INFO | EDA-NB | Dataset shape: 344 rows, 7 columns
2026-06-04 11:19:55 | INFO | EDA-NB | Building starter data dictionary
2026-06-04 11:19:55 | DEBUG | EDA-NB | 
              column    dtype  missing_count  missing_pct
0            species      str              0         0.00
1             island      str              0         0.00
2     bill_length_mm  float64              2         0.58
3      bill_depth_mm  float64              2         0.58
4  flipper_length_mm  float64              2         0.58
5        body_mass_g  float64              2         0.58
6                sex      str             11         3.20
2026-06-04 11:19:55 | INFO | EDA-NB | Missing values per column:
2026-06-04 11:19:55 | INFO | EDA-NB | species               0
island                0
bill_length_mm        2
bill_depth_mm         2
flipper_length_mm     2
body_mass_g           2
sex                  11
dtype: int64
2026-06-04 11:19:55 | INFO | EDA-NB | Checking missing values per column
2026-06-04 11:19:55 | DEBUG | EDA-NB | 
sex                  11
bill_depth_mm         2
bill_length_mm        2
flipper_length_mm     2
body_mass_g           2
island                0
species               0
dtype: int64
2026-06-04 11:19:55 | INFO | EDA-NB | Duplicate rows detected: 0
2026-06-04 11:19:55 | INFO | EDA-NB | Call describe() for numeric columns
2026-06-04 11:19:55 | DEBUG | EDA-NB | 
       bill_length_mm  bill_depth_mm  flipper_length_mm  body_mass_g
count      342.000000     342.000000         342.000000   342.000000
mean        43.921930      17.151170         200.915205  4201.754386
std          5.459584       1.974793          14.061714   801.954536
min         32.100000      13.100000         172.000000  2700.000000
25%         39.225000      15.600000         190.000000  3550.000000
50%         44.450000      17.300000         197.000000  4050.000000
75%         48.500000      18.700000         213.000000  4750.000000
max         59.600000      21.500000         231.000000  6300.000000

2026-06-04 11:19:55 | DEBUG | EDA-NB | Columns required to be non-missing: ['bill_length_mm', 'bill_depth_mm', 'flipper_length_mm', 'body_mass_g', 'species']
2026-06-04 11:19:55 | INFO | EDA-NB | Original rows: 344
2026-06-04 11:19:55 | INFO | EDA-NB | Clean rows:    342
2026-06-04 11:19:55 | INFO | EDA-NB | Rows dropped:  2
2026-06-04 11:19:55 | INFO | EDA-NB | --------------- Manual statistics ---------------
2026-06-04 11:19:55 | INFO | EDA-NB | Body Mass Statistics (using numpy):
2026-06-04 11:19:55 | INFO | EDA-NB |   Mean: 4201.75 g
2026-06-04 11:19:55 | INFO | EDA-NB |   Std Dev: 800.78 g
2026-06-04 11:19:55 | INFO | EDA-NB |   Min: 2700.00 g
2026-06-04 11:19:55 | INFO | EDA-NB |   Max: 6300.00 g
2026-06-04 11:19:55 | INFO | EDA-NB |   Range: 3600.00 g
2026-06-04 11:19:55 | INFO | EDA-NB | Computing overall descriptive statistics
2026-06-04 11:19:55 | DEBUG | EDA-NB | 
                   count         mean         std     min       25%      50%     75%     max
bill_length_mm     342.0    43.921930    5.459584    32.1    39.225    44.45    48.5    59.6
bill_depth_mm      342.0    17.151170    1.974793    13.1    15.600    17.30    18.7    21.5
flipper_length_mm  342.0   200.915205   14.061714   172.0   190.000   197.00   213.0   231.0
body_mass_g        342.0  4201.754386  801.954536  2700.0  3550.000  4050.00  4750.0  6300.0
2026-06-04 11:19:55 | INFO | EDA-NB | --------------- Using pandas groupby() and agg() ---------------
2026-06-04 11:19:55 | INFO | EDA-NB | Computing descriptive statistics by group
2026-06-04 11:19:55 | DEBUG | EDA-NB | 
          bill_length_mm                                  bill_depth_mm                                   \
                   count       mean       std   min   max         count       mean       std   min   max   
species                                                                                                    
Adelie               151  38.791391  2.663405  32.1  46.0           151  18.346358  1.216650  15.5  21.5   
Chinstrap             68  48.833824  3.339256  40.9  58.0            68  18.420588  1.135395  16.4  20.8   
Gentoo               123  47.504878  3.081857  40.9  59.6           123  14.982114  0.981220  13.1  17.3   

          flipper_length_mm                                     body_mass_g                                           
                      count        mean       std    min    max       count         mean         std     min     max  
species                                                                                                               
Adelie                  151  189.953642  6.539457  172.0  210.0         151  3700.662252  458.566126  2850.0  4775.0  
Chinstrap                68  195.823529  7.131894  178.0  212.0          68  3733.088235  384.335081  2700.0  4800.0  
Gentoo                  123  217.186992  6.484976  203.0  231.0         123  5076.016260  504.116237  3950.0  6300.0  
2026-06-04 11:19:55 | INFO | EDA-NB | --------------- Improving the output ---------------
2026-06-04 11:19:55 | DEBUG | EDA-NB | 
                             count         mean         std     min     max
species                                                                    
Adelie    bill_length_mm       151    38.791391    2.663405    32.1    46.0
          bill_depth_mm        151    18.346358    1.216650    15.5    21.5
          flipper_length_mm    151   189.953642    6.539457   172.0   210.0
          body_mass_g          151  3700.662252  458.566126  2850.0  4775.0
Chinstrap bill_length_mm        68    48.833824    3.339256    40.9    58.0
          bill_depth_mm         68    18.420588    1.135395    16.4    20.8
          flipper_length_mm     68   195.823529    7.131894   178.0   212.0
          body_mass_g           68  3733.088235  384.335081  2700.0  4800.0
Gentoo    bill_length_mm       123    47.504878    3.081857    40.9    59.6
          bill_depth_mm        123    14.982114    0.981220    13.1    17.3
          flipper_length_mm    123   217.186992    6.484976   203.0   231.0
          body_mass_g          123  5076.016260  504.116237  3950.0  6300.0
2026-06-04 11:19:55 | INFO | EDA-NB | Computing correlation matrix for numeric columns
2026-06-04 11:19:55 | INFO | EDA-NB | 
Correlation matrix:
2026-06-04 11:19:55 | DEBUG | EDA-NB | 
                   bill_length_mm  bill_depth_mm  flipper_length_mm  body_mass_g
bill_length_mm           1.000000      -0.235053           0.656181     0.595110
bill_depth_mm           -0.235053       1.000000          -0.583851    -0.471916
flipper_length_mm        0.656181      -0.583851           1.000000     0.871202
body_mass_g              0.595110      -0.471916           0.871202     1.000000
2026-06-04 11:19:55 | INFO | EDA-NB | ---------Visualize Correlation Matrix as a Heatmap---------------
2026-06-04 11:19:56 | INFO | EDA-NB | ---- Creating Scatter Plot to see Relationships ------
2026-06-04 11:19:56 | INFO | EDA-NB | ----   Use clean dataframe ---------------------------
2026-06-04 11:19:56 | INFO | EDA-NB | ----   Set x to flipper length -----------------------
2026-06-04 11:19:56 | INFO | EDA-NB | ----   Set y to bill length --------------------------
2026-06-04 11:19:56 | INFO | EDA-NB | ----   Set the hue (color mapping) to the group column --
2026-06-04 11:19:56 | INFO | EDA-NB | ------- Creating another chart -------
2026-06-04 11:19:56 | INFO | EDA-NB | ------ Creating Box Plot to see Distribution: ---------
2026-06-04 11:19:56 | INFO | EDA-NB | ------   Use clean dataframe --------------------------
2026-06-04 11:19:56 | INFO | EDA-NB | ------   Set x to the group column --------------------
2026-06-04 11:19:56 | INFO | EDA-NB | ------   Set y to flipper length ----------------------
2026-06-04 11:19:57 | INFO | EDA-NB | Creating A Histogram
2026-06-04 11:19:57 | INFO | EDA-NB | Creating A Histogram to see Distribution of flipper length compared by sex
2026-06-04 11:19:57 | INFO | EDA-NB | ========================
2026-06-04 11:19:57 | INFO | EDA-NB | SUMMARY
2026-06-04 11:19:57 | INFO | EDA-NB | ========================
2026-06-04 11:19:57 | INFO | EDA-NB | Dataset: penguins
2026-06-04 11:19:57 | INFO | EDA-NB | Original rows: 344
2026-06-04 11:19:57 | INFO | EDA-NB | Clean rows:    342
2026-06-04 11:19:57 | INFO | EDA-NB | Groups found in species: ['Adelie', 'Chinstrap', 'Gentoo']
2026-06-04 11:19:57 | INFO | EDA-NB | Strongest correlation: 
2026-06-04 11:19:57 | INFO | EDA-NB |   flipper_length_mm and body_mass_g (~0.87)
2026-06-04 11:19:57 | INFO | EDA-NB | Suggested next step: 
2026-06-04 11:19:57 | INFO | EDA-NB |   Model body_mass_g ~ flipper_length_mm with linear regression
2026-06-04 11:19:57 | INFO | EDA-NB | See what other seaborn datasets you can load and explore with the same workflow!
2026-06-04 11:19:57 | INFO | EDA-NB | Available seaborn datasets: ['anagrams', 'anscombe', 'attention', 'brain_networks', 'car_crashes', 'diamonds', 'dots', 'dowjones', 'exercise', 'flights', 'fmri', 'geyser', 'glue', 'healthexp', 'iris', 'mpg', 'penguins', 'planets', 'seaice', 'taxis', 'tips', 'titanic'], <class 'list'>
2026-06-04 11:19:57 | INFO | EDA-NB | get a sneak peek at the other datasets and see if any look interesting to explore with the same workflow!
2026-06-04 11:19:57 | INFO | EDA-NB | Loading dataset: anagrams
2026-06-04 11:19:57 | INFO | EDA-NB |          subidr       num1      num2       num3
count  20.00000  20.000000  20.00000  20.000000
mean   10.50000   5.350000   5.97500   6.550000
std     5.91608   1.843195   1.67391   1.099043
min     1.00000   2.000000   3.00000   5.000000
25%     5.75000   4.750000   5.00000   6.000000
50%    10.50000   5.500000   5.50000   6.000000
75%    15.25000   6.250000   7.25000   7.000000
max    20.00000   8.000000   9.00000   9.000000
2026-06-04 11:19:57 | INFO | EDA-NB | Loading dataset: anscombe
2026-06-04 11:19:57 | INFO | EDA-NB |                x          y
count  44.000000  44.000000
mean    9.000000   7.500682
std     3.198837   1.958925
min     4.000000   3.100000
25%     7.000000   6.117500
50%     8.000000   7.520000
75%    11.000000   8.747500
max    19.000000  12.740000
2026-06-04 11:19:57 | INFO | EDA-NB | Loading dataset: attention
2026-06-04 11:19:57 | INFO | EDA-NB |        Unnamed: 0    subject  solutions      score
count   60.000000  60.000000  60.000000  60.000000
mean    29.500000  10.500000   2.000000   5.958333
std     17.464249   5.814943   0.823387   1.621601
min      0.000000   1.000000   1.000000   2.000000
25%     14.750000   5.750000   1.000000   5.000000
50%     29.500000  10.500000   2.000000   6.000000
75%     44.250000  15.250000   3.000000   7.000000
max     59.000000  20.000000   3.000000   9.000000
2026-06-04 11:19:57 | INFO | EDA-NB | Loading dataset: brain_networks
2026-06-04 11:19:57 | INFO | EDA-NB |        network    1  1.1    2  2.1    3  3.1    4  4.1    5  5.1    6  6.1  6.2  6.3    7                7.1  7.2  \
count      922  922  922  922  922  922  922  922  922  922  922  922  922  922  922  922                922  922   
unique     922  922  922  922  922  922  922  922  922  922  922  922  922  922  922  922                921  922   
top       node    1    1    1    1    1    1    1    1    1    1    1    1    2    2    1  -11.4418306350708    2   
freq         1    1    1    1    1    1    1    1    1    1    1    1    1    1    1    1                  2    1   

                     7.3  7.4  7.5    8  8.1  8.2  8.3  ...   13 13.1 13.2 13.3 13.4 13.5   14 14.1   15 15.1   16  \
count                922  922  922  922  922  922  922  ...  922  922  922  922  922  922  922  922  922  922  922   
unique               921  922  922  922  922  922  922  ...  922  922  922  922  922  922  922  922  922  922  922   
top     60.3055534362793    3    3    1    1    2    2  ...    1    1    2    2    3    4    1    1    1    1    1   
freq                   2    1    1    1    1    1    1  ...    1    1    1    1    1    1    1    1    1    1    1   

       16.1 16.2 16.3 16.4 16.5 16.6 16.7   17 17.1 17.2 17.3 17.4 17.5 17.6  
count   922  922  922  922  922  922  922  922  922  922  922  922  922  922  
unique  922  922  922  922  922  922  922  922  922  922  922  922  922  922  
top       1    2    2    3    3    4    4    1    1    2    2    3    3    4  
freq      1    1    1    1    1    1    1    1    1    1    1    1    1    1  

[4 rows x 63 columns]
2026-06-04 11:19:57 | INFO | EDA-NB | Loading dataset: car_crashes
2026-06-04 11:19:57 | INFO | EDA-NB |            total   speeding    alcohol  not_distracted  no_previous  ins_premium  ins_losses
count  51.000000  51.000000  51.000000       51.000000    51.000000    51.000000   51.000000
mean   15.790196   4.998196   4.886784       13.573176    14.004882   886.957647  134.493137
std     4.122002   2.017747   1.729133        4.508977     3.764672   178.296285   24.835922
min     5.900000   1.792000   1.593000        1.760000     5.900000   641.960000   82.750000
25%    12.750000   3.766500   3.894000       10.478000    11.348000   768.430000  114.645000
50%    15.600000   4.608000   4.554000       13.857000    13.775000   858.970000  136.050000
75%    18.500000   6.439000   5.604000       16.140000    16.755000  1007.945000  151.870000
max    23.900000   9.450000  10.038000       23.661000    21.280000  1301.520000  194.780000
2026-06-04 11:19:57 | INFO | EDA-NB | Loading dataset: diamonds
2026-06-04 11:19:58 | INFO | EDA-NB |               carat         depth         table         price             x             y             z
count  53940.000000  53940.000000  53940.000000  53940.000000  53940.000000  53940.000000  53940.000000
mean       0.797940     61.749405     57.457184   3932.799722      5.731157      5.734526      3.538734
std        0.474011      1.432621      2.234491   3989.439738      1.121761      1.142135      0.705699
min        0.200000     43.000000     43.000000    326.000000      0.000000      0.000000      0.000000
25%        0.400000     61.000000     56.000000    950.000000      4.710000      4.720000      2.910000
50%        0.700000     61.800000     57.000000   2401.000000      5.700000      5.710000      3.530000
75%        1.040000     62.500000     59.000000   5324.250000      6.540000      6.540000      4.040000
max        5.010000     79.000000     95.000000  18823.000000     10.740000     58.900000     31.800000
2026-06-04 11:19:58 | INFO | EDA-NB | Loading dataset: dots
2026-06-04 11:19:58 | INFO | EDA-NB |              time   coherence  firing_rate
count  848.000000  848.000000   848.000000
mean    74.150943   12.898113    39.616662
std    284.596669   15.453506    12.232967
min   -600.000000    0.000000     6.275720
25%   -100.000000    3.200000    32.620191
50%     80.000000    6.400000    38.022005
75%    260.000000   12.800000    47.383649
max    720.000000   51.200000    70.048900
2026-06-04 11:19:58 | INFO | EDA-NB | Loading dataset: dowjones
2026-06-04 11:19:58 | INFO | EDA-NB |                              Date       Price
count                         649  649.000000
mean   1941-11-30 17:42:48.258860  290.807319
min           1914-12-01 00:00:00   46.850000
25%           1928-06-01 00:00:00  106.900000
50%           1941-12-01 00:00:00  172.270000
75%           1955-06-01 00:00:00  436.730000
max           1968-12-01 00:00:00  985.930000
std                           NaN  256.062906
2026-06-04 11:19:58 | INFO | EDA-NB | Loading dataset: exercise
2026-06-04 11:19:58 | INFO | EDA-NB |        Unnamed: 0         id       pulse
count   90.000000  90.000000   90.000000
mean    44.500000  15.500000   99.700000
std     26.124701   8.703932   14.858471
min      0.000000   1.000000   80.000000
25%     22.250000   8.000000   90.250000
50%     44.500000  15.500000   96.000000
75%     66.750000  23.000000  103.000000
max     89.000000  30.000000  150.000000
2026-06-04 11:19:58 | INFO | EDA-NB | Loading dataset: flights
2026-06-04 11:19:58 | INFO | EDA-NB |               year  passengers
count   144.000000  144.000000
mean   1954.500000  280.298611
std       3.464102  119.966317
min    1949.000000  104.000000
25%    1951.750000  180.000000
50%    1954.500000  265.500000
75%    1957.250000  360.500000
max    1960.000000  622.000000
2026-06-04 11:19:58 | INFO | EDA-NB | Loading dataset: fmri
2026-06-04 11:19:58 | INFO | EDA-NB |          timepoint       signal
count  1064.000000  1064.000000
mean      9.000000     0.003540
std       5.479801     0.093930
min       0.000000    -0.255486
25%       4.000000    -0.046070
50%       9.000000    -0.013653
75%      14.000000     0.024293
max      18.000000     0.564985
2026-06-04 11:19:58 | INFO | EDA-NB | Loading dataset: geyser
2026-06-04 11:19:58 | INFO | EDA-NB |          duration     waiting
count  272.000000  272.000000
mean     3.487783   70.897059
std      1.141371   13.594974
min      1.600000   43.000000
25%      2.162750   58.000000
50%      4.000000   76.000000
75%      4.454250   82.000000
max      5.100000   96.000000
2026-06-04 11:19:58 | INFO | EDA-NB | Loading dataset: glue
2026-06-04 11:19:58 | INFO | EDA-NB |               Year      Score
count    64.000000  64.000000
mean   2018.000000  75.579688
std       0.872872  19.289698
min    2017.000000  11.600000
25%    2017.000000  66.800000
50%    2018.000000  75.500000
75%    2019.000000  92.225000
max    2019.000000  97.800000
2026-06-04 11:19:58 | INFO | EDA-NB | Loading dataset: healthexp
2026-06-04 11:19:58 | INFO | EDA-NB |               Year  Spending_USD  Life_Expectancy
count   274.000000    274.000000       274.000000
mean   1996.992701   2789.338905        77.909489
std      14.180933   2194.939785         3.276263
min    1970.000000    123.993000        70.600000
25%    1985.250000   1038.357000        75.525000
50%    1998.000000   2295.578000        78.100000
75%    2009.000000   4055.610000        80.575000
max    2020.000000  11859.179000        84.700000
2026-06-04 11:19:58 | INFO | EDA-NB | Loading dataset: iris
2026-06-04 11:19:58 | INFO | EDA-NB |        sepal_length  sepal_width  petal_length  petal_width
count    150.000000   150.000000    150.000000   150.000000
mean       5.843333     3.057333      3.758000     1.199333
std        0.828066     0.435866      1.765298     0.762238
min        4.300000     2.000000      1.000000     0.100000
25%        5.100000     2.800000      1.600000     0.300000
50%        5.800000     3.000000      4.350000     1.300000
75%        6.400000     3.300000      5.100000     1.800000
max        7.900000     4.400000      6.900000     2.500000
2026-06-04 11:19:58 | INFO | EDA-NB | Loading dataset: mpg
2026-06-04 11:19:58 | INFO | EDA-NB |               mpg   cylinders  displacement  horsepower       weight  acceleration  model_year
count  398.000000  398.000000    398.000000  392.000000   398.000000    398.000000  398.000000
mean    23.514573    5.454774    193.425879  104.469388  2970.424623     15.568090   76.010050
std      7.815984    1.701004    104.269838   38.491160   846.841774      2.757689    3.697627
min      9.000000    3.000000     68.000000   46.000000  1613.000000      8.000000   70.000000
25%     17.500000    4.000000    104.250000   75.000000  2223.750000     13.825000   73.000000
50%     23.000000    4.000000    148.500000   93.500000  2803.500000     15.500000   76.000000
75%     29.000000    8.000000    262.000000  126.000000  3608.000000     17.175000   79.000000
max     46.600000    8.000000    455.000000  230.000000  5140.000000     24.800000   82.000000
2026-06-04 11:19:58 | INFO | EDA-NB | Loading dataset: penguins
2026-06-04 11:19:58 | INFO | EDA-NB |        bill_length_mm  bill_depth_mm  flipper_length_mm  body_mass_g
count      342.000000     342.000000         342.000000   342.000000
mean        43.921930      17.151170         200.915205  4201.754386
std          5.459584       1.974793          14.061714   801.954536
min         32.100000      13.100000         172.000000  2700.000000
25%         39.225000      15.600000         190.000000  3550.000000
50%         44.450000      17.300000         197.000000  4050.000000
75%         48.500000      18.700000         213.000000  4750.000000
max         59.600000      21.500000         231.000000  6300.000000
2026-06-04 11:19:58 | INFO | EDA-NB | Loading dataset: planets
2026-06-04 11:19:58 | INFO | EDA-NB |             number  orbital_period        mass     distance         year
count  1035.000000      992.000000  513.000000   808.000000  1035.000000
mean      1.785507     2002.917596    2.638161   264.069282  2009.070531
std       1.240976    26014.728304    3.818617   733.116493     3.972567
min       1.000000        0.090706    0.003600     1.350000  1989.000000
25%       1.000000        5.442540    0.229000    32.560000  2007.000000
50%       1.000000       39.979500    1.260000    55.250000  2010.000000
75%       2.000000      526.005000    3.040000   178.500000  2012.000000
max       7.000000   730000.000000   25.000000  8500.000000  2014.000000
2026-06-04 11:19:58 | INFO | EDA-NB | Loading dataset: seaice
2026-06-04 11:19:58 | INFO | EDA-NB |                              Date        Extent
count                       13175  13175.000000
mean   2001-09-30 12:50:39.574952     11.289508
min           1980-01-01 00:00:00      3.340000
25%           1992-12-11 12:00:00      8.551500
50%           2001-12-18 00:00:00     11.982000
75%           2010-12-24 12:00:00     14.204500
max           2019-12-31 00:00:00     16.412000
std                           NaN      3.284901
2026-06-04 11:19:58 | INFO | EDA-NB | Loading dataset: taxis
2026-06-04 11:19:58 | INFO | EDA-NB |                            pickup                     dropoff   passengers     distance         fare         tip  \
count                        6433                        6433  6433.000000  6433.000000  6433.000000  6433.00000   
mean   2019-03-16 08:31:28.514223  2019-03-16 08:45:49.491216     1.539251     3.024617    13.091073     1.97922   
min           2019-02-28 23:29:03         2019-02-28 23:32:35     0.000000     0.000000     1.000000     0.00000   
25%           2019-03-08 15:50:34         2019-03-08 16:12:51     1.000000     0.980000     6.500000     0.00000   
50%           2019-03-15 21:46:58         2019-03-15 22:06:44     1.000000     1.640000     9.500000     1.70000   
75%           2019-03-23 17:41:38         2019-03-23 17:51:56     2.000000     3.210000    15.000000     2.80000   
max           2019-03-31 23:43:45         2019-04-01 00:13:58     6.000000    36.700000   150.000000    33.20000   
std                           NaN                         NaN     1.203768     3.827867    11.551804     2.44856   

             tolls        total  
count  6433.000000  6433.000000  
mean      0.325273    18.517794  
min       0.000000     1.300000  
25%       0.000000    10.800000  
50%       0.000000    14.160000  
75%       0.000000    20.300000  
max      24.020000   174.820000  
std       1.415267    13.815570  
2026-06-04 11:19:58 | INFO | EDA-NB | Loading dataset: tips
2026-06-04 11:19:58 | INFO | EDA-NB |        total_bill         tip        size
count  244.000000  244.000000  244.000000
mean    19.785943    2.998279    2.569672
std      8.902412    1.383638    0.951100
min      3.070000    1.000000    1.000000
25%     13.347500    2.000000    2.000000
50%     17.795000    2.900000    2.000000
75%     24.127500    3.562500    3.000000
max     50.810000   10.000000    6.000000
2026-06-04 11:19:58 | INFO | EDA-NB | Loading dataset: titanic
2026-06-04 11:19:58 | INFO | EDA-NB |          survived      pclass         age       sibsp       parch        fare
count  891.000000  891.000000  714.000000  891.000000  891.000000  891.000000
mean     0.383838    2.308642   29.699118    0.523008    0.381594   32.204208
std      0.486592    0.836071   14.526497    1.102743    0.806057   49.693429
min      0.000000    1.000000    0.420000    0.000000    0.000000    0.000000
25%      0.000000    2.000000   20.125000    0.000000    0.000000    7.910400
50%      0.000000    3.000000   28.000000    0.000000    0.000000   14.454200
75%      1.000000    3.000000   38.000000    1.000000    0.000000   31.000000
max      1.000000    3.000000   80.000000    8.000000    6.000000  512.329200
2026-06-04 11:19:58 | INFO | EDA-NB | EDA workflow complete
2026-06-04 11:19:58 | INFO | EDA-NB | IMPORTANT: This script creates chart windows.
2026-06-04 11:19:58 | INFO | EDA-NB | Close any chart windows and terminate this process with CTRL+c as needed.
2026-06-04 11:19:58 | INFO | EDA-NB | ========================
2026-06-04 11:19:58 | INFO | EDA-NB | Executed successfully!
2026-06-04 11:19:58 | INFO | EDA-NB | ========================
2026-06-04 11:20:44 | INFO | EDA-NB | === RUN START ===
2026-06-04 11:20:44 | INFO | EDA-NB | project=EDA-NB
2026-06-04 11:20:44 | INFO | EDA-NB | repo_dir=datafun-04-notebooks
2026-06-04 11:20:44 | INFO | EDA-NB | python=3.14.0
2026-06-04 11:20:44 | INFO | EDA-NB | os=Windows 11
2026-06-04 11:20:44 | INFO | EDA-NB | shell=powershell
2026-06-04 11:20:44 | INFO | EDA-NB | cwd=notebooks
2026-06-04 11:20:44 | INFO | EDA-NB | github_actions=False
2026-06-04 11:20:44 | INFO | EDA-NB | Imports complete.
2026-06-04 11:20:44 | INFO | EDA-NB | Loading dataset: penguins
2026-06-04 11:20:44 | INFO | EDA-NB | Loaded: 344 rows, 7 columns
2026-06-04 11:20:44 | INFO | EDA-NB | Previewing first few rows of the dataset
2026-06-04 11:20:44 | INFO | EDA-NB | Column names
2026-06-04 11:20:44 | INFO | EDA-NB | DataFrame info (types and non-null counts)
2026-06-04 11:20:45 | INFO | EDA-NB | Dataset shape: 344 rows, 7 columns
2026-06-04 11:20:45 | INFO | EDA-NB | Building starter data dictionary
2026-06-04 11:20:45 | DEBUG | EDA-NB | 
              column    dtype  missing_count  missing_pct
0            species      str              0         0.00
1             island      str              0         0.00
2     bill_length_mm  float64              2         0.58
3      bill_depth_mm  float64              2         0.58
4  flipper_length_mm  float64              2         0.58
5        body_mass_g  float64              2         0.58
6                sex      str             11         3.20
2026-06-04 11:20:45 | INFO | EDA-NB | Missing values per column:
2026-06-04 11:20:45 | INFO | EDA-NB | species               0
island                0
bill_length_mm        2
bill_depth_mm         2
flipper_length_mm     2
body_mass_g           2
sex                  11
dtype: int64
2026-06-04 11:20:45 | INFO | EDA-NB | Checking missing values per column
2026-06-04 11:20:45 | DEBUG | EDA-NB | 
sex                  11
bill_depth_mm         2
bill_length_mm        2
flipper_length_mm     2
body_mass_g           2
island                0
species               0
dtype: int64
2026-06-04 11:20:45 | INFO | EDA-NB | Duplicate rows detected: 0
2026-06-04 11:20:45 | INFO | EDA-NB | Call describe() for numeric columns
2026-06-04 11:20:45 | DEBUG | EDA-NB | 
       bill_length_mm  bill_depth_mm  flipper_length_mm  body_mass_g
count      342.000000     342.000000         342.000000   342.000000
mean        43.921930      17.151170         200.915205  4201.754386
std          5.459584       1.974793          14.061714   801.954536
min         32.100000      13.100000         172.000000  2700.000000
25%         39.225000      15.600000         190.000000  3550.000000
50%         44.450000      17.300000         197.000000  4050.000000
75%         48.500000      18.700000         213.000000  4750.000000
max         59.600000      21.500000         231.000000  6300.000000

2026-06-04 11:20:45 | DEBUG | EDA-NB | Columns required to be non-missing: ['bill_length_mm', 'bill_depth_mm', 'flipper_length_mm', 'body_mass_g', 'species']
2026-06-04 11:20:45 | INFO | EDA-NB | Original rows: 344
2026-06-04 11:20:45 | INFO | EDA-NB | Clean rows:    342
2026-06-04 11:20:45 | INFO | EDA-NB | Rows dropped:  2
2026-06-04 11:20:45 | INFO | EDA-NB | --------------- Manual statistics ---------------
2026-06-04 11:20:45 | INFO | EDA-NB | Body Mass Statistics (using numpy):
2026-06-04 11:20:45 | INFO | EDA-NB |   Mean: 4201.75 g
2026-06-04 11:20:45 | INFO | EDA-NB |   Std Dev: 800.78 g
2026-06-04 11:20:45 | INFO | EDA-NB |   Min: 2700.00 g
2026-06-04 11:20:45 | INFO | EDA-NB |   Max: 6300.00 g
2026-06-04 11:20:45 | INFO | EDA-NB |   Range: 3600.00 g
2026-06-04 11:20:45 | INFO | EDA-NB | Computing overall descriptive statistics
2026-06-04 11:20:45 | DEBUG | EDA-NB | 
                   count         mean         std     min       25%      50%     75%     max
bill_length_mm     342.0    43.921930    5.459584    32.1    39.225    44.45    48.5    59.6
bill_depth_mm      342.0    17.151170    1.974793    13.1    15.600    17.30    18.7    21.5
flipper_length_mm  342.0   200.915205   14.061714   172.0   190.000   197.00   213.0   231.0
body_mass_g        342.0  4201.754386  801.954536  2700.0  3550.000  4050.00  4750.0  6300.0
2026-06-04 11:20:45 | INFO | EDA-NB | --------------- Using pandas groupby() and agg() ---------------
2026-06-04 11:20:45 | INFO | EDA-NB | Computing descriptive statistics by group
2026-06-04 11:20:45 | DEBUG | EDA-NB | 
          bill_length_mm                                  bill_depth_mm                                   \
                   count       mean       std   min   max         count       mean       std   min   max   
species                                                                                                    
Adelie               151  38.791391  2.663405  32.1  46.0           151  18.346358  1.216650  15.5  21.5   
Chinstrap             68  48.833824  3.339256  40.9  58.0            68  18.420588  1.135395  16.4  20.8   
Gentoo               123  47.504878  3.081857  40.9  59.6           123  14.982114  0.981220  13.1  17.3   

          flipper_length_mm                                     body_mass_g                                           
                      count        mean       std    min    max       count         mean         std     min     max  
species                                                                                                               
Adelie                  151  189.953642  6.539457  172.0  210.0         151  3700.662252  458.566126  2850.0  4775.0  
Chinstrap                68  195.823529  7.131894  178.0  212.0          68  3733.088235  384.335081  2700.0  4800.0  
Gentoo                  123  217.186992  6.484976  203.0  231.0         123  5076.016260  504.116237  3950.0  6300.0  
2026-06-04 11:20:45 | INFO | EDA-NB | --------------- Improving the output ---------------
2026-06-04 11:20:45 | DEBUG | EDA-NB | 
                             count         mean         std     min     max
species                                                                    
Adelie    bill_length_mm       151    38.791391    2.663405    32.1    46.0
          bill_depth_mm        151    18.346358    1.216650    15.5    21.5
          flipper_length_mm    151   189.953642    6.539457   172.0   210.0
          body_mass_g          151  3700.662252  458.566126  2850.0  4775.0
Chinstrap bill_length_mm        68    48.833824    3.339256    40.9    58.0
          bill_depth_mm         68    18.420588    1.135395    16.4    20.8
          flipper_length_mm     68   195.823529    7.131894   178.0   212.0
          body_mass_g           68  3733.088235  384.335081  2700.0  4800.0
Gentoo    bill_length_mm       123    47.504878    3.081857    40.9    59.6
          bill_depth_mm        123    14.982114    0.981220    13.1    17.3
          flipper_length_mm    123   217.186992    6.484976   203.0   231.0
          body_mass_g          123  5076.016260  504.116237  3950.0  6300.0
2026-06-04 11:20:45 | INFO | EDA-NB | Computing correlation matrix for numeric columns
2026-06-04 11:20:45 | INFO | EDA-NB | 
Correlation matrix:
2026-06-04 11:20:45 | DEBUG | EDA-NB | 
                   bill_length_mm  bill_depth_mm  flipper_length_mm  body_mass_g
bill_length_mm           1.000000      -0.235053           0.656181     0.595110
bill_depth_mm           -0.235053       1.000000          -0.583851    -0.471916
flipper_length_mm        0.656181      -0.583851           1.000000     0.871202
body_mass_g              0.595110      -0.471916           0.871202     1.000000
2026-06-04 11:20:45 | INFO | EDA-NB | ---------Visualize Correlation Matrix as a Heatmap---------------
2026-06-04 11:20:46 | INFO | EDA-NB | ---- Creating Scatter Plot to see Relationships ------
2026-06-04 11:20:46 | INFO | EDA-NB | ----   Use clean dataframe ---------------------------
2026-06-04 11:20:46 | INFO | EDA-NB | ----   Set x to flipper length -----------------------
2026-06-04 11:20:46 | INFO | EDA-NB | ----   Set y to bill length --------------------------
2026-06-04 11:20:46 | INFO | EDA-NB | ----   Set the hue (color mapping) to the group column --
2026-06-04 11:20:46 | INFO | EDA-NB | ------- Creating another chart -------
2026-06-04 11:20:46 | INFO | EDA-NB | ------ Creating Box Plot to see Distribution: ---------
2026-06-04 11:20:46 | INFO | EDA-NB | ------   Use clean dataframe --------------------------
2026-06-04 11:20:46 | INFO | EDA-NB | ------   Set x to the group column --------------------
2026-06-04 11:20:46 | INFO | EDA-NB | ------   Set y to flipper length ----------------------
2026-06-04 11:20:46 | INFO | EDA-NB | Creating A Histogram
2026-06-04 11:20:46 | INFO | EDA-NB | Creating A Histogram to see Distribution of flipper length compared by sex
2026-06-04 11:20:47 | INFO | EDA-NB | ========================
2026-06-04 11:20:47 | INFO | EDA-NB | SUMMARY
2026-06-04 11:20:47 | INFO | EDA-NB | ========================
2026-06-04 11:20:47 | INFO | EDA-NB | Dataset: penguins
2026-06-04 11:20:47 | INFO | EDA-NB | Original rows: 344
2026-06-04 11:20:47 | INFO | EDA-NB | Clean rows:    342
2026-06-04 11:20:47 | INFO | EDA-NB | Groups found in species: ['Adelie', 'Chinstrap', 'Gentoo']
2026-06-04 11:20:47 | INFO | EDA-NB | Strongest correlation: 
2026-06-04 11:20:47 | INFO | EDA-NB |   flipper_length_mm and body_mass_g (~0.87)
2026-06-04 11:20:47 | INFO | EDA-NB | Suggested next step: 
2026-06-04 11:20:47 | INFO | EDA-NB |   Model body_mass_g ~ flipper_length_mm with linear regression
2026-06-04 11:20:47 | INFO | EDA-NB | See what other seaborn datasets you can load and explore with the same workflow!
2026-06-04 11:20:47 | INFO | EDA-NB | Available seaborn datasets: ['anagrams', 'anscombe', 'attention', 'brain_networks', 'car_crashes', 'diamonds', 'dots', 'dowjones', 'exercise', 'flights', 'fmri', 'geyser', 'glue', 'healthexp', 'iris', 'mpg', 'penguins', 'planets', 'seaice', 'taxis', 'tips', 'titanic'], <class 'list'>
2026-06-04 11:20:47 | INFO | EDA-NB | EDA workflow complete
2026-06-04 11:20:47 | INFO | EDA-NB | IMPORTANT: This script creates chart windows.
2026-06-04 11:20:47 | INFO | EDA-NB | Close any chart windows and terminate this process with CTRL+c as needed.
2026-06-04 11:20:47 | INFO | EDA-NB | ========================
2026-06-04 11:20:47 | INFO | EDA-NB | Executed successfully!
2026-06-04 11:20:47 | INFO | EDA-NB | ========================
2026-06-04 11:23:34 | INFO | EDA | Loading dataset: penguins
2026-06-04 11:23:34 | INFO | EDA | Loaded: 344 rows, 7 columns
2026-06-04 11:23:34 | INFO | EDA | Loading dataset: penguins
2026-06-04 11:23:34 | INFO | EDA | Loaded: 344 rows, 7 columns
2026-06-04 11:23:34 | INFO | EDA | Loading dataset: penguins
2026-06-04 11:23:34 | INFO | EDA | Loaded: 344 rows, 7 columns
2026-06-04 11:23:34 | INFO | EDA | Loading dataset: penguins
2026-06-04 11:23:34 | INFO | EDA | Loaded: 344 rows, 7 columns
2026-06-04 11:23:34 | INFO | EDA | Creating cleaned view for EDA (dropping rows with key missing values)
2026-06-04 11:23:34 | DEBUG | EDA | Columns required to be non-missing: ['bill_length_mm', 'bill_depth_mm', 'flipper_length_mm', 'body_mass_g', 'species']
2026-06-04 11:23:34 | INFO | EDA | Original rows: 344
2026-06-04 11:23:34 | INFO | EDA | Clean rows:    342
2026-06-04 11:23:34 | INFO | EDA | Rows dropped:  2
2026-06-04 11:23:34 | INFO | EDA | Computing correlation matrix for numeric columns
2026-06-04 11:23:34 | INFO | EDA | 
Correlation matrix:
2026-06-04 11:23:34 | DEBUG | EDA | 
                   bill_length_mm  bill_depth_mm  flipper_length_mm  body_mass_g
bill_length_mm           1.000000      -0.235053           0.656181     0.595110
bill_depth_mm           -0.235053       1.000000          -0.583851    -0.471916
flipper_length_mm        0.656181      -0.583851           1.000000     0.871202
body_mass_g              0.595110      -0.471916           0.871202     1.000000
2026-06-04 11:23:34 | INFO | EDA | ---------Visualize Correlation Matrix as a Heatmap---------------
2026-06-04 11:23:36 | INFO | EDA | 
CUSTOM: Update these notes and use Markdown cells to narrate and tell the story as you explore. For example:

Interpretation:

 - Values close to 1 (dark red) = strong positive correlation (both increase together)
 - Values close to -1 (dark blue) = strong negative correlation (one increases, other decreases)
 - Values close to 0 (white) = little or no linear relationship
 - The diagonal is always 1 (each variable correlates perfectly with itself)

From this heatmap, we can see that flipper_length_mm and body_mass_g show strong positive correlation (~0.87).

2026-06-04 11:40:31 | INFO | EDA-NBA | === RUN START ===
2026-06-04 11:40:31 | INFO | EDA-NBA | project=EDA-NBA
2026-06-04 11:40:31 | INFO | EDA-NBA | repo_dir=datafun-04-notebooks
2026-06-04 11:40:31 | INFO | EDA-NBA | python=3.14.0
2026-06-04 11:40:31 | INFO | EDA-NBA | os=Windows 11
2026-06-04 11:40:31 | INFO | EDA-NBA | shell=powershell
2026-06-04 11:40:31 | INFO | EDA-NBA | cwd=notebooks
2026-06-04 11:40:31 | INFO | EDA-NBA | github_actions=False
2026-06-04 11:40:31 | INFO | EDA-NBA | Choosing Dataset
2026-06-04 11:40:31 | INFO | EDA-NBA | Quickly Summarize Dataset To Confirm Suitability
2026-06-04 11:40:31 | INFO | EDA-NBA | Loading dataset: penguins
2026-06-04 11:40:31 | INFO | EDA-NBA | Loaded: 344 rows, 7 columns
2026-06-04 11:40:31 | INFO | EDA-NBA | Previewing first few rows of the dataset
2026-06-04 11:40:31 | INFO | EDA-NBA | Column names
2026-06-04 11:40:31 | INFO | EDA-NBA | Imports complete.
2026-06-04 11:41:07 | INFO | EDA-NBA | === RUN START ===
2026-06-04 11:41:07 | INFO | EDA-NBA | project=EDA-NBA
2026-06-04 11:41:07 | INFO | EDA-NBA | repo_dir=datafun-04-notebooks
2026-06-04 11:41:07 | INFO | EDA-NBA | python=3.14.0
2026-06-04 11:41:07 | INFO | EDA-NBA | os=Windows 11
2026-06-04 11:41:07 | INFO | EDA-NBA | shell=powershell
2026-06-04 11:41:07 | INFO | EDA-NBA | cwd=notebooks
2026-06-04 11:41:07 | INFO | EDA-NBA | github_actions=False
2026-06-04 11:41:07 | INFO | EDA-NBA | Choosing Dataset
2026-06-04 11:41:07 | INFO | EDA-NBA | Quickly Summarize Dataset To Confirm Suitability
2026-06-04 11:41:07 | INFO | EDA-NBA | Loading dataset: tips
2026-06-04 11:41:07 | INFO | EDA-NBA | Loaded: 244 rows, 7 columns
2026-06-04 11:41:07 | INFO | EDA-NBA | Previewing first few rows of the dataset
2026-06-04 11:41:07 | INFO | EDA-NBA | Column names
2026-06-04 11:41:07 | INFO | EDA-NBA | Imports complete.
2026-06-04 11:46:15 | INFO | EDA | Loading dataset: penguins
2026-06-04 11:46:15 | INFO | EDA | Loaded: 344 rows, 7 columns
2026-06-04 11:46:15 | INFO | EDA | Loading dataset: penguins
2026-06-04 11:46:15 | INFO | EDA | Loaded: 344 rows, 7 columns
2026-06-04 11:46:15 | INFO | EDA | Loading dataset: penguins
2026-06-04 11:46:15 | INFO | EDA | Loaded: 344 rows, 7 columns
2026-06-04 11:46:15 | INFO | EDA | Loading dataset: penguins
2026-06-04 11:46:15 | INFO | EDA | Loaded: 344 rows, 7 columns
2026-06-04 11:46:15 | INFO | EDA | Creating cleaned view for EDA (dropping rows with key missing values)
2026-06-04 11:46:15 | DEBUG | EDA | Columns required to be non-missing: ['bill_length_mm', 'bill_depth_mm', 'flipper_length_mm', 'body_mass_g', 'species']
2026-06-04 11:46:15 | INFO | EDA | Original rows: 344
2026-06-04 11:46:15 | INFO | EDA | Clean rows:    342
2026-06-04 11:46:15 | INFO | EDA | Rows dropped:  2
2026-06-04 11:46:15 | INFO | EDA | Computing correlation matrix for numeric columns
2026-06-04 11:46:15 | INFO | EDA | 
Correlation matrix:
2026-06-04 11:46:15 | DEBUG | EDA | 
                   bill_length_mm  bill_depth_mm  flipper_length_mm  body_mass_g
bill_length_mm           1.000000      -0.235053           0.656181     0.595110
bill_depth_mm           -0.235053       1.000000          -0.583851    -0.471916
flipper_length_mm        0.656181      -0.583851           1.000000     0.871202
body_mass_g              0.595110      -0.471916           0.871202     1.000000
2026-06-04 11:46:15 | INFO | EDA | ---------Visualize Correlation Matrix as a Heatmap---------------
2026-06-04 11:46:15 | INFO | EDA | 
CUSTOM: Update these notes and use Markdown cells to narrate and tell the story as you explore. For example:

Interpretation:

 - Values close to 1 (dark red) = strong positive correlation (both increase together)
 - Values close to -1 (dark blue) = strong negative correlation (one increases, other decreases)
 - Values close to 0 (white) = little or no linear relationship
 - The diagonal is always 1 (each variable correlates perfectly with itself)

From this heatmap, we can see that flipper_length_mm and body_mass_g show strong positive correlation (~0.87).

2026-06-05 11:11:13 | INFO | EDA-NBA | === RUN START ===
2026-06-05 11:11:13 | INFO | EDA-NBA | project=EDA-NBA
2026-06-05 11:11:13 | INFO | EDA-NBA | repo_dir=datafun-04-notebooks
2026-06-05 11:11:13 | INFO | EDA-NBA | python=3.14.0
2026-06-05 11:11:13 | INFO | EDA-NBA | os=Windows 11
2026-06-05 11:11:13 | INFO | EDA-NBA | shell=powershell
2026-06-05 11:11:13 | INFO | EDA-NBA | cwd=notebooks
2026-06-05 11:11:13 | INFO | EDA-NBA | github_actions=False
2026-06-05 11:11:13 | INFO | EDA-NBA | Chose dataset: tips
2026-06-05 11:11:13 | INFO | EDA-NBA | Imports complete.
2026-06-05 11:11:13 | INFO | EDA-NBA | Quickly Summarize Dataset To Confirm Suitability
2026-06-05 11:11:13 | INFO | EDA-NBA | Loading dataset: tips
2026-06-05 11:11:13 | INFO | EDA-NBA | Loaded: 244 rows, 7 columns
2026-06-05 11:11:13 | INFO | EDA-NBA | Previewing first few rows of the dataset
2026-06-05 11:11:13 | INFO | EDA-NBA | Column names
2026-06-05 11:12:20 | INFO | EDA-NBA | === RUN START ===
2026-06-05 11:12:20 | INFO | EDA-NBA | project=EDA-NBA
2026-06-05 11:12:20 | INFO | EDA-NBA | repo_dir=datafun-04-notebooks
2026-06-05 11:12:20 | INFO | EDA-NBA | python=3.14.0
2026-06-05 11:12:20 | INFO | EDA-NBA | os=Windows 11
2026-06-05 11:12:20 | INFO | EDA-NBA | shell=powershell
2026-06-05 11:12:20 | INFO | EDA-NBA | cwd=notebooks
2026-06-05 11:12:20 | INFO | EDA-NBA | github_actions=False
2026-06-05 11:12:20 | INFO | EDA-NBA | Chose dataset: tips
2026-06-05 11:12:20 | INFO | EDA-NBA | Imports complete.
2026-06-05 11:12:20 | INFO | EDA-NBA | Quickly Summarize Dataset To Confirm Suitability
2026-06-05 11:12:20 | INFO | EDA-NBA | Loading dataset: tips
2026-06-05 11:12:20 | INFO | EDA-NBA | Loaded: 244 rows, 7 columns
2026-06-05 11:12:20 | INFO | EDA-NBA | Previewing first few rows of the dataset
2026-06-05 11:12:20 | INFO | EDA-NBA | Column names
2026-06-05 11:12:40 | INFO | EDA-NBA | === RUN START ===
2026-06-05 11:12:40 | INFO | EDA-NBA | project=EDA-NBA
2026-06-05 11:12:40 | INFO | EDA-NBA | repo_dir=datafun-04-notebooks
2026-06-05 11:12:40 | INFO | EDA-NBA | python=3.14.0
2026-06-05 11:12:40 | INFO | EDA-NBA | os=Windows 11
2026-06-05 11:12:40 | INFO | EDA-NBA | shell=powershell
2026-06-05 11:12:40 | INFO | EDA-NBA | cwd=notebooks
2026-06-05 11:12:40 | INFO | EDA-NBA | github_actions=False
2026-06-05 11:12:40 | INFO | EDA-NBA | Chose dataset: tips
2026-06-05 11:12:40 | INFO | EDA-NBA | Imports complete.
2026-06-05 11:12:40 | INFO | EDA-NBA | Quickly Summarize Dataset To Confirm Suitability
2026-06-05 11:12:40 | INFO | EDA-NBA | Loading dataset: tips
2026-06-05 11:12:40 | INFO | EDA-NBA | Loaded: 244 rows, 7 columns
2026-06-05 11:12:40 | INFO | EDA-NBA | Previewing first few rows of the dataset
2026-06-05 11:12:41 | INFO | EDA-NBA | Column names
2026-06-05 11:14:28 | INFO | EDA-NBA | === RUN START ===
2026-06-05 11:14:28 | INFO | EDA-NBA | project=EDA-NBA
2026-06-05 11:14:28 | INFO | EDA-NBA | repo_dir=datafun-04-notebooks
2026-06-05 11:14:28 | INFO | EDA-NBA | python=3.14.0
2026-06-05 11:14:28 | INFO | EDA-NBA | os=Windows 11
2026-06-05 11:14:28 | INFO | EDA-NBA | shell=powershell
2026-06-05 11:14:28 | INFO | EDA-NBA | cwd=notebooks
2026-06-05 11:14:28 | INFO | EDA-NBA | github_actions=False
2026-06-05 11:14:28 | INFO | EDA-NBA | Chose dataset: tips
2026-06-05 11:14:28 | INFO | EDA-NBA | Imports complete.
2026-06-05 11:14:28 | INFO | EDA-NBA | Quickly Summarize Dataset To Confirm Suitability
2026-06-05 11:14:28 | INFO | EDA-NBA | Loading dataset: tips
2026-06-05 11:14:28 | INFO | EDA-NBA | Loaded: 244 rows, 7 columns
2026-06-05 11:14:28 | INFO | EDA-NBA | Previewing first few rows of the dataset
2026-06-05 11:14:28 | INFO | EDA-NBA | Column names
2026-06-05 11:14:28 | INFO | EDA-NBA | Data types and non-null counts
2026-06-05 11:16:12 | INFO | EDA-NBA | === RUN START ===
2026-06-05 11:16:12 | INFO | EDA-NBA | project=EDA-NBA
2026-06-05 11:16:12 | INFO | EDA-NBA | repo_dir=datafun-04-notebooks
2026-06-05 11:16:12 | INFO | EDA-NBA | python=3.14.0
2026-06-05 11:16:12 | INFO | EDA-NBA | os=Windows 11
2026-06-05 11:16:12 | INFO | EDA-NBA | shell=powershell
2026-06-05 11:16:12 | INFO | EDA-NBA | cwd=notebooks
2026-06-05 11:16:12 | INFO | EDA-NBA | github_actions=False
2026-06-05 11:16:12 | INFO | EDA-NBA | Chose dataset: tips
2026-06-05 11:16:12 | INFO | EDA-NBA | Imports complete.
2026-06-05 11:16:12 | INFO | EDA-NBA | Quickly Summarize Dataset To Confirm Suitability
2026-06-05 11:16:12 | INFO | EDA-NBA | Loading dataset: tips
2026-06-05 11:16:12 | INFO | EDA-NBA | Loaded: 244 rows, 7 columns
2026-06-05 11:16:12 | INFO | EDA-NBA | Previewing first few rows of the dataset
2026-06-05 11:16:12 | INFO | EDA-NBA | Column names
2026-06-05 11:16:12 | INFO | EDA-NBA | Data types and non-null counts
2026-06-05 11:16:12 | INFO | EDA-NBA | Dataset shape: 244 rows, 7 columns
2026-06-05 11:17:45 | INFO | EDA-NBA | === RUN START ===
2026-06-05 11:17:45 | INFO | EDA-NBA | project=EDA-NBA
2026-06-05 11:17:45 | INFO | EDA-NBA | repo_dir=datafun-04-notebooks
2026-06-05 11:17:45 | INFO | EDA-NBA | python=3.14.0
2026-06-05 11:17:45 | INFO | EDA-NBA | os=Windows 11
2026-06-05 11:17:45 | INFO | EDA-NBA | shell=powershell
2026-06-05 11:17:45 | INFO | EDA-NBA | cwd=notebooks
2026-06-05 11:17:45 | INFO | EDA-NBA | github_actions=False
2026-06-05 11:17:45 | INFO | EDA-NBA | Chose dataset: tips
2026-06-05 11:17:45 | INFO | EDA-NBA | Imports complete.
2026-06-05 11:17:45 | INFO | EDA-NBA | Quickly Summarize Dataset To Confirm Suitability
2026-06-05 11:17:45 | INFO | EDA-NBA | Loading dataset: tips
2026-06-05 11:17:45 | INFO | EDA-NBA | Loaded: 244 rows, 7 columns
2026-06-05 11:17:45 | INFO | EDA-NBA | Previewing first few rows of the dataset
2026-06-05 11:17:45 | INFO | EDA-NBA | Column names
2026-06-05 11:17:45 | INFO | EDA-NBA | Data types and non-null counts
2026-06-05 11:17:45 | INFO | EDA-NBA | Dataset shape: 244 rows, 7 columns
2026-06-05 11:17:45 | INFO | EDA-NBA | Building starter data dictionary
2026-06-05 11:17:45 | DEBUG | EDA-NBA | 
       column     dtype  missing_count  missing_pct
0  total_bill   float64              0          0.0
1         tip   float64              0          0.0
2         sex  category              0          0.0
3      smoker  category              0          0.0
4         day  category              0          0.0
5        time  category              0          0.0
6        size     int64              0          0.0
2026-06-05 11:21:50 | INFO | EDA-NBA | === RUN START ===
2026-06-05 11:21:50 | INFO | EDA-NBA | project=EDA-NBA
2026-06-05 11:21:50 | INFO | EDA-NBA | repo_dir=datafun-04-notebooks
2026-06-05 11:21:50 | INFO | EDA-NBA | python=3.14.0
2026-06-05 11:21:50 | INFO | EDA-NBA | os=Windows 11
2026-06-05 11:21:50 | INFO | EDA-NBA | shell=powershell
2026-06-05 11:21:50 | INFO | EDA-NBA | cwd=notebooks
2026-06-05 11:21:50 | INFO | EDA-NBA | github_actions=False
2026-06-05 11:21:50 | INFO | EDA-NBA | Chose dataset: tips
2026-06-05 11:21:50 | INFO | EDA-NBA | Imports complete.
2026-06-05 11:21:50 | INFO | EDA-NBA | Quickly Summarize Dataset To Confirm Suitability
2026-06-05 11:21:50 | INFO | EDA-NBA | Loading dataset: tips
2026-06-05 11:21:50 | INFO | EDA-NBA | Loaded: 244 rows, 7 columns
2026-06-05 11:21:50 | INFO | EDA-NBA | Previewing first few rows of the dataset
2026-06-05 11:21:50 | INFO | EDA-NBA | Column names
2026-06-05 11:21:50 | INFO | EDA-NBA | Data types and non-null counts
2026-06-05 11:21:51 | INFO | EDA-NBA | Dataset shape: 244 rows, 7 columns
2026-06-05 11:21:51 | INFO | EDA-NBA | Building starter data dictionary
2026-06-05 11:21:51 | DEBUG | EDA-NBA | 
       column     dtype  missing_count  missing_pct
0  total_bill   float64              0          0.0
1         tip   float64              0          0.0
2         sex  category              0          0.0
3      smoker  category              0          0.0
4         day  category              0          0.0
5        time  category              0          0.0
6        size     int64              0          0.0
2026-06-05 11:21:51 | INFO | EDA-NBA | Duplicate rows detected: 1
2026-06-05 11:21:51 | INFO | EDA-NBA | Call describe() for numeric columns
2026-06-05 11:21:51 | DEBUG | EDA-NBA | 
       total_bill         tip        size
count  244.000000  244.000000  244.000000
mean    19.785943    2.998279    2.569672
std      8.902412    1.383638    0.951100
min      3.070000    1.000000    1.000000
25%     13.347500    2.000000    2.000000
50%     17.795000    2.900000    2.000000
75%     24.127500    3.562500    3.000000
max     50.810000   10.000000    6.000000

2026-06-05 11:25:01 | INFO | EDA-NBA | === RUN START ===
2026-06-05 11:25:01 | INFO | EDA-NBA | project=EDA-NBA
2026-06-05 11:25:01 | INFO | EDA-NBA | repo_dir=datafun-04-notebooks
2026-06-05 11:25:01 | INFO | EDA-NBA | python=3.14.0
2026-06-05 11:25:01 | INFO | EDA-NBA | os=Windows 11
2026-06-05 11:25:01 | INFO | EDA-NBA | shell=powershell
2026-06-05 11:25:01 | INFO | EDA-NBA | cwd=notebooks
2026-06-05 11:25:01 | INFO | EDA-NBA | github_actions=False
2026-06-05 11:25:01 | INFO | EDA-NBA | Chose dataset: tips
2026-06-05 11:25:01 | INFO | EDA-NBA | Imports complete.
2026-06-05 11:25:01 | INFO | EDA-NBA | Quickly Summarize Dataset To Confirm Suitability
2026-06-05 11:25:01 | INFO | EDA-NBA | Loading dataset: tips
2026-06-05 11:25:01 | INFO | EDA-NBA | Loaded: 244 rows, 7 columns
2026-06-05 11:25:01 | INFO | EDA-NBA | Previewing first few rows of the dataset
2026-06-05 11:25:01 | INFO | EDA-NBA | Column names
2026-06-05 11:25:01 | INFO | EDA-NBA | Data types and non-null counts
2026-06-05 11:25:01 | INFO | EDA-NBA | Dataset shape: 244 rows, 7 columns
2026-06-05 11:25:02 | INFO | EDA-NBA | Building starter data dictionary
2026-06-05 11:25:02 | DEBUG | EDA-NBA | 
       column     dtype  missing_count  missing_pct
0  total_bill   float64              0          0.0
1         tip   float64              0          0.0
2         sex  category              0          0.0
3      smoker  category              0          0.0
4         day  category              0          0.0
5        time  category              0          0.0
6        size     int64              0          0.0
2026-06-05 11:25:02 | INFO | EDA-NBA | Duplicate rows detected: 1
2026-06-05 11:25:02 | INFO | EDA-NBA | Call describe() for numeric columns
2026-06-05 11:25:02 | DEBUG | EDA-NBA | 
       total_bill         tip        size
count  244.000000  244.000000  244.000000
mean    19.785943    2.998279    2.569672
std      8.902412    1.383638    0.951100
min      3.070000    1.000000    1.000000
25%     13.347500    2.000000    2.000000
50%     17.795000    2.900000    2.000000
75%     24.127500    3.562500    3.000000
max     50.810000   10.000000    6.000000

2026-06-05 11:25:02 | INFO | EDA-NBA | After dropping duplicates: 243 rows, 7 columns
2026-06-05 11:25:02 | INFO | EDA-NBA | Duplicate rows dropped: 1
2026-06-05 11:28:48 | INFO | EDA-NBA | === RUN START ===
2026-06-05 11:28:48 | INFO | EDA-NBA | project=EDA-NBA
2026-06-05 11:28:48 | INFO | EDA-NBA | repo_dir=datafun-04-notebooks
2026-06-05 11:28:48 | INFO | EDA-NBA | python=3.14.0
2026-06-05 11:28:48 | INFO | EDA-NBA | os=Windows 11
2026-06-05 11:28:48 | INFO | EDA-NBA | shell=powershell
2026-06-05 11:28:48 | INFO | EDA-NBA | cwd=notebooks
2026-06-05 11:28:48 | INFO | EDA-NBA | github_actions=False
2026-06-05 11:28:48 | INFO | EDA-NBA | Chose dataset: tips
2026-06-05 11:28:48 | INFO | EDA-NBA | Imports complete.
2026-06-05 11:28:48 | INFO | EDA-NBA | Quickly Summarize Dataset To Confirm Suitability
2026-06-05 11:28:48 | INFO | EDA-NBA | Loading dataset: tips
2026-06-05 11:28:48 | INFO | EDA-NBA | Loaded: 244 rows, 7 columns
2026-06-05 11:28:48 | INFO | EDA-NBA | Previewing first few rows of the dataset
2026-06-05 11:28:48 | INFO | EDA-NBA | Column names
2026-06-05 11:28:48 | INFO | EDA-NBA | Data types and non-null counts
2026-06-05 11:28:48 | INFO | EDA-NBA | Dataset shape: 244 rows, 7 columns
2026-06-05 11:28:48 | INFO | EDA-NBA | Building starter data dictionary
2026-06-05 11:28:48 | DEBUG | EDA-NBA | 
       column     dtype  missing_count  missing_pct
0  total_bill   float64              0          0.0
1         tip   float64              0          0.0
2         sex  category              0          0.0
3      smoker  category              0          0.0
4         day  category              0          0.0
5        time  category              0          0.0
6        size     int64              0          0.0
2026-06-05 11:28:48 | INFO | EDA-NBA | Duplicate rows detected: 1
2026-06-05 11:28:48 | INFO | EDA-NBA | Call describe() for numeric columns
2026-06-05 11:28:48 | DEBUG | EDA-NBA | 
       total_bill         tip        size
count  244.000000  244.000000  244.000000
mean    19.785943    2.998279    2.569672
std      8.902412    1.383638    0.951100
min      3.070000    1.000000    1.000000
25%     13.347500    2.000000    2.000000
50%     17.795000    2.900000    2.000000
75%     24.127500    3.562500    3.000000
max     50.810000   10.000000    6.000000

2026-06-05 11:28:48 | INFO | EDA-NBA | After dropping duplicates: 243 rows, 7 columns
2026-06-05 11:28:48 | INFO | EDA-NBA | Duplicate rows dropped: 1
2026-06-05 11:28:48 | INFO | EDA-NBA | Computing overall descriptive statistics
2026-06-05 11:28:48 | INFO | EDA-NBA | Overall descriptive statistics:
            count       mean       std   min    25%    50%     75%    max
total_bill  243.0  19.813868  8.910071  3.07  13.38  17.81  24.175  50.81
tip         243.0   3.002387  1.385002  1.00   2.00   2.92   3.575  10.00
size        243.0   2.572016  0.952356  1.00   2.00   2.00   3.000   6.00
2026-06-05 11:34:45 | INFO | EDA-NBA | === RUN START ===
2026-06-05 11:34:45 | INFO | EDA-NBA | project=EDA-NBA
2026-06-05 11:34:45 | INFO | EDA-NBA | repo_dir=datafun-04-notebooks
2026-06-05 11:34:45 | INFO | EDA-NBA | python=3.14.0
2026-06-05 11:34:45 | INFO | EDA-NBA | os=Windows 11
2026-06-05 11:34:45 | INFO | EDA-NBA | shell=powershell
2026-06-05 11:34:45 | INFO | EDA-NBA | cwd=notebooks
2026-06-05 11:34:45 | INFO | EDA-NBA | github_actions=False
2026-06-05 11:34:45 | INFO | EDA-NBA | Chose dataset: tips
2026-06-05 11:34:45 | INFO | EDA-NBA | Imports complete.
2026-06-05 11:34:45 | INFO | EDA-NBA | Quickly Summarize Dataset To Confirm Suitability
2026-06-05 11:34:45 | INFO | EDA-NBA | Loading dataset: tips
2026-06-05 11:34:45 | INFO | EDA-NBA | Loaded: 244 rows, 7 columns
2026-06-05 11:34:45 | INFO | EDA-NBA | Previewing first few rows of the dataset
2026-06-05 11:34:45 | INFO | EDA-NBA | Column names
2026-06-05 11:34:45 | INFO | EDA-NBA | Data types and non-null counts
2026-06-05 11:34:45 | INFO | EDA-NBA | Dataset shape: 244 rows, 7 columns
2026-06-05 11:34:45 | INFO | EDA-NBA | Building starter data dictionary
2026-06-05 11:34:45 | DEBUG | EDA-NBA | 
       column     dtype  missing_count  missing_pct
0  total_bill   float64              0          0.0
1         tip   float64              0          0.0
2         sex  category              0          0.0
3      smoker  category              0          0.0
4         day  category              0          0.0
5        time  category              0          0.0
6        size     int64              0          0.0
2026-06-05 11:34:45 | INFO | EDA-NBA | Duplicate rows detected: 1
2026-06-05 11:34:45 | INFO | EDA-NBA | Call describe() for numeric columns
2026-06-05 11:34:45 | DEBUG | EDA-NBA | 
       total_bill         tip        size
count  244.000000  244.000000  244.000000
mean    19.785943    2.998279    2.569672
std      8.902412    1.383638    0.951100
min      3.070000    1.000000    1.000000
25%     13.347500    2.000000    2.000000
50%     17.795000    2.900000    2.000000
75%     24.127500    3.562500    3.000000
max     50.810000   10.000000    6.000000

2026-06-05 11:34:45 | INFO | EDA-NBA | After dropping duplicates: 243 rows, 7 columns
2026-06-05 11:34:45 | INFO | EDA-NBA | Duplicate rows dropped: 1
2026-06-05 11:34:46 | INFO | EDA-NBA | Added new column: percent_tips = tip / total_bill * 100
2026-06-05 11:34:46 | INFO | EDA-NBA | Added new column: total_cost = total_bill + tip
2026-06-05 11:34:46 | INFO | EDA-NBA | Added new column: total_cost_per_person = total_cost / size
2026-06-05 11:34:46 | INFO | EDA-NBA | Computing overall descriptive statistics
2026-06-05 11:34:46 | INFO | EDA-NBA | Overall descriptive statistics:
                       count       mean       std       min        25%        50%        75%        max
total_bill             243.0  19.813868  8.910071  3.070000  13.380000  17.810000  24.175000  50.810000
tip                    243.0   3.002387  1.385002  1.000000   2.000000   2.920000   3.575000  10.000000
size                   243.0   2.572016  0.952356  1.000000   2.000000   2.000000   3.000000   6.000000
percent_tips           243.0  16.083121  6.119662  3.563814  12.883281  15.521855  19.174638  71.034483
total_cost             243.0  22.816255  9.897837  4.070000  15.640000  20.620000  27.785000  60.810000
total_cost_per_person  243.0   9.107580  3.210674  3.375000   6.746667   8.465000  10.720833  21.775000
2026-06-05 11:45:22 | INFO | EDA-NBA | === RUN START ===
2026-06-05 11:45:22 | INFO | EDA-NBA | project=EDA-NBA
2026-06-05 11:45:22 | INFO | EDA-NBA | repo_dir=datafun-04-notebooks
2026-06-05 11:45:22 | INFO | EDA-NBA | python=3.14.0
2026-06-05 11:45:22 | INFO | EDA-NBA | os=Windows 11
2026-06-05 11:45:22 | INFO | EDA-NBA | shell=powershell
2026-06-05 11:45:22 | INFO | EDA-NBA | cwd=notebooks
2026-06-05 11:45:22 | INFO | EDA-NBA | github_actions=False
2026-06-05 11:45:22 | INFO | EDA-NBA | Chose dataset: tips
2026-06-05 11:45:22 | INFO | EDA-NBA | Imports complete.
2026-06-05 11:45:22 | INFO | EDA-NBA | Quickly Summarize Dataset To Confirm Suitability
2026-06-05 11:45:22 | INFO | EDA-NBA | Loading dataset: tips
2026-06-05 11:45:22 | INFO | EDA-NBA | Loaded: 244 rows, 7 columns
2026-06-05 11:45:22 | INFO | EDA-NBA | Previewing first few rows of the dataset
2026-06-05 11:45:22 | INFO | EDA-NBA | Column names
2026-06-05 11:45:22 | INFO | EDA-NBA | Data types and non-null counts
2026-06-05 11:45:22 | INFO | EDA-NBA | Dataset shape: 244 rows, 7 columns
2026-06-05 11:45:22 | INFO | EDA-NBA | Building starter data dictionary
2026-06-05 11:45:22 | DEBUG | EDA-NBA | 
       column     dtype  missing_count  missing_pct
0  total_bill   float64              0          0.0
1         tip   float64              0          0.0
2         sex  category              0          0.0
3      smoker  category              0          0.0
4         day  category              0          0.0
5        time  category              0          0.0
6        size     int64              0          0.0
2026-06-05 11:45:22 | INFO | EDA-NBA | Duplicate rows detected: 1
2026-06-05 11:45:22 | INFO | EDA-NBA | Call describe() for numeric columns
2026-06-05 11:45:22 | DEBUG | EDA-NBA | 
       total_bill         tip        size
count  244.000000  244.000000  244.000000
mean    19.785943    2.998279    2.569672
std      8.902412    1.383638    0.951100
min      3.070000    1.000000    1.000000
25%     13.347500    2.000000    2.000000
50%     17.795000    2.900000    2.000000
75%     24.127500    3.562500    3.000000
max     50.810000   10.000000    6.000000

2026-06-05 11:45:22 | INFO | EDA-NBA | After dropping duplicates: 243 rows, 7 columns
2026-06-05 11:45:22 | INFO | EDA-NBA | Duplicate rows dropped: 1
2026-06-05 11:45:22 | INFO | EDA-NBA | Added new column: percent_tips = tip / total_bill * 100
2026-06-05 11:45:22 | INFO | EDA-NBA | Added new column: total_cost = total_bill + tip
2026-06-05 11:45:22 | INFO | EDA-NBA | Added new column: total_cost_per_person = total_cost / size
2026-06-05 11:45:22 | INFO | EDA-NBA | Computing overall descriptive statistics
2026-06-05 11:45:23 | INFO | EDA-NBA | Overall descriptive statistics:
                       count       mean       std       min        25%        50%        75%        max
total_bill             243.0  19.813868  8.910071  3.070000  13.380000  17.810000  24.175000  50.810000
tip                    243.0   3.002387  1.385002  1.000000   2.000000   2.920000   3.575000  10.000000
size                   243.0   2.572016  0.952356  1.000000   2.000000   2.000000   3.000000   6.000000
percent_tips           243.0  16.083121  6.119662  3.563814  12.883281  15.521855  19.174638  71.034483
total_cost             243.0  22.816255  9.897837  4.070000  15.640000  20.620000  27.785000  60.810000
total_cost_per_person  243.0   9.107580  3.210674  3.375000   6.746667   8.465000  10.720833  21.775000
2026-06-05 11:45:23 | DEBUG | EDA-NBA | 
                          total_bill                                       tip                                   size  \
                               count       mean        std    min    max count      mean       std   min    max count   
sex    smoker day  time                                                                                                 
Male   Yes    Thur Lunch          10  19.171000   6.757421  10.34  32.68    10  3.058000  1.111573  2.00   5.00    10   
              Fri  Lunch           3  11.386667   2.510963   8.58  13.42     3  1.900000  0.310483  1.58   2.20     3   
                   Dinner          5  25.892000  10.383290  12.03  40.17     5  3.246000  1.218639  1.50   4.73     5   
              Sat  Dinner         27  21.837778   9.988045   7.74  50.81    27  2.879259  1.744338  1.00  10.00    27   
              Sun  Dinner         15  26.141333  10.693824   7.25  45.35    15  3.521333  1.417432  1.50   6.50    15   
       No     Thur Lunch          20  18.486500   8.739134   7.51  41.19    20  2.941500  1.485623  1.44   6.70    20   
              Fri  Dinner          2  17.475000   7.092281  12.46  22.49     2  2.500000  1.414214  1.50   3.50     2   
              Sat  Dinner         32  19.929063   9.779061   9.55  48.33    32  3.256563  1.839749  1.25   9.00    32   
              Sun  Dinner         43  20.403256   8.140559   8.77  48.17    43  3.115349  1.216401  1.32   6.00    43   
Female Yes    Thur Lunch           6  20.255000  11.496491  12.74  43.11     6  3.155000  1.229223  2.00   5.00     6   
              Fri  Lunch           3  13.260000   3.093105  10.09  16.27     3  2.660000  0.752861  2.00   3.48     3   
                   Dinner          4  12.200000   4.810121   5.75  16.32     4  2.700000  1.363818  1.00   4.30     4   
              Sat  Dinner         15  20.266667  10.485703   3.07  44.30    15  2.868667  1.461378  1.00   6.50    15   
              Sun  Dinner          4  16.540000   4.854764   9.60  20.90     4  3.500000  0.408248  3.00   4.00     4   
       No     Thur Lunch          24  15.899167   6.904808   8.35  34.83    24  2.437083  1.095542  1.25   5.17    24   
                   Dinner          1  18.780000        NaN  18.78  18.78     1  3.000000       NaN  3.00   3.00     1   
              Fri  Lunch           1  15.980000        NaN  15.98  15.98     1  3.000000       NaN  3.00   3.00     1   
                   Dinner          1  22.750000        NaN  22.75  22.75     1  3.250000       NaN  3.25   3.25     1   
              Sat  Dinner         13  19.003846   6.730219   7.25  35.83    13  2.724615  0.961904  1.00   4.67    13   
              Sun  Dinner         14  20.824286   8.396159  10.29  35.26    14  3.329286  1.282356  1.01   5.20    14   

                                                      percent_tips                                              \
                               mean       std min max        count       mean        std        min        max   
sex    smoker day  time                                                                                          
Male   Yes    Thur Lunch   2.300000  0.674949   2   4           10  16.441676   4.576440   9.001406  24.125452   
              Fri  Lunch   1.666667  0.577350   1   2            3  17.414400   5.334460  11.773472  22.377622   
                   Dinner  2.400000  0.894427   2   4            5  12.708199   1.785405  10.355540  14.662757   
              Sat  Dinner  2.629630  0.926040   2   5           27  13.906681   5.145495   3.563814  20.557682   
              Sun  Dinner  2.600000  0.985611   2   5           15  17.396381  16.293658   6.565988  71.034483   
       No     Thur Lunch   2.500000  1.147079   2   6           20  16.570635   4.709744   7.861635  26.631158   
              Fri  Dinner  2.000000  0.000000   2   2            2  13.800498   2.491808  12.038523  15.562472   
              Sat  Dinner  2.656250  0.787375   2   4           32  16.213217   4.063484   9.820426  29.198966   
              Sun  Dinner  2.883721  1.051287   2   6           43  15.829067   4.149784   7.180385  24.166264   
Female Yes    Thur Lunch   2.500000  0.836660   2   4            6  16.461031   3.425631  11.598237  21.150934   
              Fri  Lunch   2.000000  0.000000   2   2            3  20.372918   5.304402  15.365704  25.931446   
                   Dinner  2.000000  0.000000   2   2            4  21.317907   3.851666  17.391304  26.348039   
              Sat  Dinner  2.200000  0.676123   1   4           15  16.381673   7.544987   5.643341  32.573290   
              Sun  Dinner  2.500000  0.577350   2   3            4  23.707473  12.024713  16.746411  41.666667   
       No     Thur Lunch   2.500000  1.251086   1   6           24  15.581426   3.158032   7.296137  20.896657   
                   Dinner  2.000000       NaN   2   2            1  15.974441        NaN  15.974441  15.974441   
              Fri  Lunch   3.000000       NaN   3   3            1  18.773467        NaN  18.773467  18.773467   
                   Dinner  2.000000       NaN   2   2            1  14.285714        NaN  14.285714  14.285714   
              Sat  Dinner  2.307692  0.751068   1   4           13  14.799347   3.713532   5.679667  19.920319   
              Sun  Dinner  3.071429  0.997249   2   5           14  16.570992   4.600652   5.944673  25.267250   

                          total_cost                                     total_cost_per_person                       \
                               count       mean        std    min    max                 count       mean       std   
sex    smoker day  time                                                                                               
Male   Yes    Thur Lunch          10  22.229000   7.506580  12.34  37.68                    10  10.122750  4.122449   
              Fri  Lunch           3  13.286667   2.434447  10.50  15.00                     3   8.393333  1.831429   
                   Dinner          5  29.138000  11.521231  13.53  44.90                     5  12.324000  3.762008   
              Sat  Dinner         27  24.717037  11.156034   9.18  60.81                    27   9.639969  3.665931   
              Sun  Dinner         15  29.662667  10.669323  12.40  48.85                    15  12.204911  5.129165   
       No     Thur Lunch          20  21.428000   9.964645   9.00  46.19                    20   8.739483  2.799927   
              Fri  Dinner          2  19.975000   8.506495  13.96  25.99                     2   9.987500  4.253247   
              Sat  Dinner         32  23.185625  11.493534  11.00  57.33                    32   8.678229  2.731990   
              Sun  Dinner         43  23.518605   9.040869  10.77  53.17                    43   8.453539  2.566979   
Female Yes    Thur Lunch           6  23.410000  12.571921  14.75  48.11                     6   9.153194  2.409945   
              Fri  Lunch           3  15.920000   3.446143  12.09  18.77                     3   7.960000  1.723071   
                   Dinner          4  14.900000   6.119744   6.75  20.62                     4   7.450000  3.059872   
              Sat  Dinner         15  23.135333  11.217202   4.07  46.80                    15  10.244278  3.850875   
              Sun  Dinner          4  20.040000   4.593336  13.60  24.40                     4   8.101250  1.540066   
       No     Thur Lunch          24  18.336250   7.887440   9.76  40.00                    24   7.661875  2.031600   
                   Dinner          1  21.780000        NaN  21.78  21.78                     1  10.890000       NaN   
              Fri  Lunch           1  18.980000        NaN  18.98  18.98                     1   6.326667       NaN   
                   Dinner          1  26.000000        NaN  26.00  26.00                     1  13.000000       NaN   
              Sat  Dinner         13  21.728462   7.368432   8.25  40.50                    13   9.703590  2.654407   
              Sun  Dinner         14  24.153571   9.508619  12.00  40.26                    14   7.919619  1.871656   

                                                 
                                 min        max  
sex    smoker day  time                          
Male   Yes    Thur Lunch    6.132500  18.840000  
              Fri  Lunch    7.180000  10.500000  
                   Dinner   6.765000  15.985000  
              Sat  Dinner   4.590000  20.270000  
              Sun  Dinner   6.200000  21.775000  
       No     Thur Lunch    4.500000  15.280000  
              Fri  Dinner   6.980000  12.995000  
              Sat  Dinner   5.037500  14.332500  
              Sun  Dinner   4.000000  14.023333  
Female Yes    Thur Lunch    6.566667  12.027500  
              Fri  Lunch    6.045000   9.385000  
                   Dinner   3.375000  10.310000  
              Sat  Dinner   4.070000  15.600000  
              Sun  Dinner   6.800000  10.255000  
       No     Thur Lunch    4.880000  11.900000  
                   Dinner  10.890000  10.890000  
              Fri  Lunch    6.326667   6.326667  
                   Dinner  13.000000  13.000000  
              Sat  Dinner   5.785000  13.955000  
              Sun  Dinner   4.000000  10.405000  
2026-06-05 11:46:31 | INFO | EDA-NBA | === RUN START ===
2026-06-05 11:46:31 | INFO | EDA-NBA | project=EDA-NBA
2026-06-05 11:46:31 | INFO | EDA-NBA | repo_dir=datafun-04-notebooks
2026-06-05 11:46:31 | INFO | EDA-NBA | python=3.14.0
2026-06-05 11:46:31 | INFO | EDA-NBA | os=Windows 11
2026-06-05 11:46:31 | INFO | EDA-NBA | shell=powershell
2026-06-05 11:46:31 | INFO | EDA-NBA | cwd=notebooks
2026-06-05 11:46:31 | INFO | EDA-NBA | github_actions=False
2026-06-05 11:46:31 | INFO | EDA-NBA | Chose dataset: tips
2026-06-05 11:46:31 | INFO | EDA-NBA | Imports complete.
2026-06-05 11:46:31 | INFO | EDA-NBA | Quickly Summarize Dataset To Confirm Suitability
2026-06-05 11:46:31 | INFO | EDA-NBA | Loading dataset: tips
2026-06-05 11:46:31 | INFO | EDA-NBA | Loaded: 244 rows, 7 columns
2026-06-05 11:46:31 | INFO | EDA-NBA | Previewing first few rows of the dataset
2026-06-05 11:46:31 | INFO | EDA-NBA | Column names
2026-06-05 11:46:31 | INFO | EDA-NBA | Data types and non-null counts
2026-06-05 11:46:31 | INFO | EDA-NBA | Dataset shape: 244 rows, 7 columns
2026-06-05 11:46:31 | INFO | EDA-NBA | Building starter data dictionary
2026-06-05 11:46:31 | DEBUG | EDA-NBA | 
       column     dtype  missing_count  missing_pct
0  total_bill   float64              0          0.0
1         tip   float64              0          0.0
2         sex  category              0          0.0
3      smoker  category              0          0.0
4         day  category              0          0.0
5        time  category              0          0.0
6        size     int64              0          0.0
2026-06-05 11:46:31 | INFO | EDA-NBA | Duplicate rows detected: 1
2026-06-05 11:46:31 | INFO | EDA-NBA | Call describe() for numeric columns
2026-06-05 11:46:31 | DEBUG | EDA-NBA | 
       total_bill         tip        size
count  244.000000  244.000000  244.000000
mean    19.785943    2.998279    2.569672
std      8.902412    1.383638    0.951100
min      3.070000    1.000000    1.000000
25%     13.347500    2.000000    2.000000
50%     17.795000    2.900000    2.000000
75%     24.127500    3.562500    3.000000
max     50.810000   10.000000    6.000000

2026-06-05 11:46:31 | INFO | EDA-NBA | After dropping duplicates: 243 rows, 7 columns
2026-06-05 11:46:31 | INFO | EDA-NBA | Duplicate rows dropped: 1
2026-06-05 11:46:31 | INFO | EDA-NBA | Added new column: percent_tips = tip / total_bill * 100
2026-06-05 11:46:31 | INFO | EDA-NBA | Added new column: total_cost = total_bill + tip
2026-06-05 11:46:31 | INFO | EDA-NBA | Added new column: total_cost_per_person = total_cost / size
2026-06-05 11:46:31 | INFO | EDA-NBA | Computing overall descriptive statistics
2026-06-05 11:46:31 | INFO | EDA-NBA | Overall descriptive statistics:
                       count       mean       std       min        25%        50%        75%        max
total_bill             243.0  19.813868  8.910071  3.070000  13.380000  17.810000  24.175000  50.810000
tip                    243.0   3.002387  1.385002  1.000000   2.000000   2.920000   3.575000  10.000000
size                   243.0   2.572016  0.952356  1.000000   2.000000   2.000000   3.000000   6.000000
percent_tips           243.0  16.083121  6.119662  3.563814  12.883281  15.521855  19.174638  71.034483
total_cost             243.0  22.816255  9.897837  4.070000  15.640000  20.620000  27.785000  60.810000
total_cost_per_person  243.0   9.107580  3.210674  3.375000   6.746667   8.465000  10.720833  21.775000
2026-06-05 11:46:31 | DEBUG | EDA-NBA | 
                          total_bill                                       tip                                   size  \
                               count       mean        std    min    max count      mean       std   min    max count   
sex    smoker day  time                                                                                                 
Male   Yes    Thur Lunch          10  19.171000   6.757421  10.34  32.68    10  3.058000  1.111573  2.00   5.00    10   
              Fri  Lunch           3  11.386667   2.510963   8.58  13.42     3  1.900000  0.310483  1.58   2.20     3   
                   Dinner          5  25.892000  10.383290  12.03  40.17     5  3.246000  1.218639  1.50   4.73     5   
              Sat  Dinner         27  21.837778   9.988045   7.74  50.81    27  2.879259  1.744338  1.00  10.00    27   
              Sun  Dinner         15  26.141333  10.693824   7.25  45.35    15  3.521333  1.417432  1.50   6.50    15   
       No     Thur Lunch          20  18.486500   8.739134   7.51  41.19    20  2.941500  1.485623  1.44   6.70    20   
              Fri  Dinner          2  17.475000   7.092281  12.46  22.49     2  2.500000  1.414214  1.50   3.50     2   
              Sat  Dinner         32  19.929063   9.779061   9.55  48.33    32  3.256563  1.839749  1.25   9.00    32   
              Sun  Dinner         43  20.403256   8.140559   8.77  48.17    43  3.115349  1.216401  1.32   6.00    43   
Female Yes    Thur Lunch           6  20.255000  11.496491  12.74  43.11     6  3.155000  1.229223  2.00   5.00     6   
              Fri  Lunch           3  13.260000   3.093105  10.09  16.27     3  2.660000  0.752861  2.00   3.48     3   
                   Dinner          4  12.200000   4.810121   5.75  16.32     4  2.700000  1.363818  1.00   4.30     4   
              Sat  Dinner         15  20.266667  10.485703   3.07  44.30    15  2.868667  1.461378  1.00   6.50    15   
              Sun  Dinner          4  16.540000   4.854764   9.60  20.90     4  3.500000  0.408248  3.00   4.00     4   
       No     Thur Lunch          24  15.899167   6.904808   8.35  34.83    24  2.437083  1.095542  1.25   5.17    24   
                   Dinner          1  18.780000        NaN  18.78  18.78     1  3.000000       NaN  3.00   3.00     1   
              Fri  Lunch           1  15.980000        NaN  15.98  15.98     1  3.000000       NaN  3.00   3.00     1   
                   Dinner          1  22.750000        NaN  22.75  22.75     1  3.250000       NaN  3.25   3.25     1   
              Sat  Dinner         13  19.003846   6.730219   7.25  35.83    13  2.724615  0.961904  1.00   4.67    13   
              Sun  Dinner         14  20.824286   8.396159  10.29  35.26    14  3.329286  1.282356  1.01   5.20    14   

                                                      percent_tips                                              \
                               mean       std min max        count       mean        std        min        max   
sex    smoker day  time                                                                                          
Male   Yes    Thur Lunch   2.300000  0.674949   2   4           10  16.441676   4.576440   9.001406  24.125452   
              Fri  Lunch   1.666667  0.577350   1   2            3  17.414400   5.334460  11.773472  22.377622   
                   Dinner  2.400000  0.894427   2   4            5  12.708199   1.785405  10.355540  14.662757   
              Sat  Dinner  2.629630  0.926040   2   5           27  13.906681   5.145495   3.563814  20.557682   
              Sun  Dinner  2.600000  0.985611   2   5           15  17.396381  16.293658   6.565988  71.034483   
       No     Thur Lunch   2.500000  1.147079   2   6           20  16.570635   4.709744   7.861635  26.631158   
              Fri  Dinner  2.000000  0.000000   2   2            2  13.800498   2.491808  12.038523  15.562472   
              Sat  Dinner  2.656250  0.787375   2   4           32  16.213217   4.063484   9.820426  29.198966   
              Sun  Dinner  2.883721  1.051287   2   6           43  15.829067   4.149784   7.180385  24.166264   
Female Yes    Thur Lunch   2.500000  0.836660   2   4            6  16.461031   3.425631  11.598237  21.150934   
              Fri  Lunch   2.000000  0.000000   2   2            3  20.372918   5.304402  15.365704  25.931446   
                   Dinner  2.000000  0.000000   2   2            4  21.317907   3.851666  17.391304  26.348039   
              Sat  Dinner  2.200000  0.676123   1   4           15  16.381673   7.544987   5.643341  32.573290   
              Sun  Dinner  2.500000  0.577350   2   3            4  23.707473  12.024713  16.746411  41.666667   
       No     Thur Lunch   2.500000  1.251086   1   6           24  15.581426   3.158032   7.296137  20.896657   
                   Dinner  2.000000       NaN   2   2            1  15.974441        NaN  15.974441  15.974441   
              Fri  Lunch   3.000000       NaN   3   3            1  18.773467        NaN  18.773467  18.773467   
                   Dinner  2.000000       NaN   2   2            1  14.285714        NaN  14.285714  14.285714   
              Sat  Dinner  2.307692  0.751068   1   4           13  14.799347   3.713532   5.679667  19.920319   
              Sun  Dinner  3.071429  0.997249   2   5           14  16.570992   4.600652   5.944673  25.267250   

                          total_cost                                     total_cost_per_person                       \
                               count       mean        std    min    max                 count       mean       std   
sex    smoker day  time                                                                                               
Male   Yes    Thur Lunch          10  22.229000   7.506580  12.34  37.68                    10  10.122750  4.122449   
              Fri  Lunch           3  13.286667   2.434447  10.50  15.00                     3   8.393333  1.831429   
                   Dinner          5  29.138000  11.521231  13.53  44.90                     5  12.324000  3.762008   
              Sat  Dinner         27  24.717037  11.156034   9.18  60.81                    27   9.639969  3.665931   
              Sun  Dinner         15  29.662667  10.669323  12.40  48.85                    15  12.204911  5.129165   
       No     Thur Lunch          20  21.428000   9.964645   9.00  46.19                    20   8.739483  2.799927   
              Fri  Dinner          2  19.975000   8.506495  13.96  25.99                     2   9.987500  4.253247   
              Sat  Dinner         32  23.185625  11.493534  11.00  57.33                    32   8.678229  2.731990   
              Sun  Dinner         43  23.518605   9.040869  10.77  53.17                    43   8.453539  2.566979   
Female Yes    Thur Lunch           6  23.410000  12.571921  14.75  48.11                     6   9.153194  2.409945   
              Fri  Lunch           3  15.920000   3.446143  12.09  18.77                     3   7.960000  1.723071   
                   Dinner          4  14.900000   6.119744   6.75  20.62                     4   7.450000  3.059872   
              Sat  Dinner         15  23.135333  11.217202   4.07  46.80                    15  10.244278  3.850875   
              Sun  Dinner          4  20.040000   4.593336  13.60  24.40                     4   8.101250  1.540066   
       No     Thur Lunch          24  18.336250   7.887440   9.76  40.00                    24   7.661875  2.031600   
                   Dinner          1  21.780000        NaN  21.78  21.78                     1  10.890000       NaN   
              Fri  Lunch           1  18.980000        NaN  18.98  18.98                     1   6.326667       NaN   
                   Dinner          1  26.000000        NaN  26.00  26.00                     1  13.000000       NaN   
              Sat  Dinner         13  21.728462   7.368432   8.25  40.50                    13   9.703590  2.654407   
              Sun  Dinner         14  24.153571   9.508619  12.00  40.26                    14   7.919619  1.871656   

                                                 
                                 min        max  
sex    smoker day  time                          
Male   Yes    Thur Lunch    6.132500  18.840000  
              Fri  Lunch    7.180000  10.500000  
                   Dinner   6.765000  15.985000  
              Sat  Dinner   4.590000  20.270000  
              Sun  Dinner   6.200000  21.775000  
       No     Thur Lunch    4.500000  15.280000  
              Fri  Dinner   6.980000  12.995000  
              Sat  Dinner   5.037500  14.332500  
              Sun  Dinner   4.000000  14.023333  
Female Yes    Thur Lunch    6.566667  12.027500  
              Fri  Lunch    6.045000   9.385000  
                   Dinner   3.375000  10.310000  
              Sat  Dinner   4.070000  15.600000  
              Sun  Dinner   6.800000  10.255000  
       No     Thur Lunch    4.880000  11.900000  
                   Dinner  10.890000  10.890000  
              Fri  Lunch    6.326667   6.326667  
                   Dinner  13.000000  13.000000  
              Sat  Dinner   5.785000  13.955000  
              Sun  Dinner   4.000000  10.405000  
2026-06-05 11:48:03 | INFO | EDA-NBA | === RUN START ===
2026-06-05 11:48:03 | INFO | EDA-NBA | project=EDA-NBA
2026-06-05 11:48:03 | INFO | EDA-NBA | repo_dir=datafun-04-notebooks
2026-06-05 11:48:03 | INFO | EDA-NBA | python=3.14.0
2026-06-05 11:48:03 | INFO | EDA-NBA | os=Windows 11
2026-06-05 11:48:03 | INFO | EDA-NBA | shell=powershell
2026-06-05 11:48:03 | INFO | EDA-NBA | cwd=notebooks
2026-06-05 11:48:03 | INFO | EDA-NBA | github_actions=False
2026-06-05 11:48:03 | INFO | EDA-NBA | Chose dataset: tips
2026-06-05 11:48:03 | INFO | EDA-NBA | Imports complete.
2026-06-05 11:48:03 | INFO | EDA-NBA | Quickly Summarize Dataset To Confirm Suitability
2026-06-05 11:48:03 | INFO | EDA-NBA | Loading dataset: tips
2026-06-05 11:48:03 | INFO | EDA-NBA | Loaded: 244 rows, 7 columns
2026-06-05 11:48:03 | INFO | EDA-NBA | Previewing first few rows of the dataset
2026-06-05 11:48:03 | INFO | EDA-NBA | Column names
2026-06-05 11:48:03 | INFO | EDA-NBA | Data types and non-null counts
2026-06-05 11:48:03 | INFO | EDA-NBA | Dataset shape: 244 rows, 7 columns
2026-06-05 11:48:03 | INFO | EDA-NBA | Building starter data dictionary
2026-06-05 11:48:03 | DEBUG | EDA-NBA | 
       column     dtype  missing_count  missing_pct
0  total_bill   float64              0          0.0
1         tip   float64              0          0.0
2         sex  category              0          0.0
3      smoker  category              0          0.0
4         day  category              0          0.0
5        time  category              0          0.0
6        size     int64              0          0.0
2026-06-05 11:48:03 | INFO | EDA-NBA | Duplicate rows detected: 1
2026-06-05 11:48:03 | INFO | EDA-NBA | Call describe() for numeric columns
2026-06-05 11:48:03 | DEBUG | EDA-NBA | 
       total_bill         tip        size
count  244.000000  244.000000  244.000000
mean    19.785943    2.998279    2.569672
std      8.902412    1.383638    0.951100
min      3.070000    1.000000    1.000000
25%     13.347500    2.000000    2.000000
50%     17.795000    2.900000    2.000000
75%     24.127500    3.562500    3.000000
max     50.810000   10.000000    6.000000

2026-06-05 11:48:03 | INFO | EDA-NBA | After dropping duplicates: 243 rows, 7 columns
2026-06-05 11:48:03 | INFO | EDA-NBA | Duplicate rows dropped: 1
2026-06-05 11:48:03 | INFO | EDA-NBA | Added new column: percent_tips = tip / total_bill * 100
2026-06-05 11:48:03 | INFO | EDA-NBA | Added new column: total_cost = total_bill + tip
2026-06-05 11:48:03 | INFO | EDA-NBA | Added new column: total_cost_per_person = total_cost / size
2026-06-05 11:48:03 | INFO | EDA-NBA | Computing overall descriptive statistics
2026-06-05 11:48:03 | INFO | EDA-NBA | Overall descriptive statistics:
                       count       mean       std       min        25%        50%        75%        max
total_bill             243.0  19.813868  8.910071  3.070000  13.380000  17.810000  24.175000  50.810000
tip                    243.0   3.002387  1.385002  1.000000   2.000000   2.920000   3.575000  10.000000
size                   243.0   2.572016  0.952356  1.000000   2.000000   2.000000   3.000000   6.000000
percent_tips           243.0  16.083121  6.119662  3.563814  12.883281  15.521855  19.174638  71.034483
total_cost             243.0  22.816255  9.897837  4.070000  15.640000  20.620000  27.785000  60.810000
total_cost_per_person  243.0   9.107580  3.210674  3.375000   6.746667   8.465000  10.720833  21.775000
2026-06-05 11:48:03 | DEBUG | EDA-NBA | 
                          total_bill                                       tip                                   size  \
                               count       mean        std    min    max count      mean       std   min    max count   
sex    smoker day  time                                                                                                 
Male   Yes    Thur Lunch          10  19.171000   6.757421  10.34  32.68    10  3.058000  1.111573  2.00   5.00    10   
              Fri  Lunch           3  11.386667   2.510963   8.58  13.42     3  1.900000  0.310483  1.58   2.20     3   
                   Dinner          5  25.892000  10.383290  12.03  40.17     5  3.246000  1.218639  1.50   4.73     5   
              Sat  Dinner         27  21.837778   9.988045   7.74  50.81    27  2.879259  1.744338  1.00  10.00    27   
              Sun  Dinner         15  26.141333  10.693824   7.25  45.35    15  3.521333  1.417432  1.50   6.50    15   
       No     Thur Lunch          20  18.486500   8.739134   7.51  41.19    20  2.941500  1.485623  1.44   6.70    20   
              Fri  Dinner          2  17.475000   7.092281  12.46  22.49     2  2.500000  1.414214  1.50   3.50     2   
              Sat  Dinner         32  19.929063   9.779061   9.55  48.33    32  3.256563  1.839749  1.25   9.00    32   
              Sun  Dinner         43  20.403256   8.140559   8.77  48.17    43  3.115349  1.216401  1.32   6.00    43   
Female Yes    Thur Lunch           6  20.255000  11.496491  12.74  43.11     6  3.155000  1.229223  2.00   5.00     6   
              Fri  Lunch           3  13.260000   3.093105  10.09  16.27     3  2.660000  0.752861  2.00   3.48     3   
                   Dinner          4  12.200000   4.810121   5.75  16.32     4  2.700000  1.363818  1.00   4.30     4   
              Sat  Dinner         15  20.266667  10.485703   3.07  44.30    15  2.868667  1.461378  1.00   6.50    15   
              Sun  Dinner          4  16.540000   4.854764   9.60  20.90     4  3.500000  0.408248  3.00   4.00     4   
       No     Thur Lunch          24  15.899167   6.904808   8.35  34.83    24  2.437083  1.095542  1.25   5.17    24   
                   Dinner          1  18.780000        NaN  18.78  18.78     1  3.000000       NaN  3.00   3.00     1   
              Fri  Lunch           1  15.980000        NaN  15.98  15.98     1  3.000000       NaN  3.00   3.00     1   
                   Dinner          1  22.750000        NaN  22.75  22.75     1  3.250000       NaN  3.25   3.25     1   
              Sat  Dinner         13  19.003846   6.730219   7.25  35.83    13  2.724615  0.961904  1.00   4.67    13   
              Sun  Dinner         14  20.824286   8.396159  10.29  35.26    14  3.329286  1.282356  1.01   5.20    14   

                                                      percent_tips                                              \
                               mean       std min max        count       mean        std        min        max   
sex    smoker day  time                                                                                          
Male   Yes    Thur Lunch   2.300000  0.674949   2   4           10  16.441676   4.576440   9.001406  24.125452   
              Fri  Lunch   1.666667  0.577350   1   2            3  17.414400   5.334460  11.773472  22.377622   
                   Dinner  2.400000  0.894427   2   4            5  12.708199   1.785405  10.355540  14.662757   
              Sat  Dinner  2.629630  0.926040   2   5           27  13.906681   5.145495   3.563814  20.557682   
              Sun  Dinner  2.600000  0.985611   2   5           15  17.396381  16.293658   6.565988  71.034483   
       No     Thur Lunch   2.500000  1.147079   2   6           20  16.570635   4.709744   7.861635  26.631158   
              Fri  Dinner  2.000000  0.000000   2   2            2  13.800498   2.491808  12.038523  15.562472   
              Sat  Dinner  2.656250  0.787375   2   4           32  16.213217   4.063484   9.820426  29.198966   
              Sun  Dinner  2.883721  1.051287   2   6           43  15.829067   4.149784   7.180385  24.166264   
Female Yes    Thur Lunch   2.500000  0.836660   2   4            6  16.461031   3.425631  11.598237  21.150934   
              Fri  Lunch   2.000000  0.000000   2   2            3  20.372918   5.304402  15.365704  25.931446   
                   Dinner  2.000000  0.000000   2   2            4  21.317907   3.851666  17.391304  26.348039   
              Sat  Dinner  2.200000  0.676123   1   4           15  16.381673   7.544987   5.643341  32.573290   
              Sun  Dinner  2.500000  0.577350   2   3            4  23.707473  12.024713  16.746411  41.666667   
       No     Thur Lunch   2.500000  1.251086   1   6           24  15.581426   3.158032   7.296137  20.896657   
                   Dinner  2.000000       NaN   2   2            1  15.974441        NaN  15.974441  15.974441   
              Fri  Lunch   3.000000       NaN   3   3            1  18.773467        NaN  18.773467  18.773467   
                   Dinner  2.000000       NaN   2   2            1  14.285714        NaN  14.285714  14.285714   
              Sat  Dinner  2.307692  0.751068   1   4           13  14.799347   3.713532   5.679667  19.920319   
              Sun  Dinner  3.071429  0.997249   2   5           14  16.570992   4.600652   5.944673  25.267250   

                          total_cost                                     total_cost_per_person                       \
                               count       mean        std    min    max                 count       mean       std   
sex    smoker day  time                                                                                               
Male   Yes    Thur Lunch          10  22.229000   7.506580  12.34  37.68                    10  10.122750  4.122449   
              Fri  Lunch           3  13.286667   2.434447  10.50  15.00                     3   8.393333  1.831429   
                   Dinner          5  29.138000  11.521231  13.53  44.90                     5  12.324000  3.762008   
              Sat  Dinner         27  24.717037  11.156034   9.18  60.81                    27   9.639969  3.665931   
              Sun  Dinner         15  29.662667  10.669323  12.40  48.85                    15  12.204911  5.129165   
       No     Thur Lunch          20  21.428000   9.964645   9.00  46.19                    20   8.739483  2.799927   
              Fri  Dinner          2  19.975000   8.506495  13.96  25.99                     2   9.987500  4.253247   
              Sat  Dinner         32  23.185625  11.493534  11.00  57.33                    32   8.678229  2.731990   
              Sun  Dinner         43  23.518605   9.040869  10.77  53.17                    43   8.453539  2.566979   
Female Yes    Thur Lunch           6  23.410000  12.571921  14.75  48.11                     6   9.153194  2.409945   
              Fri  Lunch           3  15.920000   3.446143  12.09  18.77                     3   7.960000  1.723071   
                   Dinner          4  14.900000   6.119744   6.75  20.62                     4   7.450000  3.059872   
              Sat  Dinner         15  23.135333  11.217202   4.07  46.80                    15  10.244278  3.850875   
              Sun  Dinner          4  20.040000   4.593336  13.60  24.40                     4   8.101250  1.540066   
       No     Thur Lunch          24  18.336250   7.887440   9.76  40.00                    24   7.661875  2.031600   
                   Dinner          1  21.780000        NaN  21.78  21.78                     1  10.890000       NaN   
              Fri  Lunch           1  18.980000        NaN  18.98  18.98                     1   6.326667       NaN   
                   Dinner          1  26.000000        NaN  26.00  26.00                     1  13.000000       NaN   
              Sat  Dinner         13  21.728462   7.368432   8.25  40.50                    13   9.703590  2.654407   
              Sun  Dinner         14  24.153571   9.508619  12.00  40.26                    14   7.919619  1.871656   

                                                 
                                 min        max  
sex    smoker day  time                          
Male   Yes    Thur Lunch    6.132500  18.840000  
              Fri  Lunch    7.180000  10.500000  
                   Dinner   6.765000  15.985000  
              Sat  Dinner   4.590000  20.270000  
              Sun  Dinner   6.200000  21.775000  
       No     Thur Lunch    4.500000  15.280000  
              Fri  Dinner   6.980000  12.995000  
              Sat  Dinner   5.037500  14.332500  
              Sun  Dinner   4.000000  14.023333  
Female Yes    Thur Lunch    6.566667  12.027500  
              Fri  Lunch    6.045000   9.385000  
                   Dinner   3.375000  10.310000  
              Sat  Dinner   4.070000  15.600000  
              Sun  Dinner   6.800000  10.255000  
       No     Thur Lunch    4.880000  11.900000  
                   Dinner  10.890000  10.890000  
              Fri  Lunch    6.326667   6.326667  
                   Dinner  13.000000  13.000000  
              Sat  Dinner   5.785000  13.955000  
              Sun  Dinner   4.000000  10.405000  
2026-06-05 11:55:09 | INFO | EDA-NBA | === RUN START ===
2026-06-05 11:55:09 | INFO | EDA-NBA | project=EDA-NBA
2026-06-05 11:55:09 | INFO | EDA-NBA | repo_dir=datafun-04-notebooks
2026-06-05 11:55:09 | INFO | EDA-NBA | python=3.14.0
2026-06-05 11:55:09 | INFO | EDA-NBA | os=Windows 11
2026-06-05 11:55:09 | INFO | EDA-NBA | shell=powershell
2026-06-05 11:55:09 | INFO | EDA-NBA | cwd=notebooks
2026-06-05 11:55:09 | INFO | EDA-NBA | github_actions=False
2026-06-05 11:55:09 | INFO | EDA-NBA | Chose dataset: tips
2026-06-05 11:55:09 | INFO | EDA-NBA | Imports complete.
2026-06-05 11:55:09 | INFO | EDA-NBA | Quickly Summarize Dataset To Confirm Suitability
2026-06-05 11:55:09 | INFO | EDA-NBA | Loading dataset: tips
2026-06-05 11:55:09 | INFO | EDA-NBA | Loaded: 244 rows, 7 columns
2026-06-05 11:55:09 | INFO | EDA-NBA | Previewing first few rows of the dataset
2026-06-05 11:55:09 | INFO | EDA-NBA | Column names
2026-06-05 11:55:09 | INFO | EDA-NBA | Data types and non-null counts
2026-06-05 11:55:09 | INFO | EDA-NBA | Dataset shape: 244 rows, 7 columns
2026-06-05 11:55:09 | INFO | EDA-NBA | Building starter data dictionary
2026-06-05 11:55:09 | DEBUG | EDA-NBA | 
       column     dtype  missing_count  missing_pct
0  total_bill   float64              0          0.0
1         tip   float64              0          0.0
2         sex  category              0          0.0
3      smoker  category              0          0.0
4         day  category              0          0.0
5        time  category              0          0.0
6        size     int64              0          0.0
2026-06-05 11:55:09 | INFO | EDA-NBA | Duplicate rows detected: 1
2026-06-05 11:55:09 | INFO | EDA-NBA | Call describe() for numeric columns
2026-06-05 11:55:09 | DEBUG | EDA-NBA | 
       total_bill         tip        size
count  244.000000  244.000000  244.000000
mean    19.785943    2.998279    2.569672
std      8.902412    1.383638    0.951100
min      3.070000    1.000000    1.000000
25%     13.347500    2.000000    2.000000
50%     17.795000    2.900000    2.000000
75%     24.127500    3.562500    3.000000
max     50.810000   10.000000    6.000000

2026-06-05 11:55:09 | INFO | EDA-NBA | After dropping duplicates: 243 rows, 7 columns
2026-06-05 11:55:09 | INFO | EDA-NBA | Duplicate rows dropped: 1
2026-06-05 11:55:09 | INFO | EDA-NBA | Added new column: percent_tips = tip / total_bill * 100
2026-06-05 11:55:09 | INFO | EDA-NBA | Added new column: total_cost = total_bill + tip
2026-06-05 11:55:09 | INFO | EDA-NBA | Added new column: total_cost_per_person = total_cost / size
2026-06-05 11:55:09 | INFO | EDA-NBA | Computing overall descriptive statistics
2026-06-05 11:55:10 | INFO | EDA-NBA | Overall descriptive statistics:
                       count       mean       std       min        25%        50%        75%        max
total_bill             243.0  19.813868  8.910071  3.070000  13.380000  17.810000  24.175000  50.810000
tip                    243.0   3.002387  1.385002  1.000000   2.000000   2.920000   3.575000  10.000000
size                   243.0   2.572016  0.952356  1.000000   2.000000   2.000000   3.000000   6.000000
percent_tips           243.0  16.083121  6.119662  3.563814  12.883281  15.521855  19.174638  71.034483
total_cost             243.0  22.816255  9.897837  4.070000  15.640000  20.620000  27.785000  60.810000
total_cost_per_person  243.0   9.107580  3.210674  3.375000   6.746667   8.465000  10.720833  21.775000
2026-06-05 11:58:23 | INFO | EDA-NBA | === RUN START ===
2026-06-05 11:58:23 | INFO | EDA-NBA | project=EDA-NBA
2026-06-05 11:58:23 | INFO | EDA-NBA | repo_dir=datafun-04-notebooks
2026-06-05 11:58:23 | INFO | EDA-NBA | python=3.14.0
2026-06-05 11:58:23 | INFO | EDA-NBA | os=Windows 11
2026-06-05 11:58:23 | INFO | EDA-NBA | shell=powershell
2026-06-05 11:58:23 | INFO | EDA-NBA | cwd=notebooks
2026-06-05 11:58:23 | INFO | EDA-NBA | github_actions=False
2026-06-05 11:58:23 | INFO | EDA-NBA | Chose dataset: tips
2026-06-05 11:58:23 | INFO | EDA-NBA | Imports complete.
2026-06-05 11:58:23 | INFO | EDA-NBA | Quickly Summarize Dataset To Confirm Suitability
2026-06-05 11:58:23 | INFO | EDA-NBA | Loading dataset: tips
2026-06-05 11:58:23 | INFO | EDA-NBA | Loaded: 244 rows, 7 columns
2026-06-05 11:58:23 | INFO | EDA-NBA | Previewing first few rows of the dataset
2026-06-05 11:58:23 | INFO | EDA-NBA | Column names
2026-06-05 11:58:23 | INFO | EDA-NBA | Data types and non-null counts
2026-06-05 11:58:23 | INFO | EDA-NBA | Dataset shape: 244 rows, 7 columns
2026-06-05 11:58:23 | INFO | EDA-NBA | Building starter data dictionary
2026-06-05 11:58:23 | DEBUG | EDA-NBA | 
       column     dtype  missing_count  missing_pct
0  total_bill   float64              0          0.0
1         tip   float64              0          0.0
2         sex  category              0          0.0
3      smoker  category              0          0.0
4         day  category              0          0.0
5        time  category              0          0.0
6        size     int64              0          0.0
2026-06-05 11:58:23 | INFO | EDA-NBA | Duplicate rows detected: 1
2026-06-05 11:58:23 | INFO | EDA-NBA | Call describe() for numeric columns
2026-06-05 11:58:23 | DEBUG | EDA-NBA | 
       total_bill         tip        size
count  244.000000  244.000000  244.000000
mean    19.785943    2.998279    2.569672
std      8.902412    1.383638    0.951100
min      3.070000    1.000000    1.000000
25%     13.347500    2.000000    2.000000
50%     17.795000    2.900000    2.000000
75%     24.127500    3.562500    3.000000
max     50.810000   10.000000    6.000000

2026-06-05 11:58:23 | INFO | EDA-NBA | After dropping duplicates: 243 rows, 7 columns
2026-06-05 11:58:23 | INFO | EDA-NBA | Duplicate rows dropped: 1
2026-06-05 11:58:23 | INFO | EDA-NBA | Added new column: percent_tips = tip / total_bill * 100
2026-06-05 11:58:23 | INFO | EDA-NBA | Added new column: total_cost = total_bill + tip
2026-06-05 11:58:23 | INFO | EDA-NBA | Added new column: total_cost_per_person = total_cost / size
2026-06-05 11:58:24 | INFO | EDA-NBA | Computing overall descriptive statistics
2026-06-05 11:58:24 | INFO | EDA-NBA | Overall descriptive statistics:
                       count       mean       std       min        25%        50%        75%        max
total_bill             243.0  19.813868  8.910071  3.070000  13.380000  17.810000  24.175000  50.810000
tip                    243.0   3.002387  1.385002  1.000000   2.000000   2.920000   3.575000  10.000000
size                   243.0   2.572016  0.952356  1.000000   2.000000   2.000000   3.000000   6.000000
percent_tips           243.0  16.083121  6.119662  3.563814  12.883281  15.521855  19.174638  71.034483
total_cost             243.0  22.816255  9.897837  4.070000  15.640000  20.620000  27.785000  60.810000
total_cost_per_person  243.0   9.107580  3.210674  3.375000   6.746667   8.465000  10.720833  21.775000
2026-06-05 11:58:24 | DEBUG | EDA-NBA | 
                                                 count       mean       std        min        max
sex    smoker day  time                                                                          
Male   Yes    Thur Lunch  total_bill                10  19.171000  6.757421  10.340000  32.680000
                          tip                       10   3.058000  1.111573   2.000000   5.000000
                          size                      10   2.300000  0.674949   2.000000   4.000000
                          percent_tips              10  16.441676  4.576440   9.001406  24.125452
                          total_cost                10  22.229000  7.506580  12.340000  37.680000
...                                                ...        ...       ...        ...        ...
Female No     Sun  Dinner tip                       14   3.329286  1.282356   1.010000   5.200000
                          size                      14   3.071429  0.997249   2.000000   5.000000
                          percent_tips              14  16.570992  4.600652   5.944673  25.267250
                          total_cost                14  24.153571  9.508619  12.000000  40.260000
                          total_cost_per_person     14   7.919619  1.871656   4.000000  10.405000

[120 rows x 5 columns]
2026-06-07 14:05:50 | INFO | EDA-NBA | === RUN START ===
2026-06-07 14:05:50 | INFO | EDA-NBA | project=EDA-NBA
2026-06-07 14:05:50 | INFO | EDA-NBA | repo_dir=datafun-04-notebooks
2026-06-07 14:05:50 | INFO | EDA-NBA | python=3.14.0
2026-06-07 14:05:50 | INFO | EDA-NBA | os=Windows 11
2026-06-07 14:05:50 | INFO | EDA-NBA | shell=powershell
2026-06-07 14:05:50 | INFO | EDA-NBA | cwd=notebooks
2026-06-07 14:05:50 | INFO | EDA-NBA | github_actions=False
2026-06-07 14:05:50 | INFO | EDA-NBA | Chose dataset: tips
2026-06-07 14:05:50 | INFO | EDA-NBA | Imports complete.
2026-06-07 14:05:50 | INFO | EDA-NBA | Quickly Summarize Dataset To Confirm Suitability
2026-06-07 14:05:50 | INFO | EDA-NBA | Loading dataset: tips
2026-06-07 14:05:50 | INFO | EDA-NBA | Loaded: 244 rows, 7 columns
2026-06-07 14:05:50 | INFO | EDA-NBA | Previewing first few rows of the dataset
2026-06-07 14:05:50 | INFO | EDA-NBA | Column names
2026-06-07 14:05:50 | INFO | EDA-NBA | Data types and non-null counts
2026-06-07 14:05:50 | INFO | EDA-NBA | Dataset shape: 244 rows, 7 columns
2026-06-07 14:05:50 | INFO | EDA-NBA | Building starter data dictionary
2026-06-07 14:05:50 | DEBUG | EDA-NBA | 
       column     dtype  missing_count  missing_pct
0  total_bill   float64              0          0.0
1         tip   float64              0          0.0
2         sex  category              0          0.0
3      smoker  category              0          0.0
4         day  category              0          0.0
5        time  category              0          0.0
6        size     int64              0          0.0
2026-06-07 14:05:50 | INFO | EDA-NBA | Duplicate rows detected: 1
2026-06-07 14:05:50 | INFO | EDA-NBA | Call describe() for numeric columns
2026-06-07 14:05:50 | DEBUG | EDA-NBA | 
       total_bill         tip        size
count  244.000000  244.000000  244.000000
mean    19.785943    2.998279    2.569672
std      8.902412    1.383638    0.951100
min      3.070000    1.000000    1.000000
25%     13.347500    2.000000    2.000000
50%     17.795000    2.900000    2.000000
75%     24.127500    3.562500    3.000000
max     50.810000   10.000000    6.000000

2026-06-07 14:05:50 | INFO | EDA-NBA | After dropping duplicates: 243 rows, 7 columns
2026-06-07 14:05:50 | INFO | EDA-NBA | Duplicate rows dropped: 1
2026-06-07 14:05:50 | INFO | EDA-NBA | Added new column: percent_tips = tip / total_bill * 100
2026-06-07 14:05:50 | INFO | EDA-NBA | Added new column: total_cost = total_bill + tip
2026-06-07 14:05:50 | INFO | EDA-NBA | Added new column: total_cost_per_person = total_cost / size
2026-06-07 14:05:51 | INFO | EDA-NBA | Computing overall descriptive statistics
2026-06-07 14:05:51 | INFO | EDA-NBA | Overall descriptive statistics:
                       count       mean       std       min        25%        50%        75%        max
total_bill             243.0  19.813868  8.910071  3.070000  13.380000  17.810000  24.175000  50.810000
tip                    243.0   3.002387  1.385002  1.000000   2.000000   2.920000   3.575000  10.000000
size                   243.0   2.572016  0.952356  1.000000   2.000000   2.000000   3.000000   6.000000
percent_tips           243.0  16.083121  6.119662  3.563814  12.883281  15.521855  19.174638  71.034483
total_cost             243.0  22.816255  9.897837  4.070000  15.640000  20.620000  27.785000  60.810000
total_cost_per_person  243.0   9.107580  3.210674  3.375000   6.746667   8.465000  10.720833  21.775000
2026-06-07 14:05:51 | INFO | EDA-NBA | Computing correlation matrix for numeric columns
2026-06-07 14:05:51 | INFO | EDA-NBA | 
Correlation matrix:
2026-06-07 14:05:51 | DEBUG | EDA-NBA | 
                       total_bill       tip      size  percent_tips  total_cost  total_cost_per_person
total_bill               1.000000  0.674998  0.597589     -0.339400    0.994656               0.625110
tip                      0.674998  1.000000  0.488400      0.342408    0.747565               0.418913
size                     0.597589  0.488400  1.000000     -0.143252    0.606294              -0.199857
percent_tips            -0.339400  0.342408 -0.143252      1.000000   -0.257616              -0.205146
total_cost               0.994656  0.747565  0.606294     -0.257616    1.000000               0.621345
total_cost_per_person    0.625110  0.418913 -0.199857     -0.205146    0.621345               1.000000
2026-06-07 14:05:51 | INFO | EDA-NBA | ---------Visualize Correlation Matrix as a Heatmap---------------
2026-06-07 14:11:16 | INFO | EDA-NBA | === RUN START ===
2026-06-07 14:11:16 | INFO | EDA-NBA | project=EDA-NBA
2026-06-07 14:11:16 | INFO | EDA-NBA | repo_dir=datafun-04-notebooks
2026-06-07 14:11:16 | INFO | EDA-NBA | python=3.14.0
2026-06-07 14:11:16 | INFO | EDA-NBA | os=Windows 11
2026-06-07 14:11:16 | INFO | EDA-NBA | shell=powershell
2026-06-07 14:11:16 | INFO | EDA-NBA | cwd=notebooks
2026-06-07 14:11:16 | INFO | EDA-NBA | github_actions=False
2026-06-07 14:11:16 | INFO | EDA-NBA | Chose dataset: tips
2026-06-07 14:11:16 | INFO | EDA-NBA | Imports complete.
2026-06-07 14:11:16 | INFO | EDA-NBA | Quickly Summarize Dataset To Confirm Suitability
2026-06-07 14:11:16 | INFO | EDA-NBA | Loading dataset: tips
2026-06-07 14:11:16 | INFO | EDA-NBA | Loaded: 244 rows, 7 columns
2026-06-07 14:11:16 | INFO | EDA-NBA | Previewing first few rows of the dataset
2026-06-07 14:11:17 | INFO | EDA-NBA | Column names
2026-06-07 14:11:17 | INFO | EDA-NBA | Data types and non-null counts
2026-06-07 14:11:17 | INFO | EDA-NBA | Dataset shape: 244 rows, 7 columns
2026-06-07 14:11:17 | INFO | EDA-NBA | Building starter data dictionary
2026-06-07 14:11:17 | DEBUG | EDA-NBA | 
       column     dtype  missing_count  missing_pct
0  total_bill   float64              0          0.0
1         tip   float64              0          0.0
2         sex  category              0          0.0
3      smoker  category              0          0.0
4         day  category              0          0.0
5        time  category              0          0.0
6        size     int64              0          0.0
2026-06-07 14:11:17 | INFO | EDA-NBA | Duplicate rows detected: 1
2026-06-07 14:11:17 | INFO | EDA-NBA | Call describe() for numeric columns
2026-06-07 14:11:17 | DEBUG | EDA-NBA | 
       total_bill         tip        size
count  244.000000  244.000000  244.000000
mean    19.785943    2.998279    2.569672
std      8.902412    1.383638    0.951100
min      3.070000    1.000000    1.000000
25%     13.347500    2.000000    2.000000
50%     17.795000    2.900000    2.000000
75%     24.127500    3.562500    3.000000
max     50.810000   10.000000    6.000000

2026-06-07 14:11:17 | INFO | EDA-NBA | After dropping duplicates: 243 rows, 7 columns
2026-06-07 14:11:17 | INFO | EDA-NBA | Duplicate rows dropped: 1
2026-06-07 14:11:17 | INFO | EDA-NBA | Added new column: percent_tips = tip / total_bill * 100
2026-06-07 14:11:17 | INFO | EDA-NBA | Added new column: total_cost = total_bill + tip
2026-06-07 14:11:17 | INFO | EDA-NBA | Added new column: total_cost_per_person = total_cost / size
2026-06-07 14:11:17 | INFO | EDA-NBA | Computing overall descriptive statistics
2026-06-07 14:11:17 | INFO | EDA-NBA | Overall descriptive statistics:
                       count       mean       std       min        25%        50%        75%        max
total_bill             243.0  19.813868  8.910071  3.070000  13.380000  17.810000  24.175000  50.810000
tip                    243.0   3.002387  1.385002  1.000000   2.000000   2.920000   3.575000  10.000000
size                   243.0   2.572016  0.952356  1.000000   2.000000   2.000000   3.000000   6.000000
percent_tips           243.0  16.083121  6.119662  3.563814  12.883281  15.521855  19.174638  71.034483
total_cost             243.0  22.816255  9.897837  4.070000  15.640000  20.620000  27.785000  60.810000
total_cost_per_person  243.0   9.107580  3.210674  3.375000   6.746667   8.465000  10.720833  21.775000
2026-06-07 14:11:17 | INFO | EDA-NBA | Computing correlation matrix for numeric columns
2026-06-07 14:11:17 | INFO | EDA-NBA | 
Correlation matrix:
2026-06-07 14:11:17 | DEBUG | EDA-NBA | 
                       total_bill       tip      size  percent_tips  total_cost  total_cost_per_person
total_bill               1.000000  0.674998  0.597589     -0.339400    0.994656               0.625110
tip                      0.674998  1.000000  0.488400      0.342408    0.747565               0.418913
size                     0.597589  0.488400  1.000000     -0.143252    0.606294              -0.199857
percent_tips            -0.339400  0.342408 -0.143252      1.000000   -0.257616              -0.205146
total_cost               0.994656  0.747565  0.606294     -0.257616    1.000000               0.621345
total_cost_per_person    0.625110  0.418913 -0.199857     -0.205146    0.621345               1.000000
2026-06-07 14:11:17 | INFO | EDA-NBA | ---------Visualize Correlation Matrix as a Heatmap---------------
2026-06-07 14:11:18 | INFO | EDA-NBA | ---- Creating Scatter Plot to see Relationships ------
2026-06-07 14:11:18 | INFO | EDA-NBA | ----   Use clean dataframe ---------------------------
2026-06-07 14:11:18 | INFO | EDA-NBA | ----   Set the hue (color mapping) to the group column --
2026-06-07 14:15:36 | INFO | EDA-NBA | === RUN START ===
2026-06-07 14:15:36 | INFO | EDA-NBA | project=EDA-NBA
2026-06-07 14:15:36 | INFO | EDA-NBA | repo_dir=datafun-04-notebooks
2026-06-07 14:15:36 | INFO | EDA-NBA | python=3.14.0
2026-06-07 14:15:36 | INFO | EDA-NBA | os=Windows 11
2026-06-07 14:15:36 | INFO | EDA-NBA | shell=powershell
2026-06-07 14:15:36 | INFO | EDA-NBA | cwd=notebooks
2026-06-07 14:15:36 | INFO | EDA-NBA | github_actions=False
2026-06-07 14:15:36 | INFO | EDA-NBA | Chose dataset: tips
2026-06-07 14:15:36 | INFO | EDA-NBA | Imports complete.
2026-06-07 14:15:36 | INFO | EDA-NBA | Quickly Summarize Dataset To Confirm Suitability
2026-06-07 14:15:36 | INFO | EDA-NBA | Loading dataset: tips
2026-06-07 14:15:36 | INFO | EDA-NBA | Loaded: 244 rows, 7 columns
2026-06-07 14:15:36 | INFO | EDA-NBA | Previewing first few rows of the dataset
2026-06-07 14:15:36 | INFO | EDA-NBA | Column names
2026-06-07 14:15:36 | INFO | EDA-NBA | Data types and non-null counts
2026-06-07 14:15:36 | INFO | EDA-NBA | Dataset shape: 244 rows, 7 columns
2026-06-07 14:15:36 | INFO | EDA-NBA | Building starter data dictionary
2026-06-07 14:15:36 | DEBUG | EDA-NBA | 
       column     dtype  missing_count  missing_pct
0  total_bill   float64              0          0.0
1         tip   float64              0          0.0
2         sex  category              0          0.0
3      smoker  category              0          0.0
4         day  category              0          0.0
5        time  category              0          0.0
6        size     int64              0          0.0
2026-06-07 14:15:36 | INFO | EDA-NBA | Duplicate rows detected: 1
2026-06-07 14:15:36 | INFO | EDA-NBA | Call describe() for numeric columns
2026-06-07 14:15:36 | DEBUG | EDA-NBA | 
       total_bill         tip        size
count  244.000000  244.000000  244.000000
mean    19.785943    2.998279    2.569672
std      8.902412    1.383638    0.951100
min      3.070000    1.000000    1.000000
25%     13.347500    2.000000    2.000000
50%     17.795000    2.900000    2.000000
75%     24.127500    3.562500    3.000000
max     50.810000   10.000000    6.000000

2026-06-07 14:15:36 | INFO | EDA-NBA | After dropping duplicates: 243 rows, 7 columns
2026-06-07 14:15:36 | INFO | EDA-NBA | Duplicate rows dropped: 1
2026-06-07 14:15:36 | INFO | EDA-NBA | Added new column: percent_tips = tip / total_bill * 100
2026-06-07 14:15:36 | INFO | EDA-NBA | Added new column: total_cost = total_bill + tip
2026-06-07 14:15:36 | INFO | EDA-NBA | Added new column: total_cost_per_person = total_cost / size
2026-06-07 14:15:36 | INFO | EDA-NBA | Computing overall descriptive statistics
2026-06-07 14:15:36 | INFO | EDA-NBA | Overall descriptive statistics:
                       count       mean       std       min        25%        50%        75%        max
total_bill             243.0  19.813868  8.910071  3.070000  13.380000  17.810000  24.175000  50.810000
tip                    243.0   3.002387  1.385002  1.000000   2.000000   2.920000   3.575000  10.000000
size                   243.0   2.572016  0.952356  1.000000   2.000000   2.000000   3.000000   6.000000
percent_tips           243.0  16.083121  6.119662  3.563814  12.883281  15.521855  19.174638  71.034483
total_cost             243.0  22.816255  9.897837  4.070000  15.640000  20.620000  27.785000  60.810000
total_cost_per_person  243.0   9.107580  3.210674  3.375000   6.746667   8.465000  10.720833  21.775000
2026-06-07 14:15:36 | INFO | EDA-NBA | Computing correlation matrix for numeric columns
2026-06-07 14:15:36 | INFO | EDA-NBA | 
Correlation matrix:
2026-06-07 14:15:36 | DEBUG | EDA-NBA | 
                       total_bill       tip      size  percent_tips  total_cost  total_cost_per_person
total_bill               1.000000  0.674998  0.597589     -0.339400    0.994656               0.625110
tip                      0.674998  1.000000  0.488400      0.342408    0.747565               0.418913
size                     0.597589  0.488400  1.000000     -0.143252    0.606294              -0.199857
percent_tips            -0.339400  0.342408 -0.143252      1.000000   -0.257616              -0.205146
total_cost               0.994656  0.747565  0.606294     -0.257616    1.000000               0.621345
total_cost_per_person    0.625110  0.418913 -0.199857     -0.205146    0.621345               1.000000
2026-06-07 14:15:37 | INFO | EDA-NBA | ---------Visualize Correlation Matrix as a Heatmap---------------
2026-06-07 14:15:37 | INFO | EDA-NBA | ---- Creating Scatter Plot to see Relationships ------
2026-06-07 14:15:37 | INFO | EDA-NBA | ----   Use clean dataframe ---------------------------
2026-06-07 14:15:37 | INFO | EDA-NBA | ----   Set the hue (color mapping) to the group column --
2026-06-07 14:17:09 | INFO | EDA-NBA | === RUN START ===
2026-06-07 14:17:09 | INFO | EDA-NBA | project=EDA-NBA
2026-06-07 14:17:09 | INFO | EDA-NBA | repo_dir=datafun-04-notebooks
2026-06-07 14:17:09 | INFO | EDA-NBA | python=3.14.0
2026-06-07 14:17:09 | INFO | EDA-NBA | os=Windows 11
2026-06-07 14:17:09 | INFO | EDA-NBA | shell=powershell
2026-06-07 14:17:09 | INFO | EDA-NBA | cwd=notebooks
2026-06-07 14:17:09 | INFO | EDA-NBA | github_actions=False
2026-06-07 14:17:09 | INFO | EDA-NBA | Chose dataset: tips
2026-06-07 14:17:09 | INFO | EDA-NBA | Imports complete.
2026-06-07 14:17:09 | INFO | EDA-NBA | Quickly Summarize Dataset To Confirm Suitability
2026-06-07 14:17:09 | INFO | EDA-NBA | Loading dataset: tips
2026-06-07 14:17:09 | INFO | EDA-NBA | Loaded: 244 rows, 7 columns
2026-06-07 14:17:09 | INFO | EDA-NBA | Previewing first few rows of the dataset
2026-06-07 14:17:09 | INFO | EDA-NBA | Column names
2026-06-07 14:17:10 | INFO | EDA-NBA | Data types and non-null counts
2026-06-07 14:17:10 | INFO | EDA-NBA | Dataset shape: 244 rows, 7 columns
2026-06-07 14:17:10 | INFO | EDA-NBA | Building starter data dictionary
2026-06-07 14:17:10 | DEBUG | EDA-NBA | 
       column     dtype  missing_count  missing_pct
0  total_bill   float64              0          0.0
1         tip   float64              0          0.0
2         sex  category              0          0.0
3      smoker  category              0          0.0
4         day  category              0          0.0
5        time  category              0          0.0
6        size     int64              0          0.0
2026-06-07 14:17:10 | INFO | EDA-NBA | Duplicate rows detected: 1
2026-06-07 14:17:10 | INFO | EDA-NBA | Call describe() for numeric columns
2026-06-07 14:17:10 | DEBUG | EDA-NBA | 
       total_bill         tip        size
count  244.000000  244.000000  244.000000
mean    19.785943    2.998279    2.569672
std      8.902412    1.383638    0.951100
min      3.070000    1.000000    1.000000
25%     13.347500    2.000000    2.000000
50%     17.795000    2.900000    2.000000
75%     24.127500    3.562500    3.000000
max     50.810000   10.000000    6.000000

2026-06-07 14:17:10 | INFO | EDA-NBA | After dropping duplicates: 243 rows, 7 columns
2026-06-07 14:17:10 | INFO | EDA-NBA | Duplicate rows dropped: 1
2026-06-07 14:17:10 | INFO | EDA-NBA | Added new column: percent_tips = tip / total_bill * 100
2026-06-07 14:17:10 | INFO | EDA-NBA | Added new column: total_cost = total_bill + tip
2026-06-07 14:17:10 | INFO | EDA-NBA | Added new column: total_cost_per_person = total_cost / size
2026-06-07 14:17:10 | INFO | EDA-NBA | Computing overall descriptive statistics
2026-06-07 14:17:10 | INFO | EDA-NBA | Overall descriptive statistics:
                       count       mean       std       min        25%        50%        75%        max
total_bill             243.0  19.813868  8.910071  3.070000  13.380000  17.810000  24.175000  50.810000
tip                    243.0   3.002387  1.385002  1.000000   2.000000   2.920000   3.575000  10.000000
size                   243.0   2.572016  0.952356  1.000000   2.000000   2.000000   3.000000   6.000000
percent_tips           243.0  16.083121  6.119662  3.563814  12.883281  15.521855  19.174638  71.034483
total_cost             243.0  22.816255  9.897837  4.070000  15.640000  20.620000  27.785000  60.810000
total_cost_per_person  243.0   9.107580  3.210674  3.375000   6.746667   8.465000  10.720833  21.775000
2026-06-07 14:17:10 | INFO | EDA-NBA | Computing correlation matrix for numeric columns
2026-06-07 14:17:10 | INFO | EDA-NBA | 
Correlation matrix:
2026-06-07 14:17:10 | DEBUG | EDA-NBA | 
                       total_bill       tip      size  percent_tips  total_cost  total_cost_per_person
total_bill               1.000000  0.674998  0.597589     -0.339400    0.994656               0.625110
tip                      0.674998  1.000000  0.488400      0.342408    0.747565               0.418913
size                     0.597589  0.488400  1.000000     -0.143252    0.606294              -0.199857
percent_tips            -0.339400  0.342408 -0.143252      1.000000   -0.257616              -0.205146
total_cost               0.994656  0.747565  0.606294     -0.257616    1.000000               0.621345
total_cost_per_person    0.625110  0.418913 -0.199857     -0.205146    0.621345               1.000000
2026-06-07 14:17:10 | INFO | EDA-NBA | ---------Visualize Correlation Matrix as a Heatmap---------------
2026-06-07 14:17:11 | INFO | EDA-NBA | ---- Creating Scatter Plot to see Relationships ------
2026-06-07 14:17:11 | INFO | EDA-NBA | ----   Use clean dataframe ---------------------------
2026-06-07 14:17:11 | INFO | EDA-NBA | ----   Set the hue (color mapping) to the group column --
2026-06-07 14:18:53 | INFO | EDA-NBA | === RUN START ===
2026-06-07 14:18:53 | INFO | EDA-NBA | project=EDA-NBA
2026-06-07 14:18:53 | INFO | EDA-NBA | repo_dir=datafun-04-notebooks
2026-06-07 14:18:53 | INFO | EDA-NBA | python=3.14.0
2026-06-07 14:18:53 | INFO | EDA-NBA | os=Windows 11
2026-06-07 14:18:53 | INFO | EDA-NBA | shell=powershell
2026-06-07 14:18:53 | INFO | EDA-NBA | cwd=notebooks
2026-06-07 14:18:53 | INFO | EDA-NBA | github_actions=False
2026-06-07 14:18:53 | INFO | EDA-NBA | Chose dataset: tips
2026-06-07 14:18:53 | INFO | EDA-NBA | Imports complete.
2026-06-07 14:18:53 | INFO | EDA-NBA | Quickly Summarize Dataset To Confirm Suitability
2026-06-07 14:18:53 | INFO | EDA-NBA | Loading dataset: tips
2026-06-07 14:18:53 | INFO | EDA-NBA | Loaded: 244 rows, 7 columns
2026-06-07 14:18:53 | INFO | EDA-NBA | Previewing first few rows of the dataset
2026-06-07 14:18:53 | INFO | EDA-NBA | Column names
2026-06-07 14:18:53 | INFO | EDA-NBA | Data types and non-null counts
2026-06-07 14:18:53 | INFO | EDA-NBA | Dataset shape: 244 rows, 7 columns
2026-06-07 14:18:53 | INFO | EDA-NBA | Building starter data dictionary
2026-06-07 14:18:53 | DEBUG | EDA-NBA | 
       column     dtype  missing_count  missing_pct
0  total_bill   float64              0          0.0
1         tip   float64              0          0.0
2         sex  category              0          0.0
3      smoker  category              0          0.0
4         day  category              0          0.0
5        time  category              0          0.0
6        size     int64              0          0.0
2026-06-07 14:18:53 | INFO | EDA-NBA | Duplicate rows detected: 1
2026-06-07 14:18:53 | INFO | EDA-NBA | Call describe() for numeric columns
2026-06-07 14:18:53 | DEBUG | EDA-NBA | 
       total_bill         tip        size
count  244.000000  244.000000  244.000000
mean    19.785943    2.998279    2.569672
std      8.902412    1.383638    0.951100
min      3.070000    1.000000    1.000000
25%     13.347500    2.000000    2.000000
50%     17.795000    2.900000    2.000000
75%     24.127500    3.562500    3.000000
max     50.810000   10.000000    6.000000

2026-06-07 14:18:53 | INFO | EDA-NBA | After dropping duplicates: 243 rows, 7 columns
2026-06-07 14:18:53 | INFO | EDA-NBA | Duplicate rows dropped: 1
2026-06-07 14:18:53 | INFO | EDA-NBA | Added new column: percent_tips = tip / total_bill * 100
2026-06-07 14:18:53 | INFO | EDA-NBA | Added new column: total_cost = total_bill + tip
2026-06-07 14:18:53 | INFO | EDA-NBA | Added new column: total_cost_per_person = total_cost / size
2026-06-07 14:18:53 | INFO | EDA-NBA | Computing overall descriptive statistics
2026-06-07 14:18:53 | INFO | EDA-NBA | Overall descriptive statistics:
                       count       mean       std       min        25%        50%        75%        max
total_bill             243.0  19.813868  8.910071  3.070000  13.380000  17.810000  24.175000  50.810000
tip                    243.0   3.002387  1.385002  1.000000   2.000000   2.920000   3.575000  10.000000
size                   243.0   2.572016  0.952356  1.000000   2.000000   2.000000   3.000000   6.000000
percent_tips           243.0  16.083121  6.119662  3.563814  12.883281  15.521855  19.174638  71.034483
total_cost             243.0  22.816255  9.897837  4.070000  15.640000  20.620000  27.785000  60.810000
total_cost_per_person  243.0   9.107580  3.210674  3.375000   6.746667   8.465000  10.720833  21.775000
2026-06-07 14:18:53 | INFO | EDA-NBA | Computing correlation matrix for numeric columns
2026-06-07 14:18:53 | INFO | EDA-NBA | 
Correlation matrix:
2026-06-07 14:18:53 | DEBUG | EDA-NBA | 
                       total_bill       tip      size  percent_tips  total_cost  total_cost_per_person
total_bill               1.000000  0.674998  0.597589     -0.339400    0.994656               0.625110
tip                      0.674998  1.000000  0.488400      0.342408    0.747565               0.418913
size                     0.597589  0.488400  1.000000     -0.143252    0.606294              -0.199857
percent_tips            -0.339400  0.342408 -0.143252      1.000000   -0.257616              -0.205146
total_cost               0.994656  0.747565  0.606294     -0.257616    1.000000               0.621345
total_cost_per_person    0.625110  0.418913 -0.199857     -0.205146    0.621345               1.000000
2026-06-07 14:18:53 | INFO | EDA-NBA | ---------Visualize Correlation Matrix as a Heatmap---------------
2026-06-07 14:19:01 | INFO | EDA-NBA | === RUN START ===
2026-06-07 14:19:01 | INFO | EDA-NBA | project=EDA-NBA
2026-06-07 14:19:01 | INFO | EDA-NBA | repo_dir=datafun-04-notebooks
2026-06-07 14:19:01 | INFO | EDA-NBA | python=3.14.0
2026-06-07 14:19:01 | INFO | EDA-NBA | os=Windows 11
2026-06-07 14:19:01 | INFO | EDA-NBA | shell=powershell
2026-06-07 14:19:01 | INFO | EDA-NBA | cwd=notebooks
2026-06-07 14:19:01 | INFO | EDA-NBA | github_actions=False
2026-06-07 14:19:01 | INFO | EDA-NBA | Chose dataset: tips
2026-06-07 14:19:01 | INFO | EDA-NBA | Imports complete.
2026-06-07 14:19:01 | INFO | EDA-NBA | Quickly Summarize Dataset To Confirm Suitability
2026-06-07 14:19:01 | INFO | EDA-NBA | Loading dataset: tips
2026-06-07 14:19:01 | INFO | EDA-NBA | Loaded: 244 rows, 7 columns
2026-06-07 14:19:01 | INFO | EDA-NBA | Previewing first few rows of the dataset
2026-06-07 14:19:01 | INFO | EDA-NBA | Column names
2026-06-07 14:19:01 | INFO | EDA-NBA | Data types and non-null counts
2026-06-07 14:19:01 | INFO | EDA-NBA | Dataset shape: 244 rows, 7 columns
2026-06-07 14:19:01 | INFO | EDA-NBA | Building starter data dictionary
2026-06-07 14:19:01 | DEBUG | EDA-NBA | 
       column     dtype  missing_count  missing_pct
0  total_bill   float64              0          0.0
1         tip   float64              0          0.0
2         sex  category              0          0.0
3      smoker  category              0          0.0
4         day  category              0          0.0
5        time  category              0          0.0
6        size     int64              0          0.0
2026-06-07 14:19:01 | INFO | EDA-NBA | Duplicate rows detected: 1
2026-06-07 14:19:01 | INFO | EDA-NBA | Call describe() for numeric columns
2026-06-07 14:19:01 | DEBUG | EDA-NBA | 
       total_bill         tip        size
count  244.000000  244.000000  244.000000
mean    19.785943    2.998279    2.569672
std      8.902412    1.383638    0.951100
min      3.070000    1.000000    1.000000
25%     13.347500    2.000000    2.000000
50%     17.795000    2.900000    2.000000
75%     24.127500    3.562500    3.000000
max     50.810000   10.000000    6.000000

2026-06-07 14:19:01 | INFO | EDA-NBA | After dropping duplicates: 243 rows, 7 columns
2026-06-07 14:19:01 | INFO | EDA-NBA | Duplicate rows dropped: 1
2026-06-07 14:19:01 | INFO | EDA-NBA | Added new column: percent_tips = tip / total_bill * 100
2026-06-07 14:19:01 | INFO | EDA-NBA | Added new column: total_cost = total_bill + tip
2026-06-07 14:19:01 | INFO | EDA-NBA | Added new column: total_cost_per_person = total_cost / size
2026-06-07 14:19:01 | INFO | EDA-NBA | Computing overall descriptive statistics
2026-06-07 14:19:01 | INFO | EDA-NBA | Overall descriptive statistics:
                       count       mean       std       min        25%        50%        75%        max
total_bill             243.0  19.813868  8.910071  3.070000  13.380000  17.810000  24.175000  50.810000
tip                    243.0   3.002387  1.385002  1.000000   2.000000   2.920000   3.575000  10.000000
size                   243.0   2.572016  0.952356  1.000000   2.000000   2.000000   3.000000   6.000000
percent_tips           243.0  16.083121  6.119662  3.563814  12.883281  15.521855  19.174638  71.034483
total_cost             243.0  22.816255  9.897837  4.070000  15.640000  20.620000  27.785000  60.810000
total_cost_per_person  243.0   9.107580  3.210674  3.375000   6.746667   8.465000  10.720833  21.775000
2026-06-07 14:19:02 | INFO | EDA-NBA | Computing correlation matrix for numeric columns
2026-06-07 14:19:02 | INFO | EDA-NBA | 
Correlation matrix:
2026-06-07 14:19:02 | DEBUG | EDA-NBA | 
                       total_bill       tip      size  percent_tips  total_cost  total_cost_per_person
total_bill               1.000000  0.674998  0.597589     -0.339400    0.994656               0.625110
tip                      0.674998  1.000000  0.488400      0.342408    0.747565               0.418913
size                     0.597589  0.488400  1.000000     -0.143252    0.606294              -0.199857
percent_tips            -0.339400  0.342408 -0.143252      1.000000   -0.257616              -0.205146
total_cost               0.994656  0.747565  0.606294     -0.257616    1.000000               0.621345
total_cost_per_person    0.625110  0.418913 -0.199857     -0.205146    0.621345               1.000000
2026-06-07 14:19:02 | INFO | EDA-NBA | ---------Visualize Correlation Matrix as a Heatmap---------------
2026-06-07 14:19:02 | INFO | EDA-NBA | ---- Creating Scatter Plot to see Relationships ------
2026-06-07 14:19:02 | INFO | EDA-NBA | ----   Use clean dataframe ---------------------------
2026-06-07 14:19:02 | INFO | EDA-NBA | ----   Set the hue (color mapping) to the group column --
2026-06-07 14:19:29 | INFO | EDA-NBA | === RUN START ===
2026-06-07 14:19:29 | INFO | EDA-NBA | project=EDA-NBA
2026-06-07 14:19:29 | INFO | EDA-NBA | repo_dir=datafun-04-notebooks
2026-06-07 14:19:29 | INFO | EDA-NBA | python=3.14.0
2026-06-07 14:19:29 | INFO | EDA-NBA | os=Windows 11
2026-06-07 14:19:29 | INFO | EDA-NBA | shell=powershell
2026-06-07 14:19:29 | INFO | EDA-NBA | cwd=notebooks
2026-06-07 14:19:29 | INFO | EDA-NBA | github_actions=False
2026-06-07 14:19:29 | INFO | EDA-NBA | Chose dataset: tips
2026-06-07 14:19:29 | INFO | EDA-NBA | Imports complete.
2026-06-07 14:19:29 | INFO | EDA-NBA | Quickly Summarize Dataset To Confirm Suitability
2026-06-07 14:19:29 | INFO | EDA-NBA | Loading dataset: tips
2026-06-07 14:19:29 | INFO | EDA-NBA | Loaded: 244 rows, 7 columns
2026-06-07 14:19:29 | INFO | EDA-NBA | Previewing first few rows of the dataset
2026-06-07 14:19:29 | INFO | EDA-NBA | Column names
2026-06-07 14:19:29 | INFO | EDA-NBA | Data types and non-null counts
2026-06-07 14:19:29 | INFO | EDA-NBA | Dataset shape: 244 rows, 7 columns
2026-06-07 14:19:29 | INFO | EDA-NBA | Building starter data dictionary
2026-06-07 14:19:29 | DEBUG | EDA-NBA | 
       column     dtype  missing_count  missing_pct
0  total_bill   float64              0          0.0
1         tip   float64              0          0.0
2         sex  category              0          0.0
3      smoker  category              0          0.0
4         day  category              0          0.0
5        time  category              0          0.0
6        size     int64              0          0.0
2026-06-07 14:19:29 | INFO | EDA-NBA | Duplicate rows detected: 1
2026-06-07 14:19:29 | INFO | EDA-NBA | Call describe() for numeric columns
2026-06-07 14:19:29 | DEBUG | EDA-NBA | 
       total_bill         tip        size
count  244.000000  244.000000  244.000000
mean    19.785943    2.998279    2.569672
std      8.902412    1.383638    0.951100
min      3.070000    1.000000    1.000000
25%     13.347500    2.000000    2.000000
50%     17.795000    2.900000    2.000000
75%     24.127500    3.562500    3.000000
max     50.810000   10.000000    6.000000

2026-06-07 14:19:29 | INFO | EDA-NBA | After dropping duplicates: 243 rows, 7 columns
2026-06-07 14:19:29 | INFO | EDA-NBA | Duplicate rows dropped: 1
2026-06-07 14:19:29 | INFO | EDA-NBA | Added new column: percent_tips = tip / total_bill * 100
2026-06-07 14:19:29 | INFO | EDA-NBA | Added new column: total_cost = total_bill + tip
2026-06-07 14:19:29 | INFO | EDA-NBA | Added new column: total_cost_per_person = total_cost / size
2026-06-07 14:19:29 | INFO | EDA-NBA | Computing overall descriptive statistics
2026-06-07 14:19:29 | INFO | EDA-NBA | Overall descriptive statistics:
                       count       mean       std       min        25%        50%        75%        max
total_bill             243.0  19.813868  8.910071  3.070000  13.380000  17.810000  24.175000  50.810000
tip                    243.0   3.002387  1.385002  1.000000   2.000000   2.920000   3.575000  10.000000
size                   243.0   2.572016  0.952356  1.000000   2.000000   2.000000   3.000000   6.000000
percent_tips           243.0  16.083121  6.119662  3.563814  12.883281  15.521855  19.174638  71.034483
total_cost             243.0  22.816255  9.897837  4.070000  15.640000  20.620000  27.785000  60.810000
total_cost_per_person  243.0   9.107580  3.210674  3.375000   6.746667   8.465000  10.720833  21.775000
2026-06-07 14:19:29 | INFO | EDA-NBA | Computing correlation matrix for numeric columns
2026-06-07 14:19:29 | INFO | EDA-NBA | 
Correlation matrix:
2026-06-07 14:19:29 | DEBUG | EDA-NBA | 
                       total_bill       tip      size  percent_tips  total_cost  total_cost_per_person
total_bill               1.000000  0.674998  0.597589     -0.339400    0.994656               0.625110
tip                      0.674998  1.000000  0.488400      0.342408    0.747565               0.418913
size                     0.597589  0.488400  1.000000     -0.143252    0.606294              -0.199857
percent_tips            -0.339400  0.342408 -0.143252      1.000000   -0.257616              -0.205146
total_cost               0.994656  0.747565  0.606294     -0.257616    1.000000               0.621345
total_cost_per_person    0.625110  0.418913 -0.199857     -0.205146    0.621345               1.000000
2026-06-07 14:19:29 | INFO | EDA-NBA | ---------Visualize Correlation Matrix as a Heatmap---------------
2026-06-07 14:19:33 | INFO | EDA-NBA | === RUN START ===
2026-06-07 14:19:33 | INFO | EDA-NBA | project=EDA-NBA
2026-06-07 14:19:33 | INFO | EDA-NBA | repo_dir=datafun-04-notebooks
2026-06-07 14:19:33 | INFO | EDA-NBA | python=3.14.0
2026-06-07 14:19:33 | INFO | EDA-NBA | os=Windows 11
2026-06-07 14:19:33 | INFO | EDA-NBA | shell=powershell
2026-06-07 14:19:33 | INFO | EDA-NBA | cwd=notebooks
2026-06-07 14:19:33 | INFO | EDA-NBA | github_actions=False
2026-06-07 14:19:33 | INFO | EDA-NBA | Chose dataset: tips
2026-06-07 14:19:33 | INFO | EDA-NBA | Imports complete.
2026-06-07 14:19:33 | INFO | EDA-NBA | Quickly Summarize Dataset To Confirm Suitability
2026-06-07 14:19:33 | INFO | EDA-NBA | Loading dataset: tips
2026-06-07 14:19:33 | INFO | EDA-NBA | Loaded: 244 rows, 7 columns
2026-06-07 14:19:33 | INFO | EDA-NBA | Previewing first few rows of the dataset
2026-06-07 14:19:33 | INFO | EDA-NBA | Column names
2026-06-07 14:19:33 | INFO | EDA-NBA | Data types and non-null counts
2026-06-07 14:19:34 | INFO | EDA-NBA | Dataset shape: 244 rows, 7 columns
2026-06-07 14:19:34 | INFO | EDA-NBA | Building starter data dictionary
2026-06-07 14:19:34 | DEBUG | EDA-NBA | 
       column     dtype  missing_count  missing_pct
0  total_bill   float64              0          0.0
1         tip   float64              0          0.0
2         sex  category              0          0.0
3      smoker  category              0          0.0
4         day  category              0          0.0
5        time  category              0          0.0
6        size     int64              0          0.0
2026-06-07 14:19:34 | INFO | EDA-NBA | Duplicate rows detected: 1
2026-06-07 14:19:34 | INFO | EDA-NBA | Call describe() for numeric columns
2026-06-07 14:19:34 | DEBUG | EDA-NBA | 
       total_bill         tip        size
count  244.000000  244.000000  244.000000
mean    19.785943    2.998279    2.569672
std      8.902412    1.383638    0.951100
min      3.070000    1.000000    1.000000
25%     13.347500    2.000000    2.000000
50%     17.795000    2.900000    2.000000
75%     24.127500    3.562500    3.000000
max     50.810000   10.000000    6.000000

2026-06-07 14:19:34 | INFO | EDA-NBA | After dropping duplicates: 243 rows, 7 columns
2026-06-07 14:19:34 | INFO | EDA-NBA | Duplicate rows dropped: 1
2026-06-07 14:19:34 | INFO | EDA-NBA | Added new column: percent_tips = tip / total_bill * 100
2026-06-07 14:19:34 | INFO | EDA-NBA | Added new column: total_cost = total_bill + tip
2026-06-07 14:19:34 | INFO | EDA-NBA | Added new column: total_cost_per_person = total_cost / size
2026-06-07 14:19:34 | INFO | EDA-NBA | Computing overall descriptive statistics
2026-06-07 14:19:34 | INFO | EDA-NBA | Overall descriptive statistics:
                       count       mean       std       min        25%        50%        75%        max
total_bill             243.0  19.813868  8.910071  3.070000  13.380000  17.810000  24.175000  50.810000
tip                    243.0   3.002387  1.385002  1.000000   2.000000   2.920000   3.575000  10.000000
size                   243.0   2.572016  0.952356  1.000000   2.000000   2.000000   3.000000   6.000000
percent_tips           243.0  16.083121  6.119662  3.563814  12.883281  15.521855  19.174638  71.034483
total_cost             243.0  22.816255  9.897837  4.070000  15.640000  20.620000  27.785000  60.810000
total_cost_per_person  243.0   9.107580  3.210674  3.375000   6.746667   8.465000  10.720833  21.775000
2026-06-07 14:19:34 | INFO | EDA-NBA | Computing correlation matrix for numeric columns
2026-06-07 14:19:34 | INFO | EDA-NBA | 
Correlation matrix:
2026-06-07 14:19:34 | DEBUG | EDA-NBA | 
                       total_bill       tip      size  percent_tips  total_cost  total_cost_per_person
total_bill               1.000000  0.674998  0.597589     -0.339400    0.994656               0.625110
tip                      0.674998  1.000000  0.488400      0.342408    0.747565               0.418913
size                     0.597589  0.488400  1.000000     -0.143252    0.606294              -0.199857
percent_tips            -0.339400  0.342408 -0.143252      1.000000   -0.257616              -0.205146
total_cost               0.994656  0.747565  0.606294     -0.257616    1.000000               0.621345
total_cost_per_person    0.625110  0.418913 -0.199857     -0.205146    0.621345               1.000000
2026-06-07 14:19:34 | INFO | EDA-NBA | ---------Visualize Correlation Matrix as a Heatmap---------------
2026-06-07 14:19:35 | INFO | EDA-NBA | ---- Creating Scatter Plot to see Relationships ------
2026-06-07 14:19:35 | INFO | EDA-NBA | ----   Use clean dataframe ---------------------------
2026-06-07 14:19:35 | INFO | EDA-NBA | ----   Set the hue (color mapping) to the group column --
2026-06-07 14:20:22 | INFO | EDA-NBA | === RUN START ===
2026-06-07 14:20:22 | INFO | EDA-NBA | project=EDA-NBA
2026-06-07 14:20:22 | INFO | EDA-NBA | repo_dir=datafun-04-notebooks
2026-06-07 14:20:22 | INFO | EDA-NBA | python=3.14.0
2026-06-07 14:20:22 | INFO | EDA-NBA | os=Windows 11
2026-06-07 14:20:22 | INFO | EDA-NBA | shell=powershell
2026-06-07 14:20:22 | INFO | EDA-NBA | cwd=notebooks
2026-06-07 14:20:22 | INFO | EDA-NBA | github_actions=False
2026-06-07 14:20:22 | INFO | EDA-NBA | Chose dataset: tips
2026-06-07 14:20:22 | INFO | EDA-NBA | Imports complete.
2026-06-07 14:20:22 | INFO | EDA-NBA | Quickly Summarize Dataset To Confirm Suitability
2026-06-07 14:20:22 | INFO | EDA-NBA | Loading dataset: tips
2026-06-07 14:20:22 | INFO | EDA-NBA | Loaded: 244 rows, 7 columns
2026-06-07 14:20:22 | INFO | EDA-NBA | Previewing first few rows of the dataset
2026-06-07 14:20:22 | INFO | EDA-NBA | Column names
2026-06-07 14:20:22 | INFO | EDA-NBA | Data types and non-null counts
2026-06-07 14:20:22 | INFO | EDA-NBA | Dataset shape: 244 rows, 7 columns
2026-06-07 14:20:22 | INFO | EDA-NBA | Building starter data dictionary
2026-06-07 14:20:22 | DEBUG | EDA-NBA | 
       column     dtype  missing_count  missing_pct
0  total_bill   float64              0          0.0
1         tip   float64              0          0.0
2         sex  category              0          0.0
3      smoker  category              0          0.0
4         day  category              0          0.0
5        time  category              0          0.0
6        size     int64              0          0.0
2026-06-07 14:20:22 | INFO | EDA-NBA | Duplicate rows detected: 1
2026-06-07 14:20:22 | INFO | EDA-NBA | Call describe() for numeric columns
2026-06-07 14:20:22 | DEBUG | EDA-NBA | 
       total_bill         tip        size
count  244.000000  244.000000  244.000000
mean    19.785943    2.998279    2.569672
std      8.902412    1.383638    0.951100
min      3.070000    1.000000    1.000000
25%     13.347500    2.000000    2.000000
50%     17.795000    2.900000    2.000000
75%     24.127500    3.562500    3.000000
max     50.810000   10.000000    6.000000

2026-06-07 14:20:22 | INFO | EDA-NBA | After dropping duplicates: 243 rows, 7 columns
2026-06-07 14:20:22 | INFO | EDA-NBA | Duplicate rows dropped: 1
2026-06-07 14:20:22 | INFO | EDA-NBA | Added new column: percent_tips = tip / total_bill * 100
2026-06-07 14:20:22 | INFO | EDA-NBA | Added new column: total_cost = total_bill + tip
2026-06-07 14:20:22 | INFO | EDA-NBA | Added new column: total_cost_per_person = total_cost / size
2026-06-07 14:20:22 | INFO | EDA-NBA | Computing overall descriptive statistics
2026-06-07 14:20:22 | INFO | EDA-NBA | Overall descriptive statistics:
                       count       mean       std       min        25%        50%        75%        max
total_bill             243.0  19.813868  8.910071  3.070000  13.380000  17.810000  24.175000  50.810000
tip                    243.0   3.002387  1.385002  1.000000   2.000000   2.920000   3.575000  10.000000
size                   243.0   2.572016  0.952356  1.000000   2.000000   2.000000   3.000000   6.000000
percent_tips           243.0  16.083121  6.119662  3.563814  12.883281  15.521855  19.174638  71.034483
total_cost             243.0  22.816255  9.897837  4.070000  15.640000  20.620000  27.785000  60.810000
total_cost_per_person  243.0   9.107580  3.210674  3.375000   6.746667   8.465000  10.720833  21.775000
2026-06-07 14:20:22 | INFO | EDA-NBA | Computing correlation matrix for numeric columns
2026-06-07 14:20:22 | INFO | EDA-NBA | 
Correlation matrix:
2026-06-07 14:20:22 | DEBUG | EDA-NBA | 
                       total_bill       tip      size  percent_tips  total_cost  total_cost_per_person
total_bill               1.000000  0.674998  0.597589     -0.339400    0.994656               0.625110
tip                      0.674998  1.000000  0.488400      0.342408    0.747565               0.418913
size                     0.597589  0.488400  1.000000     -0.143252    0.606294              -0.199857
percent_tips            -0.339400  0.342408 -0.143252      1.000000   -0.257616              -0.205146
total_cost               0.994656  0.747565  0.606294     -0.257616    1.000000               0.621345
total_cost_per_person    0.625110  0.418913 -0.199857     -0.205146    0.621345               1.000000
2026-06-07 14:20:22 | INFO | EDA-NBA | ---------Visualize Correlation Matrix as a Heatmap---------------
2026-06-07 14:20:29 | INFO | EDA-NBA | === RUN START ===
2026-06-07 14:20:29 | INFO | EDA-NBA | project=EDA-NBA
2026-06-07 14:20:29 | INFO | EDA-NBA | repo_dir=datafun-04-notebooks
2026-06-07 14:20:29 | INFO | EDA-NBA | python=3.14.0
2026-06-07 14:20:29 | INFO | EDA-NBA | os=Windows 11
2026-06-07 14:20:29 | INFO | EDA-NBA | shell=powershell
2026-06-07 14:20:29 | INFO | EDA-NBA | cwd=notebooks
2026-06-07 14:20:29 | INFO | EDA-NBA | github_actions=False
2026-06-07 14:20:30 | INFO | EDA-NBA | Chose dataset: tips
2026-06-07 14:20:30 | INFO | EDA-NBA | Imports complete.
2026-06-07 14:20:30 | INFO | EDA-NBA | Quickly Summarize Dataset To Confirm Suitability
2026-06-07 14:20:30 | INFO | EDA-NBA | Loading dataset: tips
2026-06-07 14:20:30 | INFO | EDA-NBA | Loaded: 244 rows, 7 columns
2026-06-07 14:20:30 | INFO | EDA-NBA | Previewing first few rows of the dataset
2026-06-07 14:20:30 | INFO | EDA-NBA | Column names
2026-06-07 14:20:30 | INFO | EDA-NBA | Data types and non-null counts
2026-06-07 14:20:30 | INFO | EDA-NBA | Dataset shape: 244 rows, 7 columns
2026-06-07 14:20:30 | INFO | EDA-NBA | Building starter data dictionary
2026-06-07 14:20:30 | DEBUG | EDA-NBA | 
       column     dtype  missing_count  missing_pct
0  total_bill   float64              0          0.0
1         tip   float64              0          0.0
2         sex  category              0          0.0
3      smoker  category              0          0.0
4         day  category              0          0.0
5        time  category              0          0.0
6        size     int64              0          0.0
2026-06-07 14:20:30 | INFO | EDA-NBA | Duplicate rows detected: 1
2026-06-07 14:20:30 | INFO | EDA-NBA | Call describe() for numeric columns
2026-06-07 14:20:30 | DEBUG | EDA-NBA | 
       total_bill         tip        size
count  244.000000  244.000000  244.000000
mean    19.785943    2.998279    2.569672
std      8.902412    1.383638    0.951100
min      3.070000    1.000000    1.000000
25%     13.347500    2.000000    2.000000
50%     17.795000    2.900000    2.000000
75%     24.127500    3.562500    3.000000
max     50.810000   10.000000    6.000000

2026-06-07 14:20:30 | INFO | EDA-NBA | After dropping duplicates: 243 rows, 7 columns
2026-06-07 14:20:30 | INFO | EDA-NBA | Duplicate rows dropped: 1
2026-06-07 14:20:30 | INFO | EDA-NBA | Added new column: percent_tips = tip / total_bill * 100
2026-06-07 14:20:30 | INFO | EDA-NBA | Added new column: total_cost = total_bill + tip
2026-06-07 14:20:30 | INFO | EDA-NBA | Added new column: total_cost_per_person = total_cost / size
2026-06-07 14:20:30 | INFO | EDA-NBA | Computing overall descriptive statistics
2026-06-07 14:20:30 | INFO | EDA-NBA | Overall descriptive statistics:
                       count       mean       std       min        25%        50%        75%        max
total_bill             243.0  19.813868  8.910071  3.070000  13.380000  17.810000  24.175000  50.810000
tip                    243.0   3.002387  1.385002  1.000000   2.000000   2.920000   3.575000  10.000000
size                   243.0   2.572016  0.952356  1.000000   2.000000   2.000000   3.000000   6.000000
percent_tips           243.0  16.083121  6.119662  3.563814  12.883281  15.521855  19.174638  71.034483
total_cost             243.0  22.816255  9.897837  4.070000  15.640000  20.620000  27.785000  60.810000
total_cost_per_person  243.0   9.107580  3.210674  3.375000   6.746667   8.465000  10.720833  21.775000
2026-06-07 14:20:30 | INFO | EDA-NBA | Computing correlation matrix for numeric columns
2026-06-07 14:20:30 | INFO | EDA-NBA | 
Correlation matrix:
2026-06-07 14:20:30 | DEBUG | EDA-NBA | 
                       total_bill       tip      size  percent_tips  total_cost  total_cost_per_person
total_bill               1.000000  0.674998  0.597589     -0.339400    0.994656               0.625110
tip                      0.674998  1.000000  0.488400      0.342408    0.747565               0.418913
size                     0.597589  0.488400  1.000000     -0.143252    0.606294              -0.199857
percent_tips            -0.339400  0.342408 -0.143252      1.000000   -0.257616              -0.205146
total_cost               0.994656  0.747565  0.606294     -0.257616    1.000000               0.621345
total_cost_per_person    0.625110  0.418913 -0.199857     -0.205146    0.621345               1.000000
2026-06-07 14:20:30 | INFO | EDA-NBA | ---------Visualize Correlation Matrix as a Heatmap---------------
2026-06-07 14:20:31 | INFO | EDA-NBA | ---- Creating Scatter Plot to see Relationships ------
2026-06-07 14:20:31 | INFO | EDA-NBA | ----   Use clean dataframe ---------------------------
2026-06-07 14:20:31 | INFO | EDA-NBA | ----   Set the hue (color mapping) to the group column --
2026-06-07 14:21:13 | INFO | EDA-NBA | === RUN START ===
2026-06-07 14:21:13 | INFO | EDA-NBA | project=EDA-NBA
2026-06-07 14:21:13 | INFO | EDA-NBA | repo_dir=datafun-04-notebooks
2026-06-07 14:21:13 | INFO | EDA-NBA | python=3.14.0
2026-06-07 14:21:13 | INFO | EDA-NBA | os=Windows 11
2026-06-07 14:21:13 | INFO | EDA-NBA | shell=powershell
2026-06-07 14:21:13 | INFO | EDA-NBA | cwd=notebooks
2026-06-07 14:21:13 | INFO | EDA-NBA | github_actions=False
2026-06-07 14:21:13 | INFO | EDA-NBA | Chose dataset: tips
2026-06-07 14:21:13 | INFO | EDA-NBA | Imports complete.
2026-06-07 14:21:13 | INFO | EDA-NBA | Quickly Summarize Dataset To Confirm Suitability
2026-06-07 14:21:13 | INFO | EDA-NBA | Loading dataset: tips
2026-06-07 14:21:13 | INFO | EDA-NBA | Loaded: 244 rows, 7 columns
2026-06-07 14:21:13 | INFO | EDA-NBA | Previewing first few rows of the dataset
2026-06-07 14:21:13 | INFO | EDA-NBA | Column names
2026-06-07 14:21:13 | INFO | EDA-NBA | Data types and non-null counts
2026-06-07 14:21:14 | INFO | EDA-NBA | Dataset shape: 244 rows, 7 columns
2026-06-07 14:21:14 | INFO | EDA-NBA | Building starter data dictionary
2026-06-07 14:21:14 | DEBUG | EDA-NBA | 
       column     dtype  missing_count  missing_pct
0  total_bill   float64              0          0.0
1         tip   float64              0          0.0
2         sex  category              0          0.0
3      smoker  category              0          0.0
4         day  category              0          0.0
5        time  category              0          0.0
6        size     int64              0          0.0
2026-06-07 14:21:14 | INFO | EDA-NBA | Duplicate rows detected: 1
2026-06-07 14:21:14 | INFO | EDA-NBA | Call describe() for numeric columns
2026-06-07 14:21:14 | DEBUG | EDA-NBA | 
       total_bill         tip        size
count  244.000000  244.000000  244.000000
mean    19.785943    2.998279    2.569672
std      8.902412    1.383638    0.951100
min      3.070000    1.000000    1.000000
25%     13.347500    2.000000    2.000000
50%     17.795000    2.900000    2.000000
75%     24.127500    3.562500    3.000000
max     50.810000   10.000000    6.000000

2026-06-07 14:21:14 | INFO | EDA-NBA | After dropping duplicates: 243 rows, 7 columns
2026-06-07 14:21:14 | INFO | EDA-NBA | Duplicate rows dropped: 1
2026-06-07 14:21:14 | INFO | EDA-NBA | Added new column: percent_tips = tip / total_bill * 100
2026-06-07 14:21:14 | INFO | EDA-NBA | Added new column: total_cost = total_bill + tip
2026-06-07 14:21:14 | INFO | EDA-NBA | Added new column: total_cost_per_person = total_cost / size
2026-06-07 14:21:14 | INFO | EDA-NBA | Computing overall descriptive statistics
2026-06-07 14:21:14 | INFO | EDA-NBA | Overall descriptive statistics:
                       count       mean       std       min        25%        50%        75%        max
total_bill             243.0  19.813868  8.910071  3.070000  13.380000  17.810000  24.175000  50.810000
tip                    243.0   3.002387  1.385002  1.000000   2.000000   2.920000   3.575000  10.000000
size                   243.0   2.572016  0.952356  1.000000   2.000000   2.000000   3.000000   6.000000
percent_tips           243.0  16.083121  6.119662  3.563814  12.883281  15.521855  19.174638  71.034483
total_cost             243.0  22.816255  9.897837  4.070000  15.640000  20.620000  27.785000  60.810000
total_cost_per_person  243.0   9.107580  3.210674  3.375000   6.746667   8.465000  10.720833  21.775000
2026-06-07 14:21:14 | INFO | EDA-NBA | Computing correlation matrix for numeric columns
2026-06-07 14:21:14 | INFO | EDA-NBA | 
Correlation matrix:
2026-06-07 14:21:14 | DEBUG | EDA-NBA | 
                       total_bill       tip      size  percent_tips  total_cost  total_cost_per_person
total_bill               1.000000  0.674998  0.597589     -0.339400    0.994656               0.625110
tip                      0.674998  1.000000  0.488400      0.342408    0.747565               0.418913
size                     0.597589  0.488400  1.000000     -0.143252    0.606294              -0.199857
percent_tips            -0.339400  0.342408 -0.143252      1.000000   -0.257616              -0.205146
total_cost               0.994656  0.747565  0.606294     -0.257616    1.000000               0.621345
total_cost_per_person    0.625110  0.418913 -0.199857     -0.205146    0.621345               1.000000
2026-06-07 14:21:14 | INFO | EDA-NBA | ---------Visualize Correlation Matrix as a Heatmap---------------
2026-06-07 14:21:15 | INFO | EDA-NBA | ---- Creating Scatter Plot to see Relationships ------
2026-06-07 14:21:15 | INFO | EDA-NBA | ----   Use clean dataframe ---------------------------
2026-06-07 14:21:15 | INFO | EDA-NBA | ----   Set the hue (color mapping) to the group column --
2026-06-07 14:33:05 | INFO | EDA-NBA | === RUN START ===
2026-06-07 14:33:05 | INFO | EDA-NBA | project=EDA-NBA
2026-06-07 14:33:05 | INFO | EDA-NBA | repo_dir=datafun-04-notebooks
2026-06-07 14:33:05 | INFO | EDA-NBA | python=3.14.0
2026-06-07 14:33:05 | INFO | EDA-NBA | os=Windows 11
2026-06-07 14:33:05 | INFO | EDA-NBA | shell=powershell
2026-06-07 14:33:05 | INFO | EDA-NBA | cwd=notebooks
2026-06-07 14:33:05 | INFO | EDA-NBA | github_actions=False
2026-06-07 14:33:05 | INFO | EDA-NBA | Chose dataset: tips
2026-06-07 14:33:05 | INFO | EDA-NBA | Imports complete.
2026-06-07 14:33:05 | INFO | EDA-NBA | Quickly Summarize Dataset To Confirm Suitability
2026-06-07 14:33:05 | INFO | EDA-NBA | Loading dataset: tips
2026-06-07 14:33:05 | INFO | EDA-NBA | Loaded: 244 rows, 7 columns
2026-06-07 14:33:05 | INFO | EDA-NBA | Previewing first few rows of the dataset
2026-06-07 14:33:05 | INFO | EDA-NBA | Column names
2026-06-07 14:33:05 | INFO | EDA-NBA | Data types and non-null counts
2026-06-07 14:33:05 | INFO | EDA-NBA | Dataset shape: 244 rows, 7 columns
2026-06-07 14:33:05 | INFO | EDA-NBA | Building starter data dictionary
2026-06-07 14:33:05 | DEBUG | EDA-NBA | 
       column     dtype  missing_count  missing_pct
0  total_bill   float64              0          0.0
1         tip   float64              0          0.0
2         sex  category              0          0.0
3      smoker  category              0          0.0
4         day  category              0          0.0
5        time  category              0          0.0
6        size     int64              0          0.0
2026-06-07 14:33:05 | INFO | EDA-NBA | Duplicate rows detected: 1
2026-06-07 14:33:05 | INFO | EDA-NBA | Call describe() for numeric columns
2026-06-07 14:33:05 | DEBUG | EDA-NBA | 
       total_bill         tip        size
count  244.000000  244.000000  244.000000
mean    19.785943    2.998279    2.569672
std      8.902412    1.383638    0.951100
min      3.070000    1.000000    1.000000
25%     13.347500    2.000000    2.000000
50%     17.795000    2.900000    2.000000
75%     24.127500    3.562500    3.000000
max     50.810000   10.000000    6.000000

2026-06-07 14:33:05 | INFO | EDA-NBA | After dropping duplicates: 243 rows, 7 columns
2026-06-07 14:33:05 | INFO | EDA-NBA | Duplicate rows dropped: 1
2026-06-07 14:33:05 | INFO | EDA-NBA | Added new column: percent_tips = tip / total_bill * 100
2026-06-07 14:33:05 | INFO | EDA-NBA | Added new column: total_cost = total_bill + tip
2026-06-07 14:33:05 | INFO | EDA-NBA | Added new column: total_cost_per_person = total_cost / size
2026-06-07 14:33:05 | INFO | EDA-NBA | Computing overall descriptive statistics
2026-06-07 14:33:05 | INFO | EDA-NBA | Overall descriptive statistics:
                       count       mean       std       min        25%        50%        75%        max
total_bill             243.0  19.813868  8.910071  3.070000  13.380000  17.810000  24.175000  50.810000
tip                    243.0   3.002387  1.385002  1.000000   2.000000   2.920000   3.575000  10.000000
size                   243.0   2.572016  0.952356  1.000000   2.000000   2.000000   3.000000   6.000000
percent_tips           243.0  16.083121  6.119662  3.563814  12.883281  15.521855  19.174638  71.034483
total_cost             243.0  22.816255  9.897837  4.070000  15.640000  20.620000  27.785000  60.810000
total_cost_per_person  243.0   9.107580  3.210674  3.375000   6.746667   8.465000  10.720833  21.775000
2026-06-07 14:33:05 | INFO | EDA-NBA | Computing correlation matrix for numeric columns
2026-06-07 14:33:05 | INFO | EDA-NBA | 
Correlation matrix:
2026-06-07 14:33:05 | DEBUG | EDA-NBA | 
                       total_bill       tip      size  percent_tips  total_cost  total_cost_per_person
total_bill               1.000000  0.674998  0.597589     -0.339400    0.994656               0.625110
tip                      0.674998  1.000000  0.488400      0.342408    0.747565               0.418913
size                     0.597589  0.488400  1.000000     -0.143252    0.606294              -0.199857
percent_tips            -0.339400  0.342408 -0.143252      1.000000   -0.257616              -0.205146
total_cost               0.994656  0.747565  0.606294     -0.257616    1.000000               0.621345
total_cost_per_person    0.625110  0.418913 -0.199857     -0.205146    0.621345               1.000000
2026-06-07 14:33:05 | INFO | EDA-NBA | ---------Visualize Correlation Matrix as a Heatmap---------------
2026-06-07 14:33:06 | INFO | EDA-NBA | ---- Creating Scatter Plot to see Relationships ------
2026-06-07 14:33:06 | INFO | EDA-NBA | ----   Use clean dataframe ---------------------------
2026-06-07 14:33:06 | INFO | EDA-NBA | ----   Set the hue (color mapping) to the group column --
2026-06-07 14:33:18 | INFO | EDA-NBA | === RUN START ===
2026-06-07 14:33:18 | INFO | EDA-NBA | project=EDA-NBA
2026-06-07 14:33:18 | INFO | EDA-NBA | repo_dir=datafun-04-notebooks
2026-06-07 14:33:18 | INFO | EDA-NBA | python=3.14.0
2026-06-07 14:33:18 | INFO | EDA-NBA | os=Windows 11
2026-06-07 14:33:18 | INFO | EDA-NBA | shell=powershell
2026-06-07 14:33:18 | INFO | EDA-NBA | cwd=notebooks
2026-06-07 14:33:18 | INFO | EDA-NBA | github_actions=False
2026-06-07 14:33:18 | INFO | EDA-NBA | Chose dataset: tips
2026-06-07 14:33:18 | INFO | EDA-NBA | Imports complete.
2026-06-07 14:33:18 | INFO | EDA-NBA | Quickly Summarize Dataset To Confirm Suitability
2026-06-07 14:33:18 | INFO | EDA-NBA | Loading dataset: tips
2026-06-07 14:33:18 | INFO | EDA-NBA | Loaded: 244 rows, 7 columns
2026-06-07 14:33:18 | INFO | EDA-NBA | Previewing first few rows of the dataset
2026-06-07 14:33:18 | INFO | EDA-NBA | Column names
2026-06-07 14:33:18 | INFO | EDA-NBA | Data types and non-null counts
2026-06-07 14:33:18 | INFO | EDA-NBA | Dataset shape: 244 rows, 7 columns
2026-06-07 14:33:18 | INFO | EDA-NBA | Building starter data dictionary
2026-06-07 14:33:18 | DEBUG | EDA-NBA | 
       column     dtype  missing_count  missing_pct
0  total_bill   float64              0          0.0
1         tip   float64              0          0.0
2         sex  category              0          0.0
3      smoker  category              0          0.0
4         day  category              0          0.0
5        time  category              0          0.0
6        size     int64              0          0.0
2026-06-07 14:33:18 | INFO | EDA-NBA | Duplicate rows detected: 1
2026-06-07 14:33:18 | INFO | EDA-NBA | Call describe() for numeric columns
2026-06-07 14:33:18 | DEBUG | EDA-NBA | 
       total_bill         tip        size
count  244.000000  244.000000  244.000000
mean    19.785943    2.998279    2.569672
std      8.902412    1.383638    0.951100
min      3.070000    1.000000    1.000000
25%     13.347500    2.000000    2.000000
50%     17.795000    2.900000    2.000000
75%     24.127500    3.562500    3.000000
max     50.810000   10.000000    6.000000

2026-06-07 14:33:18 | INFO | EDA-NBA | After dropping duplicates: 243 rows, 7 columns
2026-06-07 14:33:18 | INFO | EDA-NBA | Duplicate rows dropped: 1
2026-06-07 14:33:18 | INFO | EDA-NBA | Added new column: percent_tips = tip / total_bill * 100
2026-06-07 14:33:18 | INFO | EDA-NBA | Added new column: total_cost = total_bill + tip
2026-06-07 14:33:18 | INFO | EDA-NBA | Added new column: total_cost_per_person = total_cost / size
2026-06-07 14:33:18 | INFO | EDA-NBA | Computing overall descriptive statistics
2026-06-07 14:33:18 | INFO | EDA-NBA | Overall descriptive statistics:
                       count       mean       std       min        25%        50%        75%        max
total_bill             243.0  19.813868  8.910071  3.070000  13.380000  17.810000  24.175000  50.810000
tip                    243.0   3.002387  1.385002  1.000000   2.000000   2.920000   3.575000  10.000000
size                   243.0   2.572016  0.952356  1.000000   2.000000   2.000000   3.000000   6.000000
percent_tips           243.0  16.083121  6.119662  3.563814  12.883281  15.521855  19.174638  71.034483
total_cost             243.0  22.816255  9.897837  4.070000  15.640000  20.620000  27.785000  60.810000
total_cost_per_person  243.0   9.107580  3.210674  3.375000   6.746667   8.465000  10.720833  21.775000
2026-06-07 14:33:19 | INFO | EDA-NBA | Computing correlation matrix for numeric columns
2026-06-07 14:33:19 | INFO | EDA-NBA | 
Correlation matrix:
2026-06-07 14:33:19 | DEBUG | EDA-NBA | 
                       total_bill       tip      size  percent_tips  total_cost  total_cost_per_person
total_bill               1.000000  0.674998  0.597589     -0.339400    0.994656               0.625110
tip                      0.674998  1.000000  0.488400      0.342408    0.747565               0.418913
size                     0.597589  0.488400  1.000000     -0.143252    0.606294              -0.199857
percent_tips            -0.339400  0.342408 -0.143252      1.000000   -0.257616              -0.205146
total_cost               0.994656  0.747565  0.606294     -0.257616    1.000000               0.621345
total_cost_per_person    0.625110  0.418913 -0.199857     -0.205146    0.621345               1.000000
2026-06-07 14:33:19 | INFO | EDA-NBA | ---------Visualize Correlation Matrix as a Heatmap---------------
2026-06-07 14:33:19 | INFO | EDA-NBA | ---- Creating Scatter Plot to see Relationships ------
2026-06-07 14:33:19 | INFO | EDA-NBA | ----   Use clean dataframe ---------------------------
2026-06-07 14:33:19 | INFO | EDA-NBA | ----   Set the hue (color mapping) to the group column --
2026-06-07 14:34:13 | INFO | EDA-NBA | === RUN START ===
2026-06-07 14:34:13 | INFO | EDA-NBA | project=EDA-NBA
2026-06-07 14:34:13 | INFO | EDA-NBA | repo_dir=datafun-04-notebooks
2026-06-07 14:34:13 | INFO | EDA-NBA | python=3.14.0
2026-06-07 14:34:13 | INFO | EDA-NBA | os=Windows 11
2026-06-07 14:34:13 | INFO | EDA-NBA | shell=powershell
2026-06-07 14:34:13 | INFO | EDA-NBA | cwd=notebooks
2026-06-07 14:34:13 | INFO | EDA-NBA | github_actions=False
2026-06-07 14:34:13 | INFO | EDA-NBA | Chose dataset: tips
2026-06-07 14:34:13 | INFO | EDA-NBA | Imports complete.
2026-06-07 14:34:13 | INFO | EDA-NBA | Quickly Summarize Dataset To Confirm Suitability
2026-06-07 14:34:13 | INFO | EDA-NBA | Loading dataset: tips
2026-06-07 14:34:13 | INFO | EDA-NBA | Loaded: 244 rows, 7 columns
2026-06-07 14:34:13 | INFO | EDA-NBA | Previewing first few rows of the dataset
2026-06-07 14:34:13 | INFO | EDA-NBA | Column names
2026-06-07 14:34:13 | INFO | EDA-NBA | Data types and non-null counts
2026-06-07 14:34:13 | INFO | EDA-NBA | Dataset shape: 244 rows, 7 columns
2026-06-07 14:34:13 | INFO | EDA-NBA | Building starter data dictionary
2026-06-07 14:34:13 | DEBUG | EDA-NBA | 
       column     dtype  missing_count  missing_pct
0  total_bill   float64              0          0.0
1         tip   float64              0          0.0
2         sex  category              0          0.0
3      smoker  category              0          0.0
4         day  category              0          0.0
5        time  category              0          0.0
6        size     int64              0          0.0
2026-06-07 14:34:13 | INFO | EDA-NBA | Duplicate rows detected: 1
2026-06-07 14:34:13 | INFO | EDA-NBA | Call describe() for numeric columns
2026-06-07 14:34:13 | DEBUG | EDA-NBA | 
       total_bill         tip        size
count  244.000000  244.000000  244.000000
mean    19.785943    2.998279    2.569672
std      8.902412    1.383638    0.951100
min      3.070000    1.000000    1.000000
25%     13.347500    2.000000    2.000000
50%     17.795000    2.900000    2.000000
75%     24.127500    3.562500    3.000000
max     50.810000   10.000000    6.000000

2026-06-07 14:34:14 | INFO | EDA-NBA | After dropping duplicates: 243 rows, 7 columns
2026-06-07 14:34:14 | INFO | EDA-NBA | Duplicate rows dropped: 1
2026-06-07 14:34:14 | INFO | EDA-NBA | Added new column: percent_tips = tip / total_bill * 100
2026-06-07 14:34:14 | INFO | EDA-NBA | Added new column: total_cost = total_bill + tip
2026-06-07 14:34:14 | INFO | EDA-NBA | Added new column: total_cost_per_person = total_cost / size
2026-06-07 14:34:14 | INFO | EDA-NBA | Computing overall descriptive statistics
2026-06-07 14:34:14 | INFO | EDA-NBA | Overall descriptive statistics:
                       count       mean       std       min        25%        50%        75%        max
total_bill             243.0  19.813868  8.910071  3.070000  13.380000  17.810000  24.175000  50.810000
tip                    243.0   3.002387  1.385002  1.000000   2.000000   2.920000   3.575000  10.000000
size                   243.0   2.572016  0.952356  1.000000   2.000000   2.000000   3.000000   6.000000
percent_tips           243.0  16.083121  6.119662  3.563814  12.883281  15.521855  19.174638  71.034483
total_cost             243.0  22.816255  9.897837  4.070000  15.640000  20.620000  27.785000  60.810000
total_cost_per_person  243.0   9.107580  3.210674  3.375000   6.746667   8.465000  10.720833  21.775000
2026-06-07 14:34:14 | INFO | EDA-NBA | Computing correlation matrix for numeric columns
2026-06-07 14:34:14 | INFO | EDA-NBA | 
Correlation matrix:
2026-06-07 14:34:14 | DEBUG | EDA-NBA | 
                       total_bill       tip      size  percent_tips  total_cost  total_cost_per_person
total_bill               1.000000  0.674998  0.597589     -0.339400    0.994656               0.625110
tip                      0.674998  1.000000  0.488400      0.342408    0.747565               0.418913
size                     0.597589  0.488400  1.000000     -0.143252    0.606294              -0.199857
percent_tips            -0.339400  0.342408 -0.143252      1.000000   -0.257616              -0.205146
total_cost               0.994656  0.747565  0.606294     -0.257616    1.000000               0.621345
total_cost_per_person    0.625110  0.418913 -0.199857     -0.205146    0.621345               1.000000
2026-06-07 14:34:14 | INFO | EDA-NBA | ---------Visualize Correlation Matrix as a Heatmap---------------
2026-06-07 14:34:14 | INFO | EDA-NBA | ---- Creating Scatter Plot to see Relationships ------
2026-06-07 14:34:14 | INFO | EDA-NBA | ----   Use clean dataframe ---------------------------
2026-06-07 14:34:14 | INFO | EDA-NBA | ----   Set the hue (color mapping) to the group column --
2026-06-07 14:39:04 | INFO | EDA-NBA | === RUN START ===
2026-06-07 14:39:04 | INFO | EDA-NBA | project=EDA-NBA
2026-06-07 14:39:04 | INFO | EDA-NBA | repo_dir=datafun-04-notebooks
2026-06-07 14:39:04 | INFO | EDA-NBA | python=3.14.0
2026-06-07 14:39:04 | INFO | EDA-NBA | os=Windows 11
2026-06-07 14:39:04 | INFO | EDA-NBA | shell=powershell
2026-06-07 14:39:04 | INFO | EDA-NBA | cwd=notebooks
2026-06-07 14:39:04 | INFO | EDA-NBA | github_actions=False
2026-06-07 14:39:04 | INFO | EDA-NBA | Chose dataset: tips
2026-06-07 14:39:04 | INFO | EDA-NBA | Imports complete.
2026-06-07 14:39:04 | INFO | EDA-NBA | Quickly Summarize Dataset To Confirm Suitability
2026-06-07 14:39:04 | INFO | EDA-NBA | Loading dataset: tips
2026-06-07 14:39:04 | INFO | EDA-NBA | Loaded: 244 rows, 7 columns
2026-06-07 14:39:04 | INFO | EDA-NBA | Previewing first few rows of the dataset
2026-06-07 14:39:04 | INFO | EDA-NBA | Column names
2026-06-07 14:39:04 | INFO | EDA-NBA | Data types and non-null counts
2026-06-07 14:39:04 | INFO | EDA-NBA | Dataset shape: 244 rows, 7 columns
2026-06-07 14:39:04 | INFO | EDA-NBA | Building starter data dictionary
2026-06-07 14:39:04 | DEBUG | EDA-NBA | 
       column     dtype  missing_count  missing_pct
0  total_bill   float64              0          0.0
1         tip   float64              0          0.0
2         sex  category              0          0.0
3      smoker  category              0          0.0
4         day  category              0          0.0
5        time  category              0          0.0
6        size     int64              0          0.0
2026-06-07 14:39:04 | INFO | EDA-NBA | Duplicate rows detected: 1
2026-06-07 14:39:04 | INFO | EDA-NBA | Call describe() for numeric columns
2026-06-07 14:39:04 | DEBUG | EDA-NBA | 
       total_bill         tip        size
count  244.000000  244.000000  244.000000
mean    19.785943    2.998279    2.569672
std      8.902412    1.383638    0.951100
min      3.070000    1.000000    1.000000
25%     13.347500    2.000000    2.000000
50%     17.795000    2.900000    2.000000
75%     24.127500    3.562500    3.000000
max     50.810000   10.000000    6.000000

2026-06-07 14:39:04 | INFO | EDA-NBA | After dropping duplicates: 243 rows, 7 columns
2026-06-07 14:39:04 | INFO | EDA-NBA | Duplicate rows dropped: 1
2026-06-07 14:39:04 | INFO | EDA-NBA | Added new column: percent_tips = tip / total_bill * 100
2026-06-07 14:39:04 | INFO | EDA-NBA | Added new column: total_cost = total_bill + tip
2026-06-07 14:39:04 | INFO | EDA-NBA | Added new column: total_cost_per_person = total_cost / size
2026-06-07 14:39:05 | INFO | EDA-NBA | Computing overall descriptive statistics
2026-06-07 14:39:05 | INFO | EDA-NBA | Overall descriptive statistics:
                       count       mean       std       min        25%        50%        75%        max
total_bill             243.0  19.813868  8.910071  3.070000  13.380000  17.810000  24.175000  50.810000
tip                    243.0   3.002387  1.385002  1.000000   2.000000   2.920000   3.575000  10.000000
size                   243.0   2.572016  0.952356  1.000000   2.000000   2.000000   3.000000   6.000000
percent_tips           243.0  16.083121  6.119662  3.563814  12.883281  15.521855  19.174638  71.034483
total_cost             243.0  22.816255  9.897837  4.070000  15.640000  20.620000  27.785000  60.810000
total_cost_per_person  243.0   9.107580  3.210674  3.375000   6.746667   8.465000  10.720833  21.775000
2026-06-07 14:39:05 | INFO | EDA-NBA | Computing correlation matrix for numeric columns
2026-06-07 14:39:05 | INFO | EDA-NBA | 
Correlation matrix:
2026-06-07 14:39:05 | DEBUG | EDA-NBA | 
                       total_bill       tip      size  percent_tips  total_cost  total_cost_per_person
total_bill               1.000000  0.674998  0.597589     -0.339400    0.994656               0.625110
tip                      0.674998  1.000000  0.488400      0.342408    0.747565               0.418913
size                     0.597589  0.488400  1.000000     -0.143252    0.606294              -0.199857
percent_tips            -0.339400  0.342408 -0.143252      1.000000   -0.257616              -0.205146
total_cost               0.994656  0.747565  0.606294     -0.257616    1.000000               0.621345
total_cost_per_person    0.625110  0.418913 -0.199857     -0.205146    0.621345               1.000000
2026-06-07 14:39:05 | INFO | EDA-NBA | ---------Visualize Correlation Matrix as a Heatmap---------------
2026-06-07 14:39:05 | INFO | EDA-NBA | ---- Creating Scatter Plot to see Relationships ------
2026-06-07 14:39:05 | INFO | EDA-NBA | ----   Use clean dataframe ---------------------------
2026-06-07 14:39:05 | INFO | EDA-NBA | ----   Set the hue (color mapping) to the group column --
2026-06-07 14:39:17 | INFO | EDA-NBA | === RUN START ===
2026-06-07 14:39:17 | INFO | EDA-NBA | project=EDA-NBA
2026-06-07 14:39:17 | INFO | EDA-NBA | repo_dir=datafun-04-notebooks
2026-06-07 14:39:17 | INFO | EDA-NBA | python=3.14.0
2026-06-07 14:39:17 | INFO | EDA-NBA | os=Windows 11
2026-06-07 14:39:17 | INFO | EDA-NBA | shell=powershell
2026-06-07 14:39:17 | INFO | EDA-NBA | cwd=notebooks
2026-06-07 14:39:17 | INFO | EDA-NBA | github_actions=False
2026-06-07 14:39:17 | INFO | EDA-NBA | Chose dataset: tips
2026-06-07 14:39:17 | INFO | EDA-NBA | Imports complete.
2026-06-07 14:39:17 | INFO | EDA-NBA | Quickly Summarize Dataset To Confirm Suitability
2026-06-07 14:39:17 | INFO | EDA-NBA | Loading dataset: tips
2026-06-07 14:39:17 | INFO | EDA-NBA | Loaded: 244 rows, 7 columns
2026-06-07 14:39:17 | INFO | EDA-NBA | Previewing first few rows of the dataset
2026-06-07 14:39:17 | INFO | EDA-NBA | Column names
2026-06-07 14:39:17 | INFO | EDA-NBA | Data types and non-null counts
2026-06-07 14:39:17 | INFO | EDA-NBA | Dataset shape: 244 rows, 7 columns
2026-06-07 14:39:17 | INFO | EDA-NBA | Building starter data dictionary
2026-06-07 14:39:17 | DEBUG | EDA-NBA | 
       column     dtype  missing_count  missing_pct
0  total_bill   float64              0          0.0
1         tip   float64              0          0.0
2         sex  category              0          0.0
3      smoker  category              0          0.0
4         day  category              0          0.0
5        time  category              0          0.0
6        size     int64              0          0.0
2026-06-07 14:39:17 | INFO | EDA-NBA | Duplicate rows detected: 1
2026-06-07 14:39:17 | INFO | EDA-NBA | Call describe() for numeric columns
2026-06-07 14:39:17 | DEBUG | EDA-NBA | 
       total_bill         tip        size
count  244.000000  244.000000  244.000000
mean    19.785943    2.998279    2.569672
std      8.902412    1.383638    0.951100
min      3.070000    1.000000    1.000000
25%     13.347500    2.000000    2.000000
50%     17.795000    2.900000    2.000000
75%     24.127500    3.562500    3.000000
max     50.810000   10.000000    6.000000

2026-06-07 14:39:17 | INFO | EDA-NBA | After dropping duplicates: 243 rows, 7 columns
2026-06-07 14:39:17 | INFO | EDA-NBA | Duplicate rows dropped: 1
2026-06-07 14:39:17 | INFO | EDA-NBA | Added new column: percent_tips = tip / total_bill * 100
2026-06-07 14:39:17 | INFO | EDA-NBA | Added new column: total_cost = total_bill + tip
2026-06-07 14:39:17 | INFO | EDA-NBA | Added new column: total_cost_per_person = total_cost / size
2026-06-07 14:39:17 | INFO | EDA-NBA | Computing overall descriptive statistics
2026-06-07 14:39:17 | INFO | EDA-NBA | Overall descriptive statistics:
                       count       mean       std       min        25%        50%        75%        max
total_bill             243.0  19.813868  8.910071  3.070000  13.380000  17.810000  24.175000  50.810000
tip                    243.0   3.002387  1.385002  1.000000   2.000000   2.920000   3.575000  10.000000
size                   243.0   2.572016  0.952356  1.000000   2.000000   2.000000   3.000000   6.000000
percent_tips           243.0  16.083121  6.119662  3.563814  12.883281  15.521855  19.174638  71.034483
total_cost             243.0  22.816255  9.897837  4.070000  15.640000  20.620000  27.785000  60.810000
total_cost_per_person  243.0   9.107580  3.210674  3.375000   6.746667   8.465000  10.720833  21.775000
2026-06-07 14:39:18 | INFO | EDA-NBA | Computing correlation matrix for numeric columns
2026-06-07 14:39:18 | INFO | EDA-NBA | 
Correlation matrix:
2026-06-07 14:39:18 | DEBUG | EDA-NBA | 
                       total_bill       tip      size  percent_tips  total_cost  total_cost_per_person
total_bill               1.000000  0.674998  0.597589     -0.339400    0.994656               0.625110
tip                      0.674998  1.000000  0.488400      0.342408    0.747565               0.418913
size                     0.597589  0.488400  1.000000     -0.143252    0.606294              -0.199857
percent_tips            -0.339400  0.342408 -0.143252      1.000000   -0.257616              -0.205146
total_cost               0.994656  0.747565  0.606294     -0.257616    1.000000               0.621345
total_cost_per_person    0.625110  0.418913 -0.199857     -0.205146    0.621345               1.000000
2026-06-07 14:39:18 | INFO | EDA-NBA | ---------Visualize Correlation Matrix as a Heatmap---------------
2026-06-07 14:39:18 | INFO | EDA-NBA | ---- Creating Scatter Plot to see Relationships ------
2026-06-07 14:39:18 | INFO | EDA-NBA | ----   Use clean dataframe ---------------------------
2026-06-07 14:39:18 | INFO | EDA-NBA | ----   Set the hue (color mapping) to the group column --
2026-06-07 14:39:52 | INFO | EDA-NBA | === RUN START ===
2026-06-07 14:39:52 | INFO | EDA-NBA | project=EDA-NBA
2026-06-07 14:39:52 | INFO | EDA-NBA | repo_dir=datafun-04-notebooks
2026-06-07 14:39:52 | INFO | EDA-NBA | python=3.14.0
2026-06-07 14:39:52 | INFO | EDA-NBA | os=Windows 11
2026-06-07 14:39:52 | INFO | EDA-NBA | shell=powershell
2026-06-07 14:39:52 | INFO | EDA-NBA | cwd=notebooks
2026-06-07 14:39:52 | INFO | EDA-NBA | github_actions=False
2026-06-07 14:39:52 | INFO | EDA-NBA | Chose dataset: tips
2026-06-07 14:39:52 | INFO | EDA-NBA | Imports complete.
2026-06-07 14:39:52 | INFO | EDA-NBA | Quickly Summarize Dataset To Confirm Suitability
2026-06-07 14:39:52 | INFO | EDA-NBA | Loading dataset: tips
2026-06-07 14:39:52 | INFO | EDA-NBA | Loaded: 244 rows, 7 columns
2026-06-07 14:39:52 | INFO | EDA-NBA | Previewing first few rows of the dataset
2026-06-07 14:39:52 | INFO | EDA-NBA | Column names
2026-06-07 14:39:52 | INFO | EDA-NBA | Data types and non-null counts
2026-06-07 14:39:52 | INFO | EDA-NBA | Dataset shape: 244 rows, 7 columns
2026-06-07 14:39:52 | INFO | EDA-NBA | Building starter data dictionary
2026-06-07 14:39:52 | DEBUG | EDA-NBA | 
       column     dtype  missing_count  missing_pct
0  total_bill   float64              0          0.0
1         tip   float64              0          0.0
2         sex  category              0          0.0
3      smoker  category              0          0.0
4         day  category              0          0.0
5        time  category              0          0.0
6        size     int64              0          0.0
2026-06-07 14:39:52 | INFO | EDA-NBA | Duplicate rows detected: 1
2026-06-07 14:39:52 | INFO | EDA-NBA | Call describe() for numeric columns
2026-06-07 14:39:52 | DEBUG | EDA-NBA | 
       total_bill         tip        size
count  244.000000  244.000000  244.000000
mean    19.785943    2.998279    2.569672
std      8.902412    1.383638    0.951100
min      3.070000    1.000000    1.000000
25%     13.347500    2.000000    2.000000
50%     17.795000    2.900000    2.000000
75%     24.127500    3.562500    3.000000
max     50.810000   10.000000    6.000000

2026-06-07 14:39:52 | INFO | EDA-NBA | After dropping duplicates: 243 rows, 7 columns
2026-06-07 14:39:52 | INFO | EDA-NBA | Duplicate rows dropped: 1
2026-06-07 14:39:52 | INFO | EDA-NBA | Added new column: percent_tips = tip / total_bill * 100
2026-06-07 14:39:52 | INFO | EDA-NBA | Added new column: total_cost = total_bill + tip
2026-06-07 14:39:52 | INFO | EDA-NBA | Added new column: total_cost_per_person = total_cost / size
2026-06-07 14:39:52 | INFO | EDA-NBA | Computing overall descriptive statistics
2026-06-07 14:39:52 | INFO | EDA-NBA | Overall descriptive statistics:
                       count       mean       std       min        25%        50%        75%        max
total_bill             243.0  19.813868  8.910071  3.070000  13.380000  17.810000  24.175000  50.810000
tip                    243.0   3.002387  1.385002  1.000000   2.000000   2.920000   3.575000  10.000000
size                   243.0   2.572016  0.952356  1.000000   2.000000   2.000000   3.000000   6.000000
percent_tips           243.0  16.083121  6.119662  3.563814  12.883281  15.521855  19.174638  71.034483
total_cost             243.0  22.816255  9.897837  4.070000  15.640000  20.620000  27.785000  60.810000
total_cost_per_person  243.0   9.107580  3.210674  3.375000   6.746667   8.465000  10.720833  21.775000
2026-06-07 14:39:52 | INFO | EDA-NBA | Computing correlation matrix for numeric columns
2026-06-07 14:39:52 | INFO | EDA-NBA | 
Correlation matrix:
2026-06-07 14:39:52 | DEBUG | EDA-NBA | 
                       total_bill       tip      size  percent_tips  total_cost  total_cost_per_person
total_bill               1.000000  0.674998  0.597589     -0.339400    0.994656               0.625110
tip                      0.674998  1.000000  0.488400      0.342408    0.747565               0.418913
size                     0.597589  0.488400  1.000000     -0.143252    0.606294              -0.199857
percent_tips            -0.339400  0.342408 -0.143252      1.000000   -0.257616              -0.205146
total_cost               0.994656  0.747565  0.606294     -0.257616    1.000000               0.621345
total_cost_per_person    0.625110  0.418913 -0.199857     -0.205146    0.621345               1.000000
2026-06-07 14:39:52 | INFO | EDA-NBA | ---------Visualize Correlation Matrix as a Heatmap---------------
2026-06-07 14:39:53 | INFO | EDA-NBA | ---- Creating Scatter Plot to see Relationships ------
2026-06-07 14:39:53 | INFO | EDA-NBA | ----   Use clean dataframe ---------------------------
2026-06-07 14:39:53 | INFO | EDA-NBA | ----   Set the hue (color mapping) to the group column --
2026-06-07 14:40:41 | INFO | EDA-NBA | === RUN START ===
2026-06-07 14:40:41 | INFO | EDA-NBA | project=EDA-NBA
2026-06-07 14:40:41 | INFO | EDA-NBA | repo_dir=datafun-04-notebooks
2026-06-07 14:40:41 | INFO | EDA-NBA | python=3.14.0
2026-06-07 14:40:41 | INFO | EDA-NBA | os=Windows 11
2026-06-07 14:40:41 | INFO | EDA-NBA | shell=powershell
2026-06-07 14:40:41 | INFO | EDA-NBA | cwd=notebooks
2026-06-07 14:40:41 | INFO | EDA-NBA | github_actions=False
2026-06-07 14:40:41 | INFO | EDA-NBA | Chose dataset: tips
2026-06-07 14:40:41 | INFO | EDA-NBA | Imports complete.
2026-06-07 14:40:41 | INFO | EDA-NBA | Quickly Summarize Dataset To Confirm Suitability
2026-06-07 14:40:41 | INFO | EDA-NBA | Loading dataset: tips
2026-06-07 14:40:41 | INFO | EDA-NBA | Loaded: 244 rows, 7 columns
2026-06-07 14:40:41 | INFO | EDA-NBA | Previewing first few rows of the dataset
2026-06-07 14:40:41 | INFO | EDA-NBA | Column names
2026-06-07 14:40:41 | INFO | EDA-NBA | Data types and non-null counts
2026-06-07 14:40:41 | INFO | EDA-NBA | Dataset shape: 244 rows, 7 columns
2026-06-07 14:40:41 | INFO | EDA-NBA | Building starter data dictionary
2026-06-07 14:40:41 | DEBUG | EDA-NBA | 
       column     dtype  missing_count  missing_pct
0  total_bill   float64              0          0.0
1         tip   float64              0          0.0
2         sex  category              0          0.0
3      smoker  category              0          0.0
4         day  category              0          0.0
5        time  category              0          0.0
6        size     int64              0          0.0
2026-06-07 14:40:41 | INFO | EDA-NBA | Duplicate rows detected: 1
2026-06-07 14:40:41 | INFO | EDA-NBA | Call describe() for numeric columns
2026-06-07 14:40:41 | DEBUG | EDA-NBA | 
       total_bill         tip        size
count  244.000000  244.000000  244.000000
mean    19.785943    2.998279    2.569672
std      8.902412    1.383638    0.951100
min      3.070000    1.000000    1.000000
25%     13.347500    2.000000    2.000000
50%     17.795000    2.900000    2.000000
75%     24.127500    3.562500    3.000000
max     50.810000   10.000000    6.000000

2026-06-07 14:40:41 | INFO | EDA-NBA | After dropping duplicates: 243 rows, 7 columns
2026-06-07 14:40:41 | INFO | EDA-NBA | Duplicate rows dropped: 1
2026-06-07 14:40:41 | INFO | EDA-NBA | Added new column: percent_tips = tip / total_bill * 100
2026-06-07 14:40:41 | INFO | EDA-NBA | Added new column: total_cost = total_bill + tip
2026-06-07 14:40:41 | INFO | EDA-NBA | Added new column: total_cost_per_person = total_cost / size
2026-06-07 14:40:41 | INFO | EDA-NBA | Computing overall descriptive statistics
2026-06-07 14:40:41 | INFO | EDA-NBA | Overall descriptive statistics:
                       count       mean       std       min        25%        50%        75%        max
total_bill             243.0  19.813868  8.910071  3.070000  13.380000  17.810000  24.175000  50.810000
tip                    243.0   3.002387  1.385002  1.000000   2.000000   2.920000   3.575000  10.000000
size                   243.0   2.572016  0.952356  1.000000   2.000000   2.000000   3.000000   6.000000
percent_tips           243.0  16.083121  6.119662  3.563814  12.883281  15.521855  19.174638  71.034483
total_cost             243.0  22.816255  9.897837  4.070000  15.640000  20.620000  27.785000  60.810000
total_cost_per_person  243.0   9.107580  3.210674  3.375000   6.746667   8.465000  10.720833  21.775000
2026-06-07 14:40:41 | INFO | EDA-NBA | Computing correlation matrix for numeric columns
2026-06-07 14:40:41 | INFO | EDA-NBA | 
Correlation matrix:
2026-06-07 14:40:41 | DEBUG | EDA-NBA | 
                       total_bill       tip      size  percent_tips  total_cost  total_cost_per_person
total_bill               1.000000  0.674998  0.597589     -0.339400    0.994656               0.625110
tip                      0.674998  1.000000  0.488400      0.342408    0.747565               0.418913
size                     0.597589  0.488400  1.000000     -0.143252    0.606294              -0.199857
percent_tips            -0.339400  0.342408 -0.143252      1.000000   -0.257616              -0.205146
total_cost               0.994656  0.747565  0.606294     -0.257616    1.000000               0.621345
total_cost_per_person    0.625110  0.418913 -0.199857     -0.205146    0.621345               1.000000
2026-06-07 14:40:41 | INFO | EDA-NBA | ---------Visualize Correlation Matrix as a Heatmap---------------
2026-06-07 14:40:42 | INFO | EDA-NBA | ---- Creating Scatter Plot to see Relationships ------
2026-06-07 14:40:42 | INFO | EDA-NBA | ----   Use clean dataframe ---------------------------
2026-06-07 14:40:42 | INFO | EDA-NBA | ----   Set the hue (color mapping) to the group column --
2026-06-07 14:41:06 | INFO | EDA-NBA | === RUN START ===
2026-06-07 14:41:06 | INFO | EDA-NBA | project=EDA-NBA
2026-06-07 14:41:06 | INFO | EDA-NBA | repo_dir=datafun-04-notebooks
2026-06-07 14:41:06 | INFO | EDA-NBA | python=3.14.0
2026-06-07 14:41:06 | INFO | EDA-NBA | os=Windows 11
2026-06-07 14:41:06 | INFO | EDA-NBA | shell=powershell
2026-06-07 14:41:06 | INFO | EDA-NBA | cwd=notebooks
2026-06-07 14:41:06 | INFO | EDA-NBA | github_actions=False
2026-06-07 14:41:06 | INFO | EDA-NBA | Chose dataset: tips
2026-06-07 14:41:06 | INFO | EDA-NBA | Imports complete.
2026-06-07 14:41:06 | INFO | EDA-NBA | Quickly Summarize Dataset To Confirm Suitability
2026-06-07 14:41:06 | INFO | EDA-NBA | Loading dataset: tips
2026-06-07 14:41:06 | INFO | EDA-NBA | Loaded: 244 rows, 7 columns
2026-06-07 14:41:06 | INFO | EDA-NBA | Previewing first few rows of the dataset
2026-06-07 14:41:06 | INFO | EDA-NBA | Column names
2026-06-07 14:41:06 | INFO | EDA-NBA | Data types and non-null counts
2026-06-07 14:41:06 | INFO | EDA-NBA | Dataset shape: 244 rows, 7 columns
2026-06-07 14:41:06 | INFO | EDA-NBA | Building starter data dictionary
2026-06-07 14:41:06 | DEBUG | EDA-NBA | 
       column     dtype  missing_count  missing_pct
0  total_bill   float64              0          0.0
1         tip   float64              0          0.0
2         sex  category              0          0.0
3      smoker  category              0          0.0
4         day  category              0          0.0
5        time  category              0          0.0
6        size     int64              0          0.0
2026-06-07 14:41:06 | INFO | EDA-NBA | Duplicate rows detected: 1
2026-06-07 14:41:06 | INFO | EDA-NBA | Call describe() for numeric columns
2026-06-07 14:41:06 | DEBUG | EDA-NBA | 
       total_bill         tip        size
count  244.000000  244.000000  244.000000
mean    19.785943    2.998279    2.569672
std      8.902412    1.383638    0.951100
min      3.070000    1.000000    1.000000
25%     13.347500    2.000000    2.000000
50%     17.795000    2.900000    2.000000
75%     24.127500    3.562500    3.000000
max     50.810000   10.000000    6.000000

2026-06-07 14:41:06 | INFO | EDA-NBA | After dropping duplicates: 243 rows, 7 columns
2026-06-07 14:41:06 | INFO | EDA-NBA | Duplicate rows dropped: 1
2026-06-07 14:41:06 | INFO | EDA-NBA | Added new column: percent_tips = tip / total_bill * 100
2026-06-07 14:41:06 | INFO | EDA-NBA | Added new column: total_cost = total_bill + tip
2026-06-07 14:41:06 | INFO | EDA-NBA | Added new column: total_cost_per_person = total_cost / size
2026-06-07 14:41:06 | INFO | EDA-NBA | Computing overall descriptive statistics
2026-06-07 14:41:06 | INFO | EDA-NBA | Overall descriptive statistics:
                       count       mean       std       min        25%        50%        75%        max
total_bill             243.0  19.813868  8.910071  3.070000  13.380000  17.810000  24.175000  50.810000
tip                    243.0   3.002387  1.385002  1.000000   2.000000   2.920000   3.575000  10.000000
size                   243.0   2.572016  0.952356  1.000000   2.000000   2.000000   3.000000   6.000000
percent_tips           243.0  16.083121  6.119662  3.563814  12.883281  15.521855  19.174638  71.034483
total_cost             243.0  22.816255  9.897837  4.070000  15.640000  20.620000  27.785000  60.810000
total_cost_per_person  243.0   9.107580  3.210674  3.375000   6.746667   8.465000  10.720833  21.775000
2026-06-07 14:41:06 | INFO | EDA-NBA | Computing correlation matrix for numeric columns
2026-06-07 14:41:06 | INFO | EDA-NBA | 
Correlation matrix:
2026-06-07 14:41:06 | DEBUG | EDA-NBA | 
                       total_bill       tip      size  percent_tips  total_cost  total_cost_per_person
total_bill               1.000000  0.674998  0.597589     -0.339400    0.994656               0.625110
tip                      0.674998  1.000000  0.488400      0.342408    0.747565               0.418913
size                     0.597589  0.488400  1.000000     -0.143252    0.606294              -0.199857
percent_tips            -0.339400  0.342408 -0.143252      1.000000   -0.257616              -0.205146
total_cost               0.994656  0.747565  0.606294     -0.257616    1.000000               0.621345
total_cost_per_person    0.625110  0.418913 -0.199857     -0.205146    0.621345               1.000000
2026-06-07 14:41:06 | INFO | EDA-NBA | ---------Visualize Correlation Matrix as a Heatmap---------------
2026-06-07 14:41:07 | INFO | EDA-NBA | ---- Creating Scatter Plot to see Relationships ------
2026-06-07 14:41:07 | INFO | EDA-NBA | ----   Use clean dataframe ---------------------------
2026-06-07 14:41:07 | INFO | EDA-NBA | ----   Set the hue (color mapping) to the group column --
2026-06-07 14:41:32 | INFO | EDA-NBA | === RUN START ===
2026-06-07 14:41:32 | INFO | EDA-NBA | project=EDA-NBA
2026-06-07 14:41:32 | INFO | EDA-NBA | repo_dir=datafun-04-notebooks
2026-06-07 14:41:32 | INFO | EDA-NBA | python=3.14.0
2026-06-07 14:41:32 | INFO | EDA-NBA | os=Windows 11
2026-06-07 14:41:32 | INFO | EDA-NBA | shell=powershell
2026-06-07 14:41:32 | INFO | EDA-NBA | cwd=notebooks
2026-06-07 14:41:32 | INFO | EDA-NBA | github_actions=False
2026-06-07 14:41:32 | INFO | EDA-NBA | Chose dataset: tips
2026-06-07 14:41:32 | INFO | EDA-NBA | Imports complete.
2026-06-07 14:41:32 | INFO | EDA-NBA | Quickly Summarize Dataset To Confirm Suitability
2026-06-07 14:41:32 | INFO | EDA-NBA | Loading dataset: tips
2026-06-07 14:41:33 | INFO | EDA-NBA | Loaded: 244 rows, 7 columns
2026-06-07 14:41:33 | INFO | EDA-NBA | Previewing first few rows of the dataset
2026-06-07 14:41:33 | INFO | EDA-NBA | Column names
2026-06-07 14:41:33 | INFO | EDA-NBA | Data types and non-null counts
2026-06-07 14:41:33 | INFO | EDA-NBA | Dataset shape: 244 rows, 7 columns
2026-06-07 14:41:33 | INFO | EDA-NBA | Building starter data dictionary
2026-06-07 14:41:33 | DEBUG | EDA-NBA | 
       column     dtype  missing_count  missing_pct
0  total_bill   float64              0          0.0
1         tip   float64              0          0.0
2         sex  category              0          0.0
3      smoker  category              0          0.0
4         day  category              0          0.0
5        time  category              0          0.0
6        size     int64              0          0.0
2026-06-07 14:41:33 | INFO | EDA-NBA | Duplicate rows detected: 1
2026-06-07 14:41:33 | INFO | EDA-NBA | Call describe() for numeric columns
2026-06-07 14:41:33 | DEBUG | EDA-NBA | 
       total_bill         tip        size
count  244.000000  244.000000  244.000000
mean    19.785943    2.998279    2.569672
std      8.902412    1.383638    0.951100
min      3.070000    1.000000    1.000000
25%     13.347500    2.000000    2.000000
50%     17.795000    2.900000    2.000000
75%     24.127500    3.562500    3.000000
max     50.810000   10.000000    6.000000

2026-06-07 14:41:33 | INFO | EDA-NBA | After dropping duplicates: 243 rows, 7 columns
2026-06-07 14:41:33 | INFO | EDA-NBA | Duplicate rows dropped: 1
2026-06-07 14:41:33 | INFO | EDA-NBA | Added new column: percent_tips = tip / total_bill * 100
2026-06-07 14:41:33 | INFO | EDA-NBA | Added new column: total_cost = total_bill + tip
2026-06-07 14:41:33 | INFO | EDA-NBA | Added new column: total_cost_per_person = total_cost / size
2026-06-07 14:41:33 | INFO | EDA-NBA | Computing overall descriptive statistics
2026-06-07 14:41:33 | INFO | EDA-NBA | Overall descriptive statistics:
                       count       mean       std       min        25%        50%        75%        max
total_bill             243.0  19.813868  8.910071  3.070000  13.380000  17.810000  24.175000  50.810000
tip                    243.0   3.002387  1.385002  1.000000   2.000000   2.920000   3.575000  10.000000
size                   243.0   2.572016  0.952356  1.000000   2.000000   2.000000   3.000000   6.000000
percent_tips           243.0  16.083121  6.119662  3.563814  12.883281  15.521855  19.174638  71.034483
total_cost             243.0  22.816255  9.897837  4.070000  15.640000  20.620000  27.785000  60.810000
total_cost_per_person  243.0   9.107580  3.210674  3.375000   6.746667   8.465000  10.720833  21.775000
2026-06-07 14:41:33 | INFO | EDA-NBA | Computing correlation matrix for numeric columns
2026-06-07 14:41:33 | INFO | EDA-NBA | 
Correlation matrix:
2026-06-07 14:41:33 | DEBUG | EDA-NBA | 
                       total_bill       tip      size  percent_tips  total_cost  total_cost_per_person
total_bill               1.000000  0.674998  0.597589     -0.339400    0.994656               0.625110
tip                      0.674998  1.000000  0.488400      0.342408    0.747565               0.418913
size                     0.597589  0.488400  1.000000     -0.143252    0.606294              -0.199857
percent_tips            -0.339400  0.342408 -0.143252      1.000000   -0.257616              -0.205146
total_cost               0.994656  0.747565  0.606294     -0.257616    1.000000               0.621345
total_cost_per_person    0.625110  0.418913 -0.199857     -0.205146    0.621345               1.000000
2026-06-07 14:41:33 | INFO | EDA-NBA | ---------Visualize Correlation Matrix as a Heatmap---------------
2026-06-07 14:41:33 | INFO | EDA-NBA | ---- Creating Scatter Plot to see Relationships ------
2026-06-07 14:41:33 | INFO | EDA-NBA | ----   Use clean dataframe ---------------------------
2026-06-07 14:41:33 | INFO | EDA-NBA | ----   Set the hue (color mapping) to the group column --
2026-06-07 14:42:24 | INFO | EDA-NBA | === RUN START ===
2026-06-07 14:42:24 | INFO | EDA-NBA | project=EDA-NBA
2026-06-07 14:42:24 | INFO | EDA-NBA | repo_dir=datafun-04-notebooks
2026-06-07 14:42:24 | INFO | EDA-NBA | python=3.14.0
2026-06-07 14:42:24 | INFO | EDA-NBA | os=Windows 11
2026-06-07 14:42:24 | INFO | EDA-NBA | shell=powershell
2026-06-07 14:42:24 | INFO | EDA-NBA | cwd=notebooks
2026-06-07 14:42:24 | INFO | EDA-NBA | github_actions=False
2026-06-07 14:42:24 | INFO | EDA-NBA | Chose dataset: tips
2026-06-07 14:42:24 | INFO | EDA-NBA | Imports complete.
2026-06-07 14:42:24 | INFO | EDA-NBA | Quickly Summarize Dataset To Confirm Suitability
2026-06-07 14:42:24 | INFO | EDA-NBA | Loading dataset: tips
2026-06-07 14:42:24 | INFO | EDA-NBA | Loaded: 244 rows, 7 columns
2026-06-07 14:42:24 | INFO | EDA-NBA | Previewing first few rows of the dataset
2026-06-07 14:42:24 | INFO | EDA-NBA | Column names
2026-06-07 14:42:24 | INFO | EDA-NBA | Data types and non-null counts
2026-06-07 14:42:24 | INFO | EDA-NBA | Dataset shape: 244 rows, 7 columns
2026-06-07 14:42:24 | INFO | EDA-NBA | Building starter data dictionary
2026-06-07 14:42:24 | DEBUG | EDA-NBA | 
       column     dtype  missing_count  missing_pct
0  total_bill   float64              0          0.0
1         tip   float64              0          0.0
2         sex  category              0          0.0
3      smoker  category              0          0.0
4         day  category              0          0.0
5        time  category              0          0.0
6        size     int64              0          0.0
2026-06-07 14:42:24 | INFO | EDA-NBA | Duplicate rows detected: 1
2026-06-07 14:42:24 | INFO | EDA-NBA | Call describe() for numeric columns
2026-06-07 14:42:24 | DEBUG | EDA-NBA | 
       total_bill         tip        size
count  244.000000  244.000000  244.000000
mean    19.785943    2.998279    2.569672
std      8.902412    1.383638    0.951100
min      3.070000    1.000000    1.000000
25%     13.347500    2.000000    2.000000
50%     17.795000    2.900000    2.000000
75%     24.127500    3.562500    3.000000
max     50.810000   10.000000    6.000000

2026-06-07 14:42:24 | INFO | EDA-NBA | After dropping duplicates: 243 rows, 7 columns
2026-06-07 14:42:24 | INFO | EDA-NBA | Duplicate rows dropped: 1
2026-06-07 14:42:24 | INFO | EDA-NBA | Added new column: percent_tips = tip / total_bill * 100
2026-06-07 14:42:24 | INFO | EDA-NBA | Added new column: total_cost = total_bill + tip
2026-06-07 14:42:24 | INFO | EDA-NBA | Added new column: total_cost_per_person = total_cost / size
2026-06-07 14:42:24 | INFO | EDA-NBA | Computing overall descriptive statistics
2026-06-07 14:42:24 | INFO | EDA-NBA | Overall descriptive statistics:
                       count       mean       std       min        25%        50%        75%        max
total_bill             243.0  19.813868  8.910071  3.070000  13.380000  17.810000  24.175000  50.810000
tip                    243.0   3.002387  1.385002  1.000000   2.000000   2.920000   3.575000  10.000000
size                   243.0   2.572016  0.952356  1.000000   2.000000   2.000000   3.000000   6.000000
percent_tips           243.0  16.083121  6.119662  3.563814  12.883281  15.521855  19.174638  71.034483
total_cost             243.0  22.816255  9.897837  4.070000  15.640000  20.620000  27.785000  60.810000
total_cost_per_person  243.0   9.107580  3.210674  3.375000   6.746667   8.465000  10.720833  21.775000
2026-06-07 14:42:24 | INFO | EDA-NBA | Computing correlation matrix for numeric columns
2026-06-07 14:42:24 | INFO | EDA-NBA | 
Correlation matrix:
2026-06-07 14:42:24 | DEBUG | EDA-NBA | 
                       total_bill       tip      size  percent_tips  total_cost  total_cost_per_person
total_bill               1.000000  0.674998  0.597589     -0.339400    0.994656               0.625110
tip                      0.674998  1.000000  0.488400      0.342408    0.747565               0.418913
size                     0.597589  0.488400  1.000000     -0.143252    0.606294              -0.199857
percent_tips            -0.339400  0.342408 -0.143252      1.000000   -0.257616              -0.205146
total_cost               0.994656  0.747565  0.606294     -0.257616    1.000000               0.621345
total_cost_per_person    0.625110  0.418913 -0.199857     -0.205146    0.621345               1.000000
2026-06-07 14:42:25 | INFO | EDA-NBA | ---------Visualize Correlation Matrix as a Heatmap---------------
2026-06-07 14:42:25 | INFO | EDA-NBA | ---- Creating Scatter Plot to see Relationships ------
2026-06-07 14:42:25 | INFO | EDA-NBA | ----   Use clean dataframe ---------------------------
2026-06-07 14:42:25 | INFO | EDA-NBA | ----   Set the hue (color mapping) to the group column --
2026-06-07 14:42:33 | INFO | EDA-NBA | === RUN START ===
2026-06-07 14:42:33 | INFO | EDA-NBA | project=EDA-NBA
2026-06-07 14:42:33 | INFO | EDA-NBA | repo_dir=datafun-04-notebooks
2026-06-07 14:42:33 | INFO | EDA-NBA | python=3.14.0
2026-06-07 14:42:33 | INFO | EDA-NBA | os=Windows 11
2026-06-07 14:42:33 | INFO | EDA-NBA | shell=powershell
2026-06-07 14:42:33 | INFO | EDA-NBA | cwd=notebooks
2026-06-07 14:42:33 | INFO | EDA-NBA | github_actions=False
2026-06-07 14:42:33 | INFO | EDA-NBA | Chose dataset: tips
2026-06-07 14:42:33 | INFO | EDA-NBA | Imports complete.
2026-06-07 14:42:33 | INFO | EDA-NBA | Quickly Summarize Dataset To Confirm Suitability
2026-06-07 14:42:33 | INFO | EDA-NBA | Loading dataset: tips
2026-06-07 14:42:33 | INFO | EDA-NBA | Loaded: 244 rows, 7 columns
2026-06-07 14:42:33 | INFO | EDA-NBA | Previewing first few rows of the dataset
2026-06-07 14:42:33 | INFO | EDA-NBA | Column names
2026-06-07 14:42:33 | INFO | EDA-NBA | Data types and non-null counts
2026-06-07 14:42:33 | INFO | EDA-NBA | Dataset shape: 244 rows, 7 columns
2026-06-07 14:42:33 | INFO | EDA-NBA | Building starter data dictionary
2026-06-07 14:42:33 | DEBUG | EDA-NBA | 
       column     dtype  missing_count  missing_pct
0  total_bill   float64              0          0.0
1         tip   float64              0          0.0
2         sex  category              0          0.0
3      smoker  category              0          0.0
4         day  category              0          0.0
5        time  category              0          0.0
6        size     int64              0          0.0
2026-06-07 14:42:33 | INFO | EDA-NBA | Duplicate rows detected: 1
2026-06-07 14:42:33 | INFO | EDA-NBA | Call describe() for numeric columns
2026-06-07 14:42:33 | DEBUG | EDA-NBA | 
       total_bill         tip        size
count  244.000000  244.000000  244.000000
mean    19.785943    2.998279    2.569672
std      8.902412    1.383638    0.951100
min      3.070000    1.000000    1.000000
25%     13.347500    2.000000    2.000000
50%     17.795000    2.900000    2.000000
75%     24.127500    3.562500    3.000000
max     50.810000   10.000000    6.000000

2026-06-07 14:42:33 | INFO | EDA-NBA | After dropping duplicates: 243 rows, 7 columns
2026-06-07 14:42:33 | INFO | EDA-NBA | Duplicate rows dropped: 1
2026-06-07 14:42:33 | INFO | EDA-NBA | Added new column: percent_tips = tip / total_bill * 100
2026-06-07 14:42:33 | INFO | EDA-NBA | Added new column: total_cost = total_bill + tip
2026-06-07 14:42:33 | INFO | EDA-NBA | Added new column: total_cost_per_person = total_cost / size
2026-06-07 14:42:33 | INFO | EDA-NBA | Computing overall descriptive statistics
2026-06-07 14:42:33 | INFO | EDA-NBA | Overall descriptive statistics:
                       count       mean       std       min        25%        50%        75%        max
total_bill             243.0  19.813868  8.910071  3.070000  13.380000  17.810000  24.175000  50.810000
tip                    243.0   3.002387  1.385002  1.000000   2.000000   2.920000   3.575000  10.000000
size                   243.0   2.572016  0.952356  1.000000   2.000000   2.000000   3.000000   6.000000
percent_tips           243.0  16.083121  6.119662  3.563814  12.883281  15.521855  19.174638  71.034483
total_cost             243.0  22.816255  9.897837  4.070000  15.640000  20.620000  27.785000  60.810000
total_cost_per_person  243.0   9.107580  3.210674  3.375000   6.746667   8.465000  10.720833  21.775000
2026-06-07 14:42:33 | INFO | EDA-NBA | Computing correlation matrix for numeric columns
2026-06-07 14:42:33 | INFO | EDA-NBA | 
Correlation matrix:
2026-06-07 14:42:33 | DEBUG | EDA-NBA | 
                       total_bill       tip      size  percent_tips  total_cost  total_cost_per_person
total_bill               1.000000  0.674998  0.597589     -0.339400    0.994656               0.625110
tip                      0.674998  1.000000  0.488400      0.342408    0.747565               0.418913
size                     0.597589  0.488400  1.000000     -0.143252    0.606294              -0.199857
percent_tips            -0.339400  0.342408 -0.143252      1.000000   -0.257616              -0.205146
total_cost               0.994656  0.747565  0.606294     -0.257616    1.000000               0.621345
total_cost_per_person    0.625110  0.418913 -0.199857     -0.205146    0.621345               1.000000
2026-06-07 14:42:33 | INFO | EDA-NBA | ---------Visualize Correlation Matrix as a Heatmap---------------
2026-06-07 14:42:34 | INFO | EDA-NBA | ---- Creating Scatter Plot to see Relationships ------
2026-06-07 14:42:34 | INFO | EDA-NBA | ----   Use clean dataframe ---------------------------
2026-06-07 14:42:34 | INFO | EDA-NBA | ----   Set the hue (color mapping) to the group column --
2026-06-07 17:45:40 | INFO | EDA-NBA | === RUN START ===
2026-06-07 17:45:40 | INFO | EDA-NBA | project=EDA-NBA
2026-06-07 17:45:40 | INFO | EDA-NBA | repo_dir=datafun-04-notebooks
2026-06-07 17:45:40 | INFO | EDA-NBA | python=3.14.0
2026-06-07 17:45:40 | INFO | EDA-NBA | os=Windows 11
2026-06-07 17:45:40 | INFO | EDA-NBA | shell=powershell
2026-06-07 17:45:40 | INFO | EDA-NBA | cwd=notebooks
2026-06-07 17:45:40 | INFO | EDA-NBA | github_actions=False
2026-06-07 17:46:40 | INFO | EDA-NBA | === RUN START ===
2026-06-07 17:46:40 | INFO | EDA-NBA | project=EDA-NBA
2026-06-07 17:46:40 | INFO | EDA-NBA | repo_dir=datafun-04-notebooks
2026-06-07 17:46:40 | INFO | EDA-NBA | python=3.14.0
2026-06-07 17:46:40 | INFO | EDA-NBA | os=Windows 11
2026-06-07 17:46:40 | INFO | EDA-NBA | shell=powershell
2026-06-07 17:46:40 | INFO | EDA-NBA | cwd=notebooks
2026-06-07 17:46:40 | INFO | EDA-NBA | github_actions=False
2026-06-07 17:46:40 | INFO | EDA-NBA | Chose dataset: tips
2026-06-07 17:46:40 | INFO | EDA-NBA | Imports complete.
2026-06-07 17:46:40 | INFO | EDA-NBA | Quickly Summarize Dataset To Confirm Suitability
2026-06-07 17:46:40 | INFO | EDA-NBA | Loading dataset: tips
2026-06-07 17:46:40 | INFO | EDA-NBA | Loaded: 244 rows, 7 columns
2026-06-07 17:46:40 | INFO | EDA-NBA | Previewing first few rows of the dataset
2026-06-07 17:46:40 | INFO | EDA-NBA | Column names
2026-06-07 17:46:40 | INFO | EDA-NBA | Data types and non-null counts
2026-06-07 17:46:40 | INFO | EDA-NBA | Dataset shape: 244 rows, 7 columns
2026-06-07 17:46:40 | INFO | EDA-NBA | Building starter data dictionary
2026-06-07 17:46:40 | DEBUG | EDA-NBA | 
       column     dtype  missing_count  missing_pct
0  total_bill   float64              0          0.0
1         tip   float64              0          0.0
2         sex  category              0          0.0
3      smoker  category              0          0.0
4         day  category              0          0.0
5        time  category              0          0.0
6        size     int64              0          0.0
2026-06-07 17:46:40 | INFO | EDA-NBA | Duplicate rows detected: 1
2026-06-07 17:46:40 | INFO | EDA-NBA | Call describe() for numeric columns
2026-06-07 17:46:40 | DEBUG | EDA-NBA | 
       total_bill         tip        size
count  244.000000  244.000000  244.000000
mean    19.785943    2.998279    2.569672
std      8.902412    1.383638    0.951100
min      3.070000    1.000000    1.000000
25%     13.347500    2.000000    2.000000
50%     17.795000    2.900000    2.000000
75%     24.127500    3.562500    3.000000
max     50.810000   10.000000    6.000000

2026-06-07 17:46:40 | INFO | EDA-NBA | After dropping duplicates: 243 rows, 7 columns
2026-06-07 17:46:40 | INFO | EDA-NBA | Duplicate rows dropped: 1
2026-06-07 17:46:40 | INFO | EDA-NBA | Added new column: percent_tips = tip / total_bill * 100
2026-06-07 17:46:40 | INFO | EDA-NBA | Added new column: total_cost = total_bill + tip
2026-06-07 17:46:40 | INFO | EDA-NBA | Added new column: total_cost_per_person = total_cost / size
2026-06-07 17:46:40 | INFO | EDA-NBA | Computing overall descriptive statistics
2026-06-07 17:46:40 | INFO | EDA-NBA | Overall descriptive statistics:
                       count       mean       std       min        25%        50%        75%        max
total_bill             243.0  19.813868  8.910071  3.070000  13.380000  17.810000  24.175000  50.810000
tip                    243.0   3.002387  1.385002  1.000000   2.000000   2.920000   3.575000  10.000000
size                   243.0   2.572016  0.952356  1.000000   2.000000   2.000000   3.000000   6.000000
percent_tips           243.0  16.083121  6.119662  3.563814  12.883281  15.521855  19.174638  71.034483
total_cost             243.0  22.816255  9.897837  4.070000  15.640000  20.620000  27.785000  60.810000
total_cost_per_person  243.0   9.107580  3.210674  3.375000   6.746667   8.465000  10.720833  21.775000
2026-06-07 17:46:40 | INFO | EDA-NBA | Computing correlation matrix for numeric columns
2026-06-07 17:46:40 | INFO | EDA-NBA | 
Correlation matrix:
2026-06-07 17:46:40 | DEBUG | EDA-NBA | 
                       total_bill       tip      size  percent_tips  total_cost  total_cost_per_person
total_bill               1.000000  0.674998  0.597589     -0.339400    0.994656               0.625110
tip                      0.674998  1.000000  0.488400      0.342408    0.747565               0.418913
size                     0.597589  0.488400  1.000000     -0.143252    0.606294              -0.199857
percent_tips            -0.339400  0.342408 -0.143252      1.000000   -0.257616              -0.205146
total_cost               0.994656  0.747565  0.606294     -0.257616    1.000000               0.621345
total_cost_per_person    0.625110  0.418913 -0.199857     -0.205146    0.621345               1.000000
2026-06-07 17:46:40 | INFO | EDA-NBA | ---------Visualize Correlation Matrix as a Heatmap---------------
2026-06-07 17:46:41 | INFO | EDA-NBA | Saved correlation heatmap to: c:\Repos\docs\images\heatmap.png
2026-06-07 17:46:41 | INFO | EDA-NBA | ---- Creating Scatter Plot to see Relationships ------
2026-06-07 17:46:41 | INFO | EDA-NBA | ----   Use clean dataframe ---------------------------
2026-06-07 17:46:41 | INFO | EDA-NBA | ----   Set the hue (color mapping) to the group column --
2026-06-07 17:47:57 | INFO | EDA-NBA | === RUN START ===
2026-06-07 17:47:57 | INFO | EDA-NBA | project=EDA-NBA
2026-06-07 17:47:57 | INFO | EDA-NBA | repo_dir=datafun-04-notebooks
2026-06-07 17:47:57 | INFO | EDA-NBA | python=3.14.0
2026-06-07 17:47:57 | INFO | EDA-NBA | os=Windows 11
2026-06-07 17:47:57 | INFO | EDA-NBA | shell=powershell
2026-06-07 17:47:57 | INFO | EDA-NBA | cwd=notebooks
2026-06-07 17:47:57 | INFO | EDA-NBA | github_actions=False
2026-06-07 17:47:57 | INFO | EDA-NBA | Chose dataset: tips
2026-06-07 17:47:57 | INFO | EDA-NBA | Imports complete.
2026-06-07 17:47:57 | INFO | EDA-NBA | Quickly Summarize Dataset To Confirm Suitability
2026-06-07 17:47:57 | INFO | EDA-NBA | Loading dataset: tips
2026-06-07 17:47:57 | INFO | EDA-NBA | Loaded: 244 rows, 7 columns
2026-06-07 17:47:57 | INFO | EDA-NBA | Previewing first few rows of the dataset
2026-06-07 17:47:57 | INFO | EDA-NBA | Column names
2026-06-07 17:47:57 | INFO | EDA-NBA | Data types and non-null counts
2026-06-07 17:47:57 | INFO | EDA-NBA | Dataset shape: 244 rows, 7 columns
2026-06-07 17:47:57 | INFO | EDA-NBA | Building starter data dictionary
2026-06-07 17:47:57 | DEBUG | EDA-NBA | 
       column     dtype  missing_count  missing_pct
0  total_bill   float64              0          0.0
1         tip   float64              0          0.0
2         sex  category              0          0.0
3      smoker  category              0          0.0
4         day  category              0          0.0
5        time  category              0          0.0
6        size     int64              0          0.0
2026-06-07 17:47:57 | INFO | EDA-NBA | Duplicate rows detected: 1
2026-06-07 17:47:57 | INFO | EDA-NBA | Call describe() for numeric columns
2026-06-07 17:47:57 | DEBUG | EDA-NBA | 
       total_bill         tip        size
count  244.000000  244.000000  244.000000
mean    19.785943    2.998279    2.569672
std      8.902412    1.383638    0.951100
min      3.070000    1.000000    1.000000
25%     13.347500    2.000000    2.000000
50%     17.795000    2.900000    2.000000
75%     24.127500    3.562500    3.000000
max     50.810000   10.000000    6.000000

2026-06-07 17:47:57 | INFO | EDA-NBA | After dropping duplicates: 243 rows, 7 columns
2026-06-07 17:47:57 | INFO | EDA-NBA | Duplicate rows dropped: 1
2026-06-07 17:47:57 | INFO | EDA-NBA | Added new column: percent_tips = tip / total_bill * 100
2026-06-07 17:47:57 | INFO | EDA-NBA | Added new column: total_cost = total_bill + tip
2026-06-07 17:47:57 | INFO | EDA-NBA | Added new column: total_cost_per_person = total_cost / size
2026-06-07 17:47:57 | INFO | EDA-NBA | Computing overall descriptive statistics
2026-06-07 17:47:57 | INFO | EDA-NBA | Overall descriptive statistics:
                       count       mean       std       min        25%        50%        75%        max
total_bill             243.0  19.813868  8.910071  3.070000  13.380000  17.810000  24.175000  50.810000
tip                    243.0   3.002387  1.385002  1.000000   2.000000   2.920000   3.575000  10.000000
size                   243.0   2.572016  0.952356  1.000000   2.000000   2.000000   3.000000   6.000000
percent_tips           243.0  16.083121  6.119662  3.563814  12.883281  15.521855  19.174638  71.034483
total_cost             243.0  22.816255  9.897837  4.070000  15.640000  20.620000  27.785000  60.810000
total_cost_per_person  243.0   9.107580  3.210674  3.375000   6.746667   8.465000  10.720833  21.775000
2026-06-07 17:47:57 | INFO | EDA-NBA | Computing correlation matrix for numeric columns
2026-06-07 17:47:57 | INFO | EDA-NBA | 
Correlation matrix:
2026-06-07 17:47:57 | DEBUG | EDA-NBA | 
                       total_bill       tip      size  percent_tips  total_cost  total_cost_per_person
total_bill               1.000000  0.674998  0.597589     -0.339400    0.994656               0.625110
tip                      0.674998  1.000000  0.488400      0.342408    0.747565               0.418913
size                     0.597589  0.488400  1.000000     -0.143252    0.606294              -0.199857
percent_tips            -0.339400  0.342408 -0.143252      1.000000   -0.257616              -0.205146
total_cost               0.994656  0.747565  0.606294     -0.257616    1.000000               0.621345
total_cost_per_person    0.625110  0.418913 -0.199857     -0.205146    0.621345               1.000000
2026-06-07 17:47:57 | INFO | EDA-NBA | ---------Visualize Correlation Matrix as a Heatmap---------------
2026-06-07 17:47:58 | INFO | EDA-NBA | Saved correlation heatmap to: docs\images\heatmap.png
2026-06-07 17:47:58 | INFO | EDA-NBA | ---- Creating Scatter Plot to see Relationships ------
2026-06-07 17:47:58 | INFO | EDA-NBA | ----   Use clean dataframe ---------------------------
2026-06-07 17:47:58 | INFO | EDA-NBA | ----   Set the hue (color mapping) to the group column --
2026-06-07 17:48:18 | INFO | EDA-NBA | === RUN START ===
2026-06-07 17:48:18 | INFO | EDA-NBA | project=EDA-NBA
2026-06-07 17:48:18 | INFO | EDA-NBA | repo_dir=datafun-04-notebooks
2026-06-07 17:48:18 | INFO | EDA-NBA | python=3.14.0
2026-06-07 17:48:18 | INFO | EDA-NBA | os=Windows 11
2026-06-07 17:48:18 | INFO | EDA-NBA | shell=powershell
2026-06-07 17:48:18 | INFO | EDA-NBA | cwd=notebooks
2026-06-07 17:48:18 | INFO | EDA-NBA | github_actions=False
2026-06-07 17:48:18 | INFO | EDA-NBA | Chose dataset: tips
2026-06-07 17:48:18 | INFO | EDA-NBA | Imports complete.
2026-06-07 17:48:18 | INFO | EDA-NBA | Quickly Summarize Dataset To Confirm Suitability
2026-06-07 17:48:18 | INFO | EDA-NBA | Loading dataset: tips
2026-06-07 17:48:18 | INFO | EDA-NBA | Loaded: 244 rows, 7 columns
2026-06-07 17:48:18 | INFO | EDA-NBA | Previewing first few rows of the dataset
2026-06-07 17:48:18 | INFO | EDA-NBA | Column names
2026-06-07 17:48:18 | INFO | EDA-NBA | Data types and non-null counts
2026-06-07 17:48:18 | INFO | EDA-NBA | Dataset shape: 244 rows, 7 columns
2026-06-07 17:48:18 | INFO | EDA-NBA | Building starter data dictionary
2026-06-07 17:48:18 | DEBUG | EDA-NBA | 
       column     dtype  missing_count  missing_pct
0  total_bill   float64              0          0.0
1         tip   float64              0          0.0
2         sex  category              0          0.0
3      smoker  category              0          0.0
4         day  category              0          0.0
5        time  category              0          0.0
6        size     int64              0          0.0
2026-06-07 17:48:18 | INFO | EDA-NBA | Duplicate rows detected: 1
2026-06-07 17:48:18 | INFO | EDA-NBA | Call describe() for numeric columns
2026-06-07 17:48:18 | DEBUG | EDA-NBA | 
       total_bill         tip        size
count  244.000000  244.000000  244.000000
mean    19.785943    2.998279    2.569672
std      8.902412    1.383638    0.951100
min      3.070000    1.000000    1.000000
25%     13.347500    2.000000    2.000000
50%     17.795000    2.900000    2.000000
75%     24.127500    3.562500    3.000000
max     50.810000   10.000000    6.000000

2026-06-07 17:48:18 | INFO | EDA-NBA | After dropping duplicates: 243 rows, 7 columns
2026-06-07 17:48:18 | INFO | EDA-NBA | Duplicate rows dropped: 1
2026-06-07 17:48:18 | INFO | EDA-NBA | Added new column: percent_tips = tip / total_bill * 100
2026-06-07 17:48:18 | INFO | EDA-NBA | Added new column: total_cost = total_bill + tip
2026-06-07 17:48:18 | INFO | EDA-NBA | Added new column: total_cost_per_person = total_cost / size
2026-06-07 17:48:18 | INFO | EDA-NBA | Computing overall descriptive statistics
2026-06-07 17:48:19 | INFO | EDA-NBA | Overall descriptive statistics:
                       count       mean       std       min        25%        50%        75%        max
total_bill             243.0  19.813868  8.910071  3.070000  13.380000  17.810000  24.175000  50.810000
tip                    243.0   3.002387  1.385002  1.000000   2.000000   2.920000   3.575000  10.000000
size                   243.0   2.572016  0.952356  1.000000   2.000000   2.000000   3.000000   6.000000
percent_tips           243.0  16.083121  6.119662  3.563814  12.883281  15.521855  19.174638  71.034483
total_cost             243.0  22.816255  9.897837  4.070000  15.640000  20.620000  27.785000  60.810000
total_cost_per_person  243.0   9.107580  3.210674  3.375000   6.746667   8.465000  10.720833  21.775000
2026-06-07 17:48:19 | INFO | EDA-NBA | Computing correlation matrix for numeric columns
2026-06-07 17:48:19 | INFO | EDA-NBA | 
Correlation matrix:
2026-06-07 17:48:19 | DEBUG | EDA-NBA | 
                       total_bill       tip      size  percent_tips  total_cost  total_cost_per_person
total_bill               1.000000  0.674998  0.597589     -0.339400    0.994656               0.625110
tip                      0.674998  1.000000  0.488400      0.342408    0.747565               0.418913
size                     0.597589  0.488400  1.000000     -0.143252    0.606294              -0.199857
percent_tips            -0.339400  0.342408 -0.143252      1.000000   -0.257616              -0.205146
total_cost               0.994656  0.747565  0.606294     -0.257616    1.000000               0.621345
total_cost_per_person    0.625110  0.418913 -0.199857     -0.205146    0.621345               1.000000
2026-06-07 17:48:19 | INFO | EDA-NBA | ---------Visualize Correlation Matrix as a Heatmap---------------
2026-06-07 17:48:19 | INFO | EDA-NBA | Saved correlation heatmap to: ..\docs\images\heatmap.png
2026-06-07 17:48:19 | INFO | EDA-NBA | ---- Creating Scatter Plot to see Relationships ------
2026-06-07 17:48:19 | INFO | EDA-NBA | ----   Use clean dataframe ---------------------------
2026-06-07 17:48:19 | INFO | EDA-NBA | ----   Set the hue (color mapping) to the group column --
2026-06-07 17:55:09 | INFO | EDA-NBA | === RUN START ===
2026-06-07 17:55:09 | INFO | EDA-NBA | project=EDA-NBA
2026-06-07 17:55:09 | INFO | EDA-NBA | repo_dir=datafun-04-notebooks
2026-06-07 17:55:09 | INFO | EDA-NBA | python=3.14.0
2026-06-07 17:55:09 | INFO | EDA-NBA | os=Windows 11
2026-06-07 17:55:09 | INFO | EDA-NBA | shell=powershell
2026-06-07 17:55:09 | INFO | EDA-NBA | cwd=notebooks
2026-06-07 17:55:09 | INFO | EDA-NBA | github_actions=False
2026-06-07 17:55:09 | INFO | EDA-NBA | Chose dataset: tips
2026-06-07 17:55:09 | INFO | EDA-NBA | Imports complete.
2026-06-07 17:55:09 | INFO | EDA-NBA | Quickly Summarize Dataset To Confirm Suitability
2026-06-07 17:55:09 | INFO | EDA-NBA | Loading dataset: tips
2026-06-07 17:55:09 | INFO | EDA-NBA | Loaded: 244 rows, 7 columns
2026-06-07 17:55:09 | INFO | EDA-NBA | Adjusting for inflation using factor: 2.55
2026-06-07 17:55:09 | INFO | EDA-NBA | Previewing first few rows of the dataset
2026-06-07 17:55:09 | INFO | EDA-NBA | Column names
2026-06-07 17:55:09 | INFO | EDA-NBA | Data types and non-null counts
2026-06-07 17:55:09 | INFO | EDA-NBA | Dataset shape: 244 rows, 7 columns
2026-06-07 17:55:09 | INFO | EDA-NBA | Building starter data dictionary
2026-06-07 17:55:09 | DEBUG | EDA-NBA | 
       column     dtype  missing_count  missing_pct
0  total_bill   float64              0          0.0
1         tip   float64              0          0.0
2         sex  category              0          0.0
3      smoker  category              0          0.0
4         day  category              0          0.0
5        time  category              0          0.0
6        size     int64              0          0.0
2026-06-07 17:55:09 | INFO | EDA-NBA | Duplicate rows detected: 1
2026-06-07 17:55:09 | INFO | EDA-NBA | Call describe() for numeric columns
2026-06-07 17:55:09 | DEBUG | EDA-NBA | 
       total_bill         tip        size
count  244.000000  244.000000  244.000000
mean    50.454154    7.645611    2.569672
std     22.701150    3.528277    0.951100
min      7.828500    2.550000    1.000000
25%     34.036125    5.100000    2.000000
50%     45.377250    7.395000    2.000000
75%     61.525125    9.084375    3.000000
max    129.565500   25.500000    6.000000

2026-06-07 17:55:09 | INFO | EDA-NBA | After dropping duplicates: 243 rows, 7 columns
2026-06-07 17:55:09 | INFO | EDA-NBA | Duplicate rows dropped: 1
2026-06-07 17:55:09 | INFO | EDA-NBA | Added new column: percent_tips = tip / total_bill * 100
2026-06-07 17:55:09 | INFO | EDA-NBA | Added new column: total_cost = total_bill + tip
2026-06-07 17:55:09 | INFO | EDA-NBA | Added new column: total_cost_per_person = total_cost / size
2026-06-07 17:55:09 | INFO | EDA-NBA | Computing overall descriptive statistics
2026-06-07 17:55:09 | INFO | EDA-NBA | Overall descriptive statistics:
                       count       mean        std        min        25%        50%        75%         max
total_bill             243.0  50.525364  22.720681   7.828500  34.119000  45.415500  61.646250  129.565500
tip                    243.0   7.656086   3.531755   2.550000   5.100000   7.446000   9.116250   25.500000
size                   243.0   2.572016   0.952356   1.000000   2.000000   2.000000   3.000000    6.000000
percent_tips           243.0  16.083121   6.119662   3.563814  12.883281  15.521855  19.174638   71.034483
total_cost             243.0  58.181451  25.239483  10.378500  39.882000  52.581000  70.851750  155.065500
total_cost_per_person  243.0  23.224328   8.187220   8.606250  17.204000  21.585750  27.338125   55.526250
2026-06-07 17:55:09 | INFO | EDA-NBA | Computing correlation matrix for numeric columns
2026-06-07 17:55:10 | INFO | EDA-NBA | 
Correlation matrix:
2026-06-07 17:55:10 | DEBUG | EDA-NBA | 
                       total_bill       tip      size  percent_tips  total_cost  total_cost_per_person
total_bill               1.000000  0.674998  0.597589     -0.339400    0.994656               0.625110
tip                      0.674998  1.000000  0.488400      0.342408    0.747565               0.418913
size                     0.597589  0.488400  1.000000     -0.143252    0.606294              -0.199857
percent_tips            -0.339400  0.342408 -0.143252      1.000000   -0.257616              -0.205146
total_cost               0.994656  0.747565  0.606294     -0.257616    1.000000               0.621345
total_cost_per_person    0.625110  0.418913 -0.199857     -0.205146    0.621345               1.000000
2026-06-07 17:55:10 | INFO | EDA-NBA | ---------Visualize Correlation Matrix as a Heatmap---------------
2026-06-07 17:55:10 | INFO | EDA-NBA | Saved correlation heatmap to: ..\docs\images\heatmap.png
2026-06-07 17:55:10 | INFO | EDA-NBA | ---- Creating Scatter Plot to see Relationships ------
2026-06-07 17:55:10 | INFO | EDA-NBA | ----   Use clean dataframe ---------------------------
2026-06-07 17:55:10 | INFO | EDA-NBA | ----   Set the hue (color mapping) to the group column --
2026-06-07 17:55:11 | INFO | EDA-NBA | Creating scatter plot with hue set to: sex
2026-06-07 17:55:11 | INFO | EDA-NBA | Saved scatter plot to: ..\docs\images\scatter_tips_total_bill_by_sex.png
2026-06-07 17:55:11 | INFO | EDA-NBA | Creating scatter plot with hue set to: smoker
2026-06-07 17:55:11 | INFO | EDA-NBA | Saved scatter plot to: ..\docs\images\scatter_tips_total_bill_by_smoker.png
2026-06-07 17:55:11 | INFO | EDA-NBA | Creating scatter plot with hue set to: day
2026-06-07 17:55:11 | INFO | EDA-NBA | Saved scatter plot to: ..\docs\images\scatter_tips_total_bill_by_day.png
2026-06-07 17:55:11 | INFO | EDA-NBA | Creating scatter plot with hue set to: time
2026-06-07 17:55:12 | INFO | EDA-NBA | Saved scatter plot to: ..\docs\images\scatter_tips_total_bill_by_time.png
2026-06-07 17:59:12 | INFO | EDA-NBA | === RUN START ===
2026-06-07 17:59:12 | INFO | EDA-NBA | project=EDA-NBA
2026-06-07 17:59:12 | INFO | EDA-NBA | repo_dir=datafun-04-notebooks
2026-06-07 17:59:12 | INFO | EDA-NBA | python=3.14.0
2026-06-07 17:59:12 | INFO | EDA-NBA | os=Windows 11
2026-06-07 17:59:12 | INFO | EDA-NBA | shell=powershell
2026-06-07 17:59:12 | INFO | EDA-NBA | cwd=notebooks
2026-06-07 17:59:12 | INFO | EDA-NBA | github_actions=False
2026-06-07 17:59:12 | INFO | EDA-NBA | Chose dataset: tips
2026-06-07 17:59:12 | INFO | EDA-NBA | Imports complete.
2026-06-07 17:59:12 | INFO | EDA-NBA | Quickly Summarize Dataset To Confirm Suitability
2026-06-07 17:59:12 | INFO | EDA-NBA | Loading dataset: tips
2026-06-07 17:59:12 | INFO | EDA-NBA | Loaded: 244 rows, 7 columns
2026-06-07 17:59:34 | INFO | EDA-NBA | === RUN START ===
2026-06-07 17:59:34 | INFO | EDA-NBA | project=EDA-NBA
2026-06-07 17:59:34 | INFO | EDA-NBA | repo_dir=datafun-04-notebooks
2026-06-07 17:59:34 | INFO | EDA-NBA | python=3.14.0
2026-06-07 17:59:34 | INFO | EDA-NBA | os=Windows 11
2026-06-07 17:59:34 | INFO | EDA-NBA | shell=powershell
2026-06-07 17:59:34 | INFO | EDA-NBA | cwd=notebooks
2026-06-07 17:59:34 | INFO | EDA-NBA | github_actions=False
2026-06-07 17:59:34 | INFO | EDA-NBA | Chose dataset: tips
2026-06-07 17:59:34 | INFO | EDA-NBA | Imports complete.
2026-06-07 17:59:34 | INFO | EDA-NBA | Quickly Summarize Dataset To Confirm Suitability
2026-06-07 17:59:34 | INFO | EDA-NBA | Loading dataset: tips
2026-06-07 17:59:34 | INFO | EDA-NBA | Loaded: 244 rows, 7 columns
2026-06-07 17:59:34 | INFO | EDA-NBA | Previewing first few rows of the dataset
2026-06-07 17:59:35 | INFO | EDA-NBA | Column names
2026-06-07 17:59:35 | INFO | EDA-NBA | Data types and non-null counts
2026-06-07 17:59:35 | INFO | EDA-NBA | Dataset shape: 244 rows, 7 columns
2026-06-07 17:59:35 | INFO | EDA-NBA | Building starter data dictionary
2026-06-07 17:59:35 | DEBUG | EDA-NBA | 
       column     dtype  missing_count  missing_pct
0  total_bill   float64              0          0.0
1         tip   float64              0          0.0
2         sex  category              0          0.0
3      smoker  category              0          0.0
4         day  category              0          0.0
5        time  category              0          0.0
6        size     int64              0          0.0
2026-06-07 17:59:35 | INFO | EDA-NBA | Duplicate rows detected: 1
2026-06-07 17:59:35 | INFO | EDA-NBA | Call describe() for numeric columns
2026-06-07 17:59:35 | DEBUG | EDA-NBA | 
       total_bill         tip        size
count  244.000000  244.000000  244.000000
mean    19.785943    2.998279    2.569672
std      8.902412    1.383638    0.951100
min      3.070000    1.000000    1.000000
25%     13.347500    2.000000    2.000000
50%     17.795000    2.900000    2.000000
75%     24.127500    3.562500    3.000000
max     50.810000   10.000000    6.000000

2026-06-07 17:59:35 | INFO | EDA-NBA | After dropping duplicates: 243 rows, 7 columns
2026-06-07 17:59:35 | INFO | EDA-NBA | Duplicate rows dropped: 1
2026-06-07 17:59:35 | INFO | EDA-NBA | Added new column: percent_tips = tip / total_bill * 100
2026-06-07 17:59:35 | INFO | EDA-NBA | Added new column: total_cost = total_bill + tip
2026-06-07 17:59:35 | INFO | EDA-NBA | Added new column: total_cost_per_person = total_cost / size
2026-06-07 17:59:35 | INFO | EDA-NBA | Computing overall descriptive statistics
2026-06-07 17:59:35 | INFO | EDA-NBA | Overall descriptive statistics:
                       count       mean       std       min        25%        50%        75%        max
total_bill             243.0  19.813868  8.910071  3.070000  13.380000  17.810000  24.175000  50.810000
tip                    243.0   3.002387  1.385002  1.000000   2.000000   2.920000   3.575000  10.000000
size                   243.0   2.572016  0.952356  1.000000   2.000000   2.000000   3.000000   6.000000
percent_tips           243.0  16.083121  6.119662  3.563814  12.883281  15.521855  19.174638  71.034483
total_cost             243.0  22.816255  9.897837  4.070000  15.640000  20.620000  27.785000  60.810000
total_cost_per_person  243.0   9.107580  3.210674  3.375000   6.746667   8.465000  10.720833  21.775000
2026-06-07 17:59:35 | INFO | EDA-NBA | Computing correlation matrix for numeric columns
2026-06-07 17:59:35 | INFO | EDA-NBA | 
Correlation matrix:
2026-06-07 17:59:35 | DEBUG | EDA-NBA | 
                       total_bill       tip      size  percent_tips  total_cost  total_cost_per_person
total_bill               1.000000  0.674998  0.597589     -0.339400    0.994656               0.625110
tip                      0.674998  1.000000  0.488400      0.342408    0.747565               0.418913
size                     0.597589  0.488400  1.000000     -0.143252    0.606294              -0.199857
percent_tips            -0.339400  0.342408 -0.143252      1.000000   -0.257616              -0.205146
total_cost               0.994656  0.747565  0.606294     -0.257616    1.000000               0.621345
total_cost_per_person    0.625110  0.418913 -0.199857     -0.205146    0.621345               1.000000
2026-06-07 17:59:35 | INFO | EDA-NBA | ---------Visualize Correlation Matrix as a Heatmap---------------
2026-06-07 17:59:35 | INFO | EDA-NBA | Saved correlation heatmap to: ..\docs\images\inflation_unaccounted\heatmap.png
2026-06-07 17:59:36 | INFO | EDA-NBA | ---- Creating Scatter Plot to see Relationships ------
2026-06-07 17:59:36 | INFO | EDA-NBA | ----   Use clean dataframe ---------------------------
2026-06-07 17:59:36 | INFO | EDA-NBA | ----   Set the hue (color mapping) to the group column --
2026-06-07 17:59:36 | INFO | EDA-NBA | Creating scatter plot with hue set to: sex
2026-06-07 17:59:37 | INFO | EDA-NBA | Saved scatter plot to: ..\docs\images\inflation_unaccounted\scatter_tips_total_bill_by_sex.png
2026-06-07 17:59:37 | INFO | EDA-NBA | Creating scatter plot with hue set to: smoker
2026-06-07 17:59:37 | INFO | EDA-NBA | Saved scatter plot to: ..\docs\images\inflation_unaccounted\scatter_tips_total_bill_by_smoker.png
2026-06-07 17:59:37 | INFO | EDA-NBA | Creating scatter plot with hue set to: day
2026-06-07 17:59:37 | INFO | EDA-NBA | Saved scatter plot to: ..\docs\images\inflation_unaccounted\scatter_tips_total_bill_by_day.png
2026-06-07 17:59:37 | INFO | EDA-NBA | Creating scatter plot with hue set to: time
2026-06-07 17:59:37 | INFO | EDA-NBA | Saved scatter plot to: ..\docs\images\inflation_unaccounted\scatter_tips_total_bill_by_time.png
2026-06-07 18:00:20 | INFO | EDA-NBA | === RUN START ===
2026-06-07 18:00:20 | INFO | EDA-NBA | project=EDA-NBA
2026-06-07 18:00:20 | INFO | EDA-NBA | repo_dir=datafun-04-notebooks
2026-06-07 18:00:20 | INFO | EDA-NBA | python=3.14.0
2026-06-07 18:00:20 | INFO | EDA-NBA | os=Windows 11
2026-06-07 18:00:20 | INFO | EDA-NBA | shell=powershell
2026-06-07 18:00:20 | INFO | EDA-NBA | cwd=notebooks
2026-06-07 18:00:20 | INFO | EDA-NBA | github_actions=False
2026-06-07 18:00:20 | INFO | EDA-NBA | Chose dataset: tips
2026-06-07 18:00:20 | INFO | EDA-NBA | Imports complete.
2026-06-07 18:00:20 | INFO | EDA-NBA | Quickly Summarize Dataset To Confirm Suitability
2026-06-07 18:00:20 | INFO | EDA-NBA | Loading dataset: tips
2026-06-07 18:00:20 | INFO | EDA-NBA | Loaded: 244 rows, 7 columns
2026-06-07 18:00:20 | INFO | EDA-NBA | Adjusting for inflation using factor: 2.55
2026-06-07 18:00:20 | INFO | EDA-NBA | Previewing first few rows of the dataset
2026-06-07 18:00:20 | INFO | EDA-NBA | Column names
2026-06-07 18:00:20 | INFO | EDA-NBA | Data types and non-null counts
2026-06-07 18:00:20 | INFO | EDA-NBA | Dataset shape: 244 rows, 7 columns
2026-06-07 18:00:20 | INFO | EDA-NBA | Building starter data dictionary
2026-06-07 18:00:20 | DEBUG | EDA-NBA | 
       column     dtype  missing_count  missing_pct
0  total_bill   float64              0          0.0
1         tip   float64              0          0.0
2         sex  category              0          0.0
3      smoker  category              0          0.0
4         day  category              0          0.0
5        time  category              0          0.0
6        size     int64              0          0.0
2026-06-07 18:00:20 | INFO | EDA-NBA | Duplicate rows detected: 1
2026-06-07 18:00:20 | INFO | EDA-NBA | Call describe() for numeric columns
2026-06-07 18:00:20 | DEBUG | EDA-NBA | 
       total_bill         tip        size
count  244.000000  244.000000  244.000000
mean    50.454154    7.645611    2.569672
std     22.701150    3.528277    0.951100
min      7.828500    2.550000    1.000000
25%     34.036125    5.100000    2.000000
50%     45.377250    7.395000    2.000000
75%     61.525125    9.084375    3.000000
max    129.565500   25.500000    6.000000

2026-06-07 18:00:20 | INFO | EDA-NBA | After dropping duplicates: 243 rows, 7 columns
2026-06-07 18:00:20 | INFO | EDA-NBA | Duplicate rows dropped: 1
2026-06-07 18:00:20 | INFO | EDA-NBA | Added new column: percent_tips = tip / total_bill * 100
2026-06-07 18:00:20 | INFO | EDA-NBA | Added new column: total_cost = total_bill + tip
2026-06-07 18:00:20 | INFO | EDA-NBA | Added new column: total_cost_per_person = total_cost / size
2026-06-07 18:00:20 | INFO | EDA-NBA | Computing overall descriptive statistics
2026-06-07 18:00:20 | INFO | EDA-NBA | Overall descriptive statistics:
                       count       mean        std        min        25%        50%        75%         max
total_bill             243.0  50.525364  22.720681   7.828500  34.119000  45.415500  61.646250  129.565500
tip                    243.0   7.656086   3.531755   2.550000   5.100000   7.446000   9.116250   25.500000
size                   243.0   2.572016   0.952356   1.000000   2.000000   2.000000   3.000000    6.000000
percent_tips           243.0  16.083121   6.119662   3.563814  12.883281  15.521855  19.174638   71.034483
total_cost             243.0  58.181451  25.239483  10.378500  39.882000  52.581000  70.851750  155.065500
total_cost_per_person  243.0  23.224328   8.187220   8.606250  17.204000  21.585750  27.338125   55.526250
2026-06-07 18:00:20 | INFO | EDA-NBA | Computing correlation matrix for numeric columns
2026-06-07 18:00:20 | INFO | EDA-NBA | 
Correlation matrix:
2026-06-07 18:00:20 | DEBUG | EDA-NBA | 
                       total_bill       tip      size  percent_tips  total_cost  total_cost_per_person
total_bill               1.000000  0.674998  0.597589     -0.339400    0.994656               0.625110
tip                      0.674998  1.000000  0.488400      0.342408    0.747565               0.418913
size                     0.597589  0.488400  1.000000     -0.143252    0.606294              -0.199857
percent_tips            -0.339400  0.342408 -0.143252      1.000000   -0.257616              -0.205146
total_cost               0.994656  0.747565  0.606294     -0.257616    1.000000               0.621345
total_cost_per_person    0.625110  0.418913 -0.199857     -0.205146    0.621345               1.000000
2026-06-07 18:00:20 | INFO | EDA-NBA | ---------Visualize Correlation Matrix as a Heatmap---------------
2026-06-07 18:00:21 | INFO | EDA-NBA | Saved correlation heatmap to: ..\docs\images\inflation_considered\heatmap.png
2026-06-07 18:00:21 | INFO | EDA-NBA | ---- Creating Scatter Plot to see Relationships ------
2026-06-07 18:00:21 | INFO | EDA-NBA | ----   Use clean dataframe ---------------------------
2026-06-07 18:00:21 | INFO | EDA-NBA | ----   Set the hue (color mapping) to the group column --
2026-06-07 18:00:22 | INFO | EDA-NBA | Creating scatter plot with hue set to: sex
2026-06-07 18:00:22 | INFO | EDA-NBA | Saved scatter plot to: ..\docs\images\inflation_considered\scatter_tips_total_bill_by_sex.png
2026-06-07 18:00:22 | INFO | EDA-NBA | Creating scatter plot with hue set to: smoker
2026-06-07 18:00:22 | INFO | EDA-NBA | Saved scatter plot to: ..\docs\images\inflation_considered\scatter_tips_total_bill_by_smoker.png
2026-06-07 18:00:22 | INFO | EDA-NBA | Creating scatter plot with hue set to: day
2026-06-07 18:00:23 | INFO | EDA-NBA | Saved scatter plot to: ..\docs\images\inflation_considered\scatter_tips_total_bill_by_day.png
2026-06-07 18:00:23 | INFO | EDA-NBA | Creating scatter plot with hue set to: time
2026-06-07 18:00:23 | INFO | EDA-NBA | Saved scatter plot to: ..\docs\images\inflation_considered\scatter_tips_total_bill_by_time.png
2026-06-07 18:10:35 | INFO | EDA-NBA | === RUN START ===
2026-06-07 18:10:35 | INFO | EDA-NBA | project=EDA-NBA
2026-06-07 18:10:35 | INFO | EDA-NBA | repo_dir=datafun-04-notebooks
2026-06-07 18:10:35 | INFO | EDA-NBA | python=3.14.0
2026-06-07 18:10:35 | INFO | EDA-NBA | os=Windows 11
2026-06-07 18:10:35 | INFO | EDA-NBA | shell=powershell
2026-06-07 18:10:35 | INFO | EDA-NBA | cwd=notebooks
2026-06-07 18:10:35 | INFO | EDA-NBA | github_actions=False
2026-06-07 18:10:35 | INFO | EDA-NBA | Chose dataset: tips
2026-06-07 18:10:35 | INFO | EDA-NBA | Imports complete.
2026-06-07 18:10:35 | INFO | EDA-NBA | Quickly Summarize Dataset To Confirm Suitability
2026-06-07 18:10:35 | INFO | EDA-NBA | Loading dataset: tips
2026-06-07 18:10:35 | INFO | EDA-NBA | Loaded: 244 rows, 7 columns
2026-06-07 18:10:35 | INFO | EDA-NBA | Adjusting for inflation using factor: 2.55
2026-06-07 18:10:35 | INFO | EDA-NBA | Previewing first few rows of the dataset
2026-06-07 18:10:35 | INFO | EDA-NBA | Column names
2026-06-07 18:10:35 | INFO | EDA-NBA | Data types and non-null counts
2026-06-07 18:10:35 | INFO | EDA-NBA | Dataset shape: 244 rows, 7 columns
2026-06-07 18:10:35 | INFO | EDA-NBA | Building starter data dictionary
2026-06-07 18:10:35 | DEBUG | EDA-NBA | 
       column     dtype  missing_count  missing_pct
0  total_bill   float64              0          0.0
1         tip   float64              0          0.0
2         sex  category              0          0.0
3      smoker  category              0          0.0
4         day  category              0          0.0
5        time  category              0          0.0
6        size     int64              0          0.0
2026-06-07 18:10:35 | INFO | EDA-NBA | Duplicate rows detected: 1
2026-06-07 18:10:35 | INFO | EDA-NBA | Call describe() for numeric columns
2026-06-07 18:10:35 | DEBUG | EDA-NBA | 
       total_bill         tip        size
count  244.000000  244.000000  244.000000
mean    50.454154    7.645611    2.569672
std     22.701150    3.528277    0.951100
min      7.828500    2.550000    1.000000
25%     34.036125    5.100000    2.000000
50%     45.377250    7.395000    2.000000
75%     61.525125    9.084375    3.000000
max    129.565500   25.500000    6.000000

2026-06-07 18:10:35 | INFO | EDA-NBA | After dropping duplicates: 243 rows, 7 columns
2026-06-07 18:10:35 | INFO | EDA-NBA | Duplicate rows dropped: 1
2026-06-07 18:10:35 | INFO | EDA-NBA | Added new column: percent_tips = tip / total_bill * 100
2026-06-07 18:10:35 | INFO | EDA-NBA | Added new column: total_cost = total_bill + tip
2026-06-07 18:10:35 | INFO | EDA-NBA | Added new column: total_cost_per_person = total_cost / size
2026-06-07 18:10:35 | INFO | EDA-NBA | Computing overall descriptive statistics
2026-06-07 18:10:35 | INFO | EDA-NBA | Overall descriptive statistics:
                       count       mean        std        min        25%        50%        75%         max
total_bill             243.0  50.525364  22.720681   7.828500  34.119000  45.415500  61.646250  129.565500
tip                    243.0   7.656086   3.531755   2.550000   5.100000   7.446000   9.116250   25.500000
size                   243.0   2.572016   0.952356   1.000000   2.000000   2.000000   3.000000    6.000000
percent_tips           243.0  16.083121   6.119662   3.563814  12.883281  15.521855  19.174638   71.034483
total_cost             243.0  58.181451  25.239483  10.378500  39.882000  52.581000  70.851750  155.065500
total_cost_per_person  243.0  23.224328   8.187220   8.606250  17.204000  21.585750  27.338125   55.526250
2026-06-07 18:10:35 | INFO | EDA-NBA | Computing correlation matrix for numeric columns
2026-06-07 18:10:35 | INFO | EDA-NBA | 
Correlation matrix:
2026-06-07 18:10:35 | DEBUG | EDA-NBA | 
                       total_bill       tip      size  percent_tips  total_cost  total_cost_per_person
total_bill               1.000000  0.674998  0.597589     -0.339400    0.994656               0.625110
tip                      0.674998  1.000000  0.488400      0.342408    0.747565               0.418913
size                     0.597589  0.488400  1.000000     -0.143252    0.606294              -0.199857
percent_tips            -0.339400  0.342408 -0.143252      1.000000   -0.257616              -0.205146
total_cost               0.994656  0.747565  0.606294     -0.257616    1.000000               0.621345
total_cost_per_person    0.625110  0.418913 -0.199857     -0.205146    0.621345               1.000000
2026-06-07 18:10:35 | INFO | EDA-NBA | ---------Visualize Correlation Matrix as a Heatmap---------------
2026-06-07 18:10:36 | INFO | EDA-NBA | Saved correlation heatmap to: ..\docs\images\inflation_considered\heatmap.png
2026-06-07 18:10:36 | INFO | EDA-NBA | ---- Creating Scatter Plot to see Relationships ------
2026-06-07 18:10:36 | INFO | EDA-NBA | ----   Use clean dataframe ---------------------------
2026-06-07 18:10:36 | INFO | EDA-NBA | ----   Set the hue (color mapping) to the group column --
2026-06-07 18:10:36 | INFO | EDA-NBA | Creating scatter plot with hue set to: sex
2026-06-07 18:10:37 | INFO | EDA-NBA | Saved scatter plot to: ..\docs\images\inflation_considered\scatter_tips_total_bill_by_sex.png
2026-06-07 18:10:37 | INFO | EDA-NBA | Creating scatter plot with hue set to: smoker
2026-06-07 18:10:37 | INFO | EDA-NBA | Saved scatter plot to: ..\docs\images\inflation_considered\scatter_tips_total_bill_by_smoker.png
2026-06-07 18:10:37 | INFO | EDA-NBA | Creating scatter plot with hue set to: day
2026-06-07 18:10:37 | INFO | EDA-NBA | Saved scatter plot to: ..\docs\images\inflation_considered\scatter_tips_total_bill_by_day.png
2026-06-07 18:10:37 | INFO | EDA-NBA | Creating scatter plot with hue set to: time
2026-06-07 18:10:37 | INFO | EDA-NBA | Saved scatter plot to: ..\docs\images\inflation_considered\scatter_tips_total_bill_by_time.png
2026-06-07 18:10:38 | INFO | EDA-NBA | Values were adjusted for inflation and will affect the distribution. Consider this when interpreting the box plot.
2026-06-07 18:10:38 | INFO | EDA-NBA | Values were adjusted for inflation and will affect the distribution. Consider this when interpreting the box plot.
2026-06-07 18:11:15 | INFO | EDA-NBA | === RUN START ===
2026-06-07 18:11:15 | INFO | EDA-NBA | project=EDA-NBA
2026-06-07 18:11:15 | INFO | EDA-NBA | repo_dir=datafun-04-notebooks
2026-06-07 18:11:15 | INFO | EDA-NBA | python=3.14.0
2026-06-07 18:11:15 | INFO | EDA-NBA | os=Windows 11
2026-06-07 18:11:15 | INFO | EDA-NBA | shell=powershell
2026-06-07 18:11:15 | INFO | EDA-NBA | cwd=notebooks
2026-06-07 18:11:15 | INFO | EDA-NBA | github_actions=False
2026-06-07 18:11:15 | INFO | EDA-NBA | Chose dataset: tips
2026-06-07 18:11:15 | INFO | EDA-NBA | Imports complete.
2026-06-07 18:11:15 | INFO | EDA-NBA | Quickly Summarize Dataset To Confirm Suitability
2026-06-07 18:11:15 | INFO | EDA-NBA | Loading dataset: tips
2026-06-07 18:11:15 | INFO | EDA-NBA | Loaded: 244 rows, 7 columns
2026-06-07 18:11:15 | INFO | EDA-NBA | Adjusting for inflation using factor: 1.0
2026-06-07 18:11:15 | INFO | EDA-NBA | Previewing first few rows of the dataset
2026-06-07 18:11:15 | INFO | EDA-NBA | Column names
2026-06-07 18:11:15 | INFO | EDA-NBA | Data types and non-null counts
2026-06-07 18:11:15 | INFO | EDA-NBA | Dataset shape: 244 rows, 7 columns
2026-06-07 18:11:15 | INFO | EDA-NBA | Building starter data dictionary
2026-06-07 18:11:15 | DEBUG | EDA-NBA | 
       column     dtype  missing_count  missing_pct
0  total_bill   float64              0          0.0
1         tip   float64              0          0.0
2         sex  category              0          0.0
3      smoker  category              0          0.0
4         day  category              0          0.0
5        time  category              0          0.0
6        size     int64              0          0.0
2026-06-07 18:11:15 | INFO | EDA-NBA | Duplicate rows detected: 1
2026-06-07 18:11:15 | INFO | EDA-NBA | Call describe() for numeric columns
2026-06-07 18:11:15 | DEBUG | EDA-NBA | 
       total_bill         tip        size
count  244.000000  244.000000  244.000000
mean    19.785943    2.998279    2.569672
std      8.902412    1.383638    0.951100
min      3.070000    1.000000    1.000000
25%     13.347500    2.000000    2.000000
50%     17.795000    2.900000    2.000000
75%     24.127500    3.562500    3.000000
max     50.810000   10.000000    6.000000

2026-06-07 18:11:15 | INFO | EDA-NBA | After dropping duplicates: 243 rows, 7 columns
2026-06-07 18:11:15 | INFO | EDA-NBA | Duplicate rows dropped: 1
2026-06-07 18:11:15 | INFO | EDA-NBA | Added new column: percent_tips = tip / total_bill * 100
2026-06-07 18:11:15 | INFO | EDA-NBA | Added new column: total_cost = total_bill + tip
2026-06-07 18:11:15 | INFO | EDA-NBA | Added new column: total_cost_per_person = total_cost / size
2026-06-07 18:11:15 | INFO | EDA-NBA | Computing overall descriptive statistics
2026-06-07 18:11:15 | INFO | EDA-NBA | Overall descriptive statistics:
                       count       mean       std       min        25%        50%        75%        max
total_bill             243.0  19.813868  8.910071  3.070000  13.380000  17.810000  24.175000  50.810000
tip                    243.0   3.002387  1.385002  1.000000   2.000000   2.920000   3.575000  10.000000
size                   243.0   2.572016  0.952356  1.000000   2.000000   2.000000   3.000000   6.000000
percent_tips           243.0  16.083121  6.119662  3.563814  12.883281  15.521855  19.174638  71.034483
total_cost             243.0  22.816255  9.897837  4.070000  15.640000  20.620000  27.785000  60.810000
total_cost_per_person  243.0   9.107580  3.210674  3.375000   6.746667   8.465000  10.720833  21.775000
2026-06-07 18:11:15 | INFO | EDA-NBA | Computing correlation matrix for numeric columns
2026-06-07 18:11:15 | INFO | EDA-NBA | 
Correlation matrix:
2026-06-07 18:11:15 | DEBUG | EDA-NBA | 
                       total_bill       tip      size  percent_tips  total_cost  total_cost_per_person
total_bill               1.000000  0.674998  0.597589     -0.339400    0.994656               0.625110
tip                      0.674998  1.000000  0.488400      0.342408    0.747565               0.418913
size                     0.597589  0.488400  1.000000     -0.143252    0.606294              -0.199857
percent_tips            -0.339400  0.342408 -0.143252      1.000000   -0.257616              -0.205146
total_cost               0.994656  0.747565  0.606294     -0.257616    1.000000               0.621345
total_cost_per_person    0.625110  0.418913 -0.199857     -0.205146    0.621345               1.000000
2026-06-07 18:11:15 | INFO | EDA-NBA | ---------Visualize Correlation Matrix as a Heatmap---------------
2026-06-07 18:11:16 | INFO | EDA-NBA | Saved correlation heatmap to: ..\docs\images\inflation_considered\heatmap.png
2026-06-07 18:11:16 | INFO | EDA-NBA | ---- Creating Scatter Plot to see Relationships ------
2026-06-07 18:11:16 | INFO | EDA-NBA | ----   Use clean dataframe ---------------------------
2026-06-07 18:11:16 | INFO | EDA-NBA | ----   Set the hue (color mapping) to the group column --
2026-06-07 18:11:17 | INFO | EDA-NBA | Creating scatter plot with hue set to: sex
2026-06-07 18:11:17 | INFO | EDA-NBA | Saved scatter plot to: ..\docs\images\inflation_considered\scatter_tips_total_bill_by_sex.png
2026-06-07 18:11:17 | INFO | EDA-NBA | Creating scatter plot with hue set to: smoker
2026-06-07 18:11:17 | INFO | EDA-NBA | Saved scatter plot to: ..\docs\images\inflation_considered\scatter_tips_total_bill_by_smoker.png
2026-06-07 18:11:17 | INFO | EDA-NBA | Creating scatter plot with hue set to: day
2026-06-07 18:11:17 | INFO | EDA-NBA | Saved scatter plot to: ..\docs\images\inflation_considered\scatter_tips_total_bill_by_day.png
2026-06-07 18:11:17 | INFO | EDA-NBA | Creating scatter plot with hue set to: time
2026-06-07 18:11:17 | INFO | EDA-NBA | Saved scatter plot to: ..\docs\images\inflation_considered\scatter_tips_total_bill_by_time.png
2026-06-07 18:21:54 | INFO | EDA-NBA | === RUN START ===
2026-06-07 18:21:54 | INFO | EDA-NBA | project=EDA-NBA
2026-06-07 18:21:54 | INFO | EDA-NBA | repo_dir=datafun-04-notebooks
2026-06-07 18:21:54 | INFO | EDA-NBA | python=3.14.0
2026-06-07 18:21:54 | INFO | EDA-NBA | os=Windows 11
2026-06-07 18:21:54 | INFO | EDA-NBA | shell=powershell
2026-06-07 18:21:54 | INFO | EDA-NBA | cwd=notebooks
2026-06-07 18:21:54 | INFO | EDA-NBA | github_actions=False
2026-06-07 18:21:54 | INFO | EDA-NBA | Chose dataset: tips
2026-06-07 18:21:54 | INFO | EDA-NBA | Imports complete.
2026-06-07 18:21:54 | INFO | EDA-NBA | Quickly Summarize Dataset To Confirm Suitability
2026-06-07 18:21:54 | INFO | EDA-NBA | Loading dataset: tips
2026-06-07 18:21:54 | INFO | EDA-NBA | Loaded: 244 rows, 7 columns
2026-06-07 18:21:54 | INFO | EDA-NBA | Adjusting for inflation using factor: 1.0
2026-06-07 18:21:54 | INFO | EDA-NBA | Previewing first few rows of the dataset
2026-06-07 18:21:54 | INFO | EDA-NBA | Column names
2026-06-07 18:21:54 | INFO | EDA-NBA | Data types and non-null counts
2026-06-07 18:21:54 | INFO | EDA-NBA | Dataset shape: 244 rows, 7 columns
2026-06-07 18:21:54 | INFO | EDA-NBA | Building starter data dictionary
2026-06-07 18:21:54 | DEBUG | EDA-NBA | 
       column     dtype  missing_count  missing_pct
0  total_bill   float64              0          0.0
1         tip   float64              0          0.0
2         sex  category              0          0.0
3      smoker  category              0          0.0
4         day  category              0          0.0
5        time  category              0          0.0
6        size     int64              0          0.0
2026-06-07 18:21:54 | INFO | EDA-NBA | Duplicate rows detected: 1
2026-06-07 18:21:54 | INFO | EDA-NBA | Call describe() for numeric columns
2026-06-07 18:21:54 | DEBUG | EDA-NBA | 
       total_bill         tip        size
count  244.000000  244.000000  244.000000
mean    19.785943    2.998279    2.569672
std      8.902412    1.383638    0.951100
min      3.070000    1.000000    1.000000
25%     13.347500    2.000000    2.000000
50%     17.795000    2.900000    2.000000
75%     24.127500    3.562500    3.000000
max     50.810000   10.000000    6.000000

2026-06-07 18:21:54 | INFO | EDA-NBA | After dropping duplicates: 243 rows, 7 columns
2026-06-07 18:21:54 | INFO | EDA-NBA | Duplicate rows dropped: 1
2026-06-07 18:21:55 | INFO | EDA-NBA | Added new column: percent_tips = tip / total_bill * 100
2026-06-07 18:21:55 | INFO | EDA-NBA | Added new column: total_cost = total_bill + tip
2026-06-07 18:21:55 | INFO | EDA-NBA | Added new column: total_cost_per_person = total_cost / size
2026-06-07 18:21:55 | INFO | EDA-NBA | Computing overall descriptive statistics
2026-06-07 18:21:55 | INFO | EDA-NBA | Overall descriptive statistics:
                       count       mean       std       min        25%        50%        75%        max
total_bill             243.0  19.813868  8.910071  3.070000  13.380000  17.810000  24.175000  50.810000
tip                    243.0   3.002387  1.385002  1.000000   2.000000   2.920000   3.575000  10.000000
size                   243.0   2.572016  0.952356  1.000000   2.000000   2.000000   3.000000   6.000000
percent_tips           243.0  16.083121  6.119662  3.563814  12.883281  15.521855  19.174638  71.034483
total_cost             243.0  22.816255  9.897837  4.070000  15.640000  20.620000  27.785000  60.810000
total_cost_per_person  243.0   9.107580  3.210674  3.375000   6.746667   8.465000  10.720833  21.775000
2026-06-07 18:21:55 | INFO | EDA-NBA | Computing correlation matrix for numeric columns
2026-06-07 18:21:55 | INFO | EDA-NBA | 
Correlation matrix:
2026-06-07 18:21:55 | DEBUG | EDA-NBA | 
                       total_bill       tip      size  percent_tips  total_cost  total_cost_per_person
total_bill               1.000000  0.674998  0.597589     -0.339400    0.994656               0.625110
tip                      0.674998  1.000000  0.488400      0.342408    0.747565               0.418913
size                     0.597589  0.488400  1.000000     -0.143252    0.606294              -0.199857
percent_tips            -0.339400  0.342408 -0.143252      1.000000   -0.257616              -0.205146
total_cost               0.994656  0.747565  0.606294     -0.257616    1.000000               0.621345
total_cost_per_person    0.625110  0.418913 -0.199857     -0.205146    0.621345               1.000000
2026-06-07 18:21:55 | INFO | EDA-NBA | ---------Visualize Correlation Matrix as a Heatmap---------------
2026-06-07 18:21:55 | INFO | EDA-NBA | Saved correlation heatmap to: ..\docs\images\inflation_considered\heatmap.png
2026-06-07 18:21:56 | INFO | EDA-NBA | ---- Creating Scatter Plot to see Relationships ------
2026-06-07 18:21:56 | INFO | EDA-NBA | ----   Use clean dataframe ---------------------------
2026-06-07 18:21:56 | INFO | EDA-NBA | ----   Set the hue (color mapping) to the group column --
2026-06-07 18:21:56 | INFO | EDA-NBA | Creating scatter plot with hue set to: sex
2026-06-07 18:21:56 | INFO | EDA-NBA | Saved scatter plot to: ..\docs\images\inflation_considered\scatter_tips_total_bill_by_sex.png
2026-06-07 18:21:56 | INFO | EDA-NBA | Creating scatter plot with hue set to: smoker
2026-06-07 18:21:57 | INFO | EDA-NBA | Saved scatter plot to: ..\docs\images\inflation_considered\scatter_tips_total_bill_by_smoker.png
2026-06-07 18:21:57 | INFO | EDA-NBA | Creating scatter plot with hue set to: day
2026-06-07 18:21:57 | INFO | EDA-NBA | Saved scatter plot to: ..\docs\images\inflation_considered\scatter_tips_total_bill_by_day.png
2026-06-07 18:21:57 | INFO | EDA-NBA | Creating scatter plot with hue set to: time
2026-06-07 18:21:57 | INFO | EDA-NBA | Saved scatter plot to: ..\docs\images\inflation_considered\scatter_tips_total_bill_by_time.png
2026-06-07 18:22:40 | INFO | EDA-NBA | === RUN START ===
2026-06-07 18:22:40 | INFO | EDA-NBA | project=EDA-NBA
2026-06-07 18:22:40 | INFO | EDA-NBA | repo_dir=datafun-04-notebooks
2026-06-07 18:22:40 | INFO | EDA-NBA | python=3.14.0
2026-06-07 18:22:40 | INFO | EDA-NBA | os=Windows 11
2026-06-07 18:22:40 | INFO | EDA-NBA | shell=powershell
2026-06-07 18:22:40 | INFO | EDA-NBA | cwd=notebooks
2026-06-07 18:22:40 | INFO | EDA-NBA | github_actions=False
2026-06-07 18:22:40 | INFO | EDA-NBA | Chose dataset: tips
2026-06-07 18:22:40 | INFO | EDA-NBA | Imports complete.
2026-06-07 18:22:40 | INFO | EDA-NBA | Quickly Summarize Dataset To Confirm Suitability
2026-06-07 18:22:40 | INFO | EDA-NBA | Loading dataset: tips
2026-06-07 18:22:40 | INFO | EDA-NBA | Loaded: 244 rows, 7 columns
2026-06-07 18:22:40 | INFO | EDA-NBA | Adjusting for inflation using factor: 2.55
2026-06-07 18:22:40 | INFO | EDA-NBA | Previewing first few rows of the dataset
2026-06-07 18:22:41 | INFO | EDA-NBA | Column names
2026-06-07 18:22:41 | INFO | EDA-NBA | Data types and non-null counts
2026-06-07 18:22:41 | INFO | EDA-NBA | Dataset shape: 244 rows, 7 columns
2026-06-07 18:22:41 | INFO | EDA-NBA | Building starter data dictionary
2026-06-07 18:22:41 | DEBUG | EDA-NBA | 
       column     dtype  missing_count  missing_pct
0  total_bill   float64              0          0.0
1         tip   float64              0          0.0
2         sex  category              0          0.0
3      smoker  category              0          0.0
4         day  category              0          0.0
5        time  category              0          0.0
6        size     int64              0          0.0
2026-06-07 18:22:41 | INFO | EDA-NBA | Duplicate rows detected: 1
2026-06-07 18:22:41 | INFO | EDA-NBA | Call describe() for numeric columns
2026-06-07 18:22:41 | DEBUG | EDA-NBA | 
       total_bill         tip        size
count  244.000000  244.000000  244.000000
mean    50.454154    7.645611    2.569672
std     22.701150    3.528277    0.951100
min      7.828500    2.550000    1.000000
25%     34.036125    5.100000    2.000000
50%     45.377250    7.395000    2.000000
75%     61.525125    9.084375    3.000000
max    129.565500   25.500000    6.000000

2026-06-07 18:22:41 | INFO | EDA-NBA | After dropping duplicates: 243 rows, 7 columns
2026-06-07 18:22:41 | INFO | EDA-NBA | Duplicate rows dropped: 1
2026-06-07 18:22:41 | INFO | EDA-NBA | Added new column: percent_tips = tip / total_bill * 100
2026-06-07 18:22:41 | INFO | EDA-NBA | Added new column: total_cost = total_bill + tip
2026-06-07 18:22:41 | INFO | EDA-NBA | Added new column: total_cost_per_person = total_cost / size
2026-06-07 18:22:41 | INFO | EDA-NBA | Computing overall descriptive statistics
2026-06-07 18:22:41 | INFO | EDA-NBA | Overall descriptive statistics:
                       count       mean        std        min        25%        50%        75%         max
total_bill             243.0  50.525364  22.720681   7.828500  34.119000  45.415500  61.646250  129.565500
tip                    243.0   7.656086   3.531755   2.550000   5.100000   7.446000   9.116250   25.500000
size                   243.0   2.572016   0.952356   1.000000   2.000000   2.000000   3.000000    6.000000
percent_tips           243.0  16.083121   6.119662   3.563814  12.883281  15.521855  19.174638   71.034483
total_cost             243.0  58.181451  25.239483  10.378500  39.882000  52.581000  70.851750  155.065500
total_cost_per_person  243.0  23.224328   8.187220   8.606250  17.204000  21.585750  27.338125   55.526250
2026-06-07 18:22:41 | INFO | EDA-NBA | Computing correlation matrix for numeric columns
2026-06-07 18:22:41 | INFO | EDA-NBA | 
Correlation matrix:
2026-06-07 18:22:41 | DEBUG | EDA-NBA | 
                       total_bill       tip      size  percent_tips  total_cost  total_cost_per_person
total_bill               1.000000  0.674998  0.597589     -0.339400    0.994656               0.625110
tip                      0.674998  1.000000  0.488400      0.342408    0.747565               0.418913
size                     0.597589  0.488400  1.000000     -0.143252    0.606294              -0.199857
percent_tips            -0.339400  0.342408 -0.143252      1.000000   -0.257616              -0.205146
total_cost               0.994656  0.747565  0.606294     -0.257616    1.000000               0.621345
total_cost_per_person    0.625110  0.418913 -0.199857     -0.205146    0.621345               1.000000
2026-06-07 18:22:41 | INFO | EDA-NBA | ---------Visualize Correlation Matrix as a Heatmap---------------
2026-06-07 18:22:41 | INFO | EDA-NBA | Saved correlation heatmap to: ..\docs\images\inflation_considered\heatmap.png
2026-06-07 18:22:42 | INFO | EDA-NBA | ---- Creating Scatter Plot to see Relationships ------
2026-06-07 18:22:42 | INFO | EDA-NBA | ----   Use clean dataframe ---------------------------
2026-06-07 18:22:42 | INFO | EDA-NBA | ----   Set the hue (color mapping) to the group column --
2026-06-07 18:22:42 | INFO | EDA-NBA | Creating scatter plot with hue set to: sex
2026-06-07 18:22:42 | INFO | EDA-NBA | Saved scatter plot to: ..\docs\images\inflation_considered\scatter_tips_total_bill_by_sex.png
2026-06-07 18:22:42 | INFO | EDA-NBA | Creating scatter plot with hue set to: smoker
2026-06-07 18:22:43 | INFO | EDA-NBA | Saved scatter plot to: ..\docs\images\inflation_considered\scatter_tips_total_bill_by_smoker.png
2026-06-07 18:22:43 | INFO | EDA-NBA | Creating scatter plot with hue set to: day
2026-06-07 18:22:43 | INFO | EDA-NBA | Saved scatter plot to: ..\docs\images\inflation_considered\scatter_tips_total_bill_by_day.png
2026-06-07 18:22:43 | INFO | EDA-NBA | Creating scatter plot with hue set to: time
2026-06-07 18:22:43 | INFO | EDA-NBA | Saved scatter plot to: ..\docs\images\inflation_considered\scatter_tips_total_bill_by_time.png
2026-06-07 18:22:44 | INFO | EDA-NBA | Values were adjusted for inflation and will affect the distribution. Consider this when interpreting the box plot.
2026-06-07 18:22:44 | INFO | EDA-NBA | Values were adjusted for inflation and will affect the distribution. Consider this when interpreting the box plot.
2026-06-07 18:23:12 | INFO | EDA-NBA | === RUN START ===
2026-06-07 18:23:12 | INFO | EDA-NBA | project=EDA-NBA
2026-06-07 18:23:12 | INFO | EDA-NBA | repo_dir=datafun-04-notebooks
2026-06-07 18:23:12 | INFO | EDA-NBA | python=3.14.0
2026-06-07 18:23:12 | INFO | EDA-NBA | os=Windows 11
2026-06-07 18:23:12 | INFO | EDA-NBA | shell=powershell
2026-06-07 18:23:12 | INFO | EDA-NBA | cwd=notebooks
2026-06-07 18:23:12 | INFO | EDA-NBA | github_actions=False
2026-06-07 18:23:12 | INFO | EDA-NBA | Chose dataset: tips
2026-06-07 18:23:12 | INFO | EDA-NBA | Imports complete.
2026-06-07 18:23:12 | INFO | EDA-NBA | Quickly Summarize Dataset To Confirm Suitability
2026-06-07 18:23:12 | INFO | EDA-NBA | Loading dataset: tips
2026-06-07 18:23:12 | INFO | EDA-NBA | Loaded: 244 rows, 7 columns
2026-06-07 18:23:12 | INFO | EDA-NBA | Adjusting for inflation using factor: 1.0
2026-06-07 18:23:12 | INFO | EDA-NBA | Previewing first few rows of the dataset
2026-06-07 18:23:12 | INFO | EDA-NBA | Column names
2026-06-07 18:23:12 | INFO | EDA-NBA | Data types and non-null counts
2026-06-07 18:23:12 | INFO | EDA-NBA | Dataset shape: 244 rows, 7 columns
2026-06-07 18:23:12 | INFO | EDA-NBA | Building starter data dictionary
2026-06-07 18:23:12 | DEBUG | EDA-NBA | 
       column     dtype  missing_count  missing_pct
0  total_bill   float64              0          0.0
1         tip   float64              0          0.0
2         sex  category              0          0.0
3      smoker  category              0          0.0
4         day  category              0          0.0
5        time  category              0          0.0
6        size     int64              0          0.0
2026-06-07 18:23:12 | INFO | EDA-NBA | Duplicate rows detected: 1
2026-06-07 18:23:12 | INFO | EDA-NBA | Call describe() for numeric columns
2026-06-07 18:23:12 | DEBUG | EDA-NBA | 
       total_bill         tip        size
count  244.000000  244.000000  244.000000
mean    19.785943    2.998279    2.569672
std      8.902412    1.383638    0.951100
min      3.070000    1.000000    1.000000
25%     13.347500    2.000000    2.000000
50%     17.795000    2.900000    2.000000
75%     24.127500    3.562500    3.000000
max     50.810000   10.000000    6.000000

2026-06-07 18:23:12 | INFO | EDA-NBA | After dropping duplicates: 243 rows, 7 columns
2026-06-07 18:23:12 | INFO | EDA-NBA | Duplicate rows dropped: 1
2026-06-07 18:23:12 | INFO | EDA-NBA | Added new column: percent_tips = tip / total_bill * 100
2026-06-07 18:23:12 | INFO | EDA-NBA | Added new column: total_cost = total_bill + tip
2026-06-07 18:23:12 | INFO | EDA-NBA | Added new column: total_cost_per_person = total_cost / size
2026-06-07 18:23:12 | INFO | EDA-NBA | Computing overall descriptive statistics
2026-06-07 18:23:12 | INFO | EDA-NBA | Overall descriptive statistics:
                       count       mean       std       min        25%        50%        75%        max
total_bill             243.0  19.813868  8.910071  3.070000  13.380000  17.810000  24.175000  50.810000
tip                    243.0   3.002387  1.385002  1.000000   2.000000   2.920000   3.575000  10.000000
size                   243.0   2.572016  0.952356  1.000000   2.000000   2.000000   3.000000   6.000000
percent_tips           243.0  16.083121  6.119662  3.563814  12.883281  15.521855  19.174638  71.034483
total_cost             243.0  22.816255  9.897837  4.070000  15.640000  20.620000  27.785000  60.810000
total_cost_per_person  243.0   9.107580  3.210674  3.375000   6.746667   8.465000  10.720833  21.775000
2026-06-07 18:23:12 | INFO | EDA-NBA | Computing correlation matrix for numeric columns
2026-06-07 18:23:12 | INFO | EDA-NBA | 
Correlation matrix:
2026-06-07 18:23:12 | DEBUG | EDA-NBA | 
                       total_bill       tip      size  percent_tips  total_cost  total_cost_per_person
total_bill               1.000000  0.674998  0.597589     -0.339400    0.994656               0.625110
tip                      0.674998  1.000000  0.488400      0.342408    0.747565               0.418913
size                     0.597589  0.488400  1.000000     -0.143252    0.606294              -0.199857
percent_tips            -0.339400  0.342408 -0.143252      1.000000   -0.257616              -0.205146
total_cost               0.994656  0.747565  0.606294     -0.257616    1.000000               0.621345
total_cost_per_person    0.625110  0.418913 -0.199857     -0.205146    0.621345               1.000000
2026-06-07 18:23:12 | INFO | EDA-NBA | ---------Visualize Correlation Matrix as a Heatmap---------------
2026-06-07 18:23:13 | INFO | EDA-NBA | Saved correlation heatmap to: ..\docs\images\heatmap.png
2026-06-07 18:23:13 | INFO | EDA-NBA | ---- Creating Scatter Plot to see Relationships ------
2026-06-07 18:23:13 | INFO | EDA-NBA | ----   Use clean dataframe ---------------------------
2026-06-07 18:23:13 | INFO | EDA-NBA | ----   Set the hue (color mapping) to the group column --
2026-06-07 18:23:13 | INFO | EDA-NBA | Creating scatter plot with hue set to: sex
2026-06-07 18:23:14 | INFO | EDA-NBA | Saved scatter plot to: ..\docs\images\scatter_tips_total_bill_by_sex.png
2026-06-07 18:23:14 | INFO | EDA-NBA | Creating scatter plot with hue set to: smoker
2026-06-07 18:23:14 | INFO | EDA-NBA | Saved scatter plot to: ..\docs\images\scatter_tips_total_bill_by_smoker.png
2026-06-07 18:23:14 | INFO | EDA-NBA | Creating scatter plot with hue set to: day
2026-06-07 18:23:14 | INFO | EDA-NBA | Saved scatter plot to: ..\docs\images\scatter_tips_total_bill_by_day.png
2026-06-07 18:23:14 | INFO | EDA-NBA | Creating scatter plot with hue set to: time
2026-06-07 18:23:14 | INFO | EDA-NBA | Saved scatter plot to: ..\docs\images\scatter_tips_total_bill_by_time.png
2026-06-07 18:25:49 | INFO | EDA-NBA | === RUN START ===
2026-06-07 18:25:49 | INFO | EDA-NBA | project=EDA-NBA
2026-06-07 18:25:50 | INFO | EDA-NBA | repo_dir=datafun-04-notebooks
2026-06-07 18:25:50 | INFO | EDA-NBA | python=3.14.0
2026-06-07 18:25:50 | INFO | EDA-NBA | os=Windows 11
2026-06-07 18:25:50 | INFO | EDA-NBA | shell=powershell
2026-06-07 18:25:50 | INFO | EDA-NBA | cwd=notebooks
2026-06-07 18:25:50 | INFO | EDA-NBA | github_actions=False
2026-06-07 18:25:50 | INFO | EDA-NBA | Chose dataset: tips
2026-06-07 18:25:50 | INFO | EDA-NBA | Imports complete.
2026-06-07 18:25:50 | INFO | EDA-NBA | Quickly Summarize Dataset To Confirm Suitability
2026-06-07 18:25:50 | INFO | EDA-NBA | Loading dataset: tips
2026-06-07 18:25:50 | INFO | EDA-NBA | Loaded: 244 rows, 7 columns
2026-06-07 18:25:50 | INFO | EDA-NBA | Adjusting for inflation using factor: 2.55
2026-06-07 18:25:50 | INFO | EDA-NBA | Previewing first few rows of the dataset
2026-06-07 18:25:50 | INFO | EDA-NBA | Column names
2026-06-07 18:25:50 | INFO | EDA-NBA | Data types and non-null counts
2026-06-07 18:25:50 | INFO | EDA-NBA | Dataset shape: 244 rows, 7 columns
2026-06-07 18:25:50 | INFO | EDA-NBA | Building starter data dictionary
2026-06-07 18:25:50 | DEBUG | EDA-NBA | 
       column     dtype  missing_count  missing_pct
0  total_bill   float64              0          0.0
1         tip   float64              0          0.0
2         sex  category              0          0.0
3      smoker  category              0          0.0
4         day  category              0          0.0
5        time  category              0          0.0
6        size     int64              0          0.0
2026-06-07 18:25:50 | INFO | EDA-NBA | Duplicate rows detected: 1
2026-06-07 18:25:50 | INFO | EDA-NBA | Call describe() for numeric columns
2026-06-07 18:25:50 | DEBUG | EDA-NBA | 
       total_bill         tip        size
count  244.000000  244.000000  244.000000
mean    50.454154    7.645611    2.569672
std     22.701150    3.528277    0.951100
min      7.828500    2.550000    1.000000
25%     34.036125    5.100000    2.000000
50%     45.377250    7.395000    2.000000
75%     61.525125    9.084375    3.000000
max    129.565500   25.500000    6.000000

2026-06-07 18:25:50 | INFO | EDA-NBA | After dropping duplicates: 243 rows, 7 columns
2026-06-07 18:25:50 | INFO | EDA-NBA | Duplicate rows dropped: 1
2026-06-07 18:25:50 | INFO | EDA-NBA | Added new column: percent_tips = tip / total_bill * 100
2026-06-07 18:25:50 | INFO | EDA-NBA | Added new column: total_cost = total_bill + tip
2026-06-07 18:25:50 | INFO | EDA-NBA | Added new column: total_cost_per_person = total_cost / size
2026-06-07 18:25:50 | INFO | EDA-NBA | Computing overall descriptive statistics
2026-06-07 18:25:50 | INFO | EDA-NBA | Overall descriptive statistics:
                       count       mean        std        min        25%        50%        75%         max
total_bill             243.0  50.525364  22.720681   7.828500  34.119000  45.415500  61.646250  129.565500
tip                    243.0   7.656086   3.531755   2.550000   5.100000   7.446000   9.116250   25.500000
size                   243.0   2.572016   0.952356   1.000000   2.000000   2.000000   3.000000    6.000000
percent_tips           243.0  16.083121   6.119662   3.563814  12.883281  15.521855  19.174638   71.034483
total_cost             243.0  58.181451  25.239483  10.378500  39.882000  52.581000  70.851750  155.065500
total_cost_per_person  243.0  23.224328   8.187220   8.606250  17.204000  21.585750  27.338125   55.526250
2026-06-07 18:25:50 | INFO | EDA-NBA | Computing correlation matrix for numeric columns
2026-06-07 18:25:50 | INFO | EDA-NBA | 
Correlation matrix:
2026-06-07 18:25:50 | DEBUG | EDA-NBA | 
                       total_bill       tip      size  percent_tips  total_cost  total_cost_per_person
total_bill               1.000000  0.674998  0.597589     -0.339400    0.994656               0.625110
tip                      0.674998  1.000000  0.488400      0.342408    0.747565               0.418913
size                     0.597589  0.488400  1.000000     -0.143252    0.606294              -0.199857
percent_tips            -0.339400  0.342408 -0.143252      1.000000   -0.257616              -0.205146
total_cost               0.994656  0.747565  0.606294     -0.257616    1.000000               0.621345
total_cost_per_person    0.625110  0.418913 -0.199857     -0.205146    0.621345               1.000000
2026-06-07 18:25:50 | INFO | EDA-NBA | ---------Visualize Correlation Matrix as a Heatmap---------------
2026-06-07 18:25:51 | INFO | EDA-NBA | Saved correlation heatmap to: ..\docs\images\inflation_considered\heatmap.png
2026-06-07 18:25:51 | INFO | EDA-NBA | ---- Creating Scatter Plot to see Relationships ------
2026-06-07 18:25:51 | INFO | EDA-NBA | ----   Use clean dataframe ---------------------------
2026-06-07 18:25:51 | INFO | EDA-NBA | ----   Set the hue (color mapping) to the group column --
2026-06-07 18:26:19 | INFO | EDA-NBA | === RUN START ===
2026-06-07 18:26:19 | INFO | EDA-NBA | project=EDA-NBA
2026-06-07 18:26:19 | INFO | EDA-NBA | repo_dir=datafun-04-notebooks
2026-06-07 18:26:19 | INFO | EDA-NBA | python=3.14.0
2026-06-07 18:26:19 | INFO | EDA-NBA | os=Windows 11
2026-06-07 18:26:19 | INFO | EDA-NBA | shell=powershell
2026-06-07 18:26:19 | INFO | EDA-NBA | cwd=notebooks
2026-06-07 18:26:19 | INFO | EDA-NBA | github_actions=False
2026-06-07 18:26:19 | INFO | EDA-NBA | Chose dataset: tips
2026-06-07 18:26:19 | INFO | EDA-NBA | Imports complete.
2026-06-07 18:26:19 | INFO | EDA-NBA | Quickly Summarize Dataset To Confirm Suitability
2026-06-07 18:26:19 | INFO | EDA-NBA | Loading dataset: tips
2026-06-07 18:26:19 | INFO | EDA-NBA | Loaded: 244 rows, 7 columns
2026-06-07 18:26:19 | INFO | EDA-NBA | Adjusting for inflation using factor: 2.55
2026-06-07 18:26:19 | INFO | EDA-NBA | Previewing first few rows of the dataset
2026-06-07 18:26:19 | INFO | EDA-NBA | Column names
2026-06-07 18:26:19 | INFO | EDA-NBA | Data types and non-null counts
2026-06-07 18:26:19 | INFO | EDA-NBA | Dataset shape: 244 rows, 7 columns
2026-06-07 18:26:19 | INFO | EDA-NBA | Building starter data dictionary
2026-06-07 18:26:19 | DEBUG | EDA-NBA | 
       column     dtype  missing_count  missing_pct
0  total_bill   float64              0          0.0
1         tip   float64              0          0.0
2         sex  category              0          0.0
3      smoker  category              0          0.0
4         day  category              0          0.0
5        time  category              0          0.0
6        size     int64              0          0.0
2026-06-07 18:26:19 | INFO | EDA-NBA | Duplicate rows detected: 1
2026-06-07 18:26:19 | INFO | EDA-NBA | Call describe() for numeric columns
2026-06-07 18:26:19 | DEBUG | EDA-NBA | 
       total_bill         tip        size
count  244.000000  244.000000  244.000000
mean    50.454154    7.645611    2.569672
std     22.701150    3.528277    0.951100
min      7.828500    2.550000    1.000000
25%     34.036125    5.100000    2.000000
50%     45.377250    7.395000    2.000000
75%     61.525125    9.084375    3.000000
max    129.565500   25.500000    6.000000

2026-06-07 18:26:19 | INFO | EDA-NBA | After dropping duplicates: 243 rows, 7 columns
2026-06-07 18:26:19 | INFO | EDA-NBA | Duplicate rows dropped: 1
2026-06-07 18:26:19 | INFO | EDA-NBA | Added new column: percent_tips = tip / total_bill * 100
2026-06-07 18:26:19 | INFO | EDA-NBA | Added new column: total_cost = total_bill + tip
2026-06-07 18:26:19 | INFO | EDA-NBA | Added new column: total_cost_per_person = total_cost / size
2026-06-07 18:26:19 | INFO | EDA-NBA | Computing overall descriptive statistics
2026-06-07 18:26:19 | INFO | EDA-NBA | Overall descriptive statistics:
                       count       mean        std        min        25%        50%        75%         max
total_bill             243.0  50.525364  22.720681   7.828500  34.119000  45.415500  61.646250  129.565500
tip                    243.0   7.656086   3.531755   2.550000   5.100000   7.446000   9.116250   25.500000
size                   243.0   2.572016   0.952356   1.000000   2.000000   2.000000   3.000000    6.000000
percent_tips           243.0  16.083121   6.119662   3.563814  12.883281  15.521855  19.174638   71.034483
total_cost             243.0  58.181451  25.239483  10.378500  39.882000  52.581000  70.851750  155.065500
total_cost_per_person  243.0  23.224328   8.187220   8.606250  17.204000  21.585750  27.338125   55.526250
2026-06-07 18:26:19 | INFO | EDA-NBA | Computing correlation matrix for numeric columns
2026-06-07 18:26:19 | INFO | EDA-NBA | 
Correlation matrix:
2026-06-07 18:26:19 | DEBUG | EDA-NBA | 
                       total_bill       tip      size  percent_tips  total_cost  total_cost_per_person
total_bill               1.000000  0.674998  0.597589     -0.339400    0.994656               0.625110
tip                      0.674998  1.000000  0.488400      0.342408    0.747565               0.418913
size                     0.597589  0.488400  1.000000     -0.143252    0.606294              -0.199857
percent_tips            -0.339400  0.342408 -0.143252      1.000000   -0.257616              -0.205146
total_cost               0.994656  0.747565  0.606294     -0.257616    1.000000               0.621345
total_cost_per_person    0.625110  0.418913 -0.199857     -0.205146    0.621345               1.000000
2026-06-07 18:26:19 | INFO | EDA-NBA | ---------Visualize Correlation Matrix as a Heatmap---------------
2026-06-07 18:26:20 | INFO | EDA-NBA | Saved correlation heatmap to: ..\docs\images\inflation_considered\heatmap.png
2026-06-07 18:26:20 | INFO | EDA-NBA | ---- Creating Scatter Plot to see Relationships ------
2026-06-07 18:26:20 | INFO | EDA-NBA | ----   Use clean dataframe ---------------------------
2026-06-07 18:26:20 | INFO | EDA-NBA | ----   Set the hue (color mapping) to the group column --
2026-06-07 18:26:20 | INFO | EDA-NBA | Creating scatter plot with hue set to: sex
2026-06-07 18:26:21 | INFO | EDA-NBA | Saved scatter plot to: ..\docs\images\inflation_considered\scatter_tips_total_bill_by_sex.png
2026-06-07 18:27:21 | INFO | EDA-NBA | === RUN START ===
2026-06-07 18:27:21 | INFO | EDA-NBA | project=EDA-NBA
2026-06-07 18:27:21 | INFO | EDA-NBA | repo_dir=datafun-04-notebooks
2026-06-07 18:27:21 | INFO | EDA-NBA | python=3.14.0
2026-06-07 18:27:21 | INFO | EDA-NBA | os=Windows 11
2026-06-07 18:27:21 | INFO | EDA-NBA | shell=powershell
2026-06-07 18:27:21 | INFO | EDA-NBA | cwd=notebooks
2026-06-07 18:27:21 | INFO | EDA-NBA | github_actions=False
2026-06-07 18:27:21 | INFO | EDA-NBA | Chose dataset: tips
2026-06-07 18:27:21 | INFO | EDA-NBA | Imports complete.
2026-06-07 18:27:21 | INFO | EDA-NBA | Quickly Summarize Dataset To Confirm Suitability
2026-06-07 18:27:21 | INFO | EDA-NBA | Loading dataset: tips
2026-06-07 18:27:21 | INFO | EDA-NBA | Loaded: 244 rows, 7 columns
2026-06-07 18:27:21 | INFO | EDA-NBA | Adjusting for inflation using factor: 2.55
2026-06-07 18:27:21 | INFO | EDA-NBA | Previewing first few rows of the dataset
2026-06-07 18:27:21 | INFO | EDA-NBA | Column names
2026-06-07 18:27:21 | INFO | EDA-NBA | Data types and non-null counts
2026-06-07 18:27:21 | INFO | EDA-NBA | Dataset shape: 244 rows, 7 columns
2026-06-07 18:27:21 | INFO | EDA-NBA | Building starter data dictionary
2026-06-07 18:27:21 | DEBUG | EDA-NBA | 
       column     dtype  missing_count  missing_pct
0  total_bill   float64              0          0.0
1         tip   float64              0          0.0
2         sex  category              0          0.0
3      smoker  category              0          0.0
4         day  category              0          0.0
5        time  category              0          0.0
6        size     int64              0          0.0
2026-06-07 18:27:21 | INFO | EDA-NBA | Duplicate rows detected: 1
2026-06-07 18:27:21 | INFO | EDA-NBA | Call describe() for numeric columns
2026-06-07 18:27:21 | DEBUG | EDA-NBA | 
       total_bill         tip        size
count  244.000000  244.000000  244.000000
mean    50.454154    7.645611    2.569672
std     22.701150    3.528277    0.951100
min      7.828500    2.550000    1.000000
25%     34.036125    5.100000    2.000000
50%     45.377250    7.395000    2.000000
75%     61.525125    9.084375    3.000000
max    129.565500   25.500000    6.000000

2026-06-07 18:27:21 | INFO | EDA-NBA | After dropping duplicates: 243 rows, 7 columns
2026-06-07 18:27:21 | INFO | EDA-NBA | Duplicate rows dropped: 1
2026-06-07 18:27:21 | INFO | EDA-NBA | Added new column: percent_tips = tip / total_bill * 100
2026-06-07 18:27:21 | INFO | EDA-NBA | Added new column: total_cost = total_bill + tip
2026-06-07 18:27:21 | INFO | EDA-NBA | Added new column: total_cost_per_person = total_cost / size
2026-06-07 18:27:21 | INFO | EDA-NBA | Computing overall descriptive statistics
2026-06-07 18:27:21 | INFO | EDA-NBA | Overall descriptive statistics:
                       count       mean        std        min        25%        50%        75%         max
total_bill             243.0  50.525364  22.720681   7.828500  34.119000  45.415500  61.646250  129.565500
tip                    243.0   7.656086   3.531755   2.550000   5.100000   7.446000   9.116250   25.500000
size                   243.0   2.572016   0.952356   1.000000   2.000000   2.000000   3.000000    6.000000
percent_tips           243.0  16.083121   6.119662   3.563814  12.883281  15.521855  19.174638   71.034483
total_cost             243.0  58.181451  25.239483  10.378500  39.882000  52.581000  70.851750  155.065500
total_cost_per_person  243.0  23.224328   8.187220   8.606250  17.204000  21.585750  27.338125   55.526250
2026-06-07 18:27:22 | INFO | EDA-NBA | Computing correlation matrix for numeric columns
2026-06-07 18:27:22 | INFO | EDA-NBA | 
Correlation matrix:
2026-06-07 18:27:22 | DEBUG | EDA-NBA | 
                       total_bill       tip      size  percent_tips  total_cost  total_cost_per_person
total_bill               1.000000  0.674998  0.597589     -0.339400    0.994656               0.625110
tip                      0.674998  1.000000  0.488400      0.342408    0.747565               0.418913
size                     0.597589  0.488400  1.000000     -0.143252    0.606294              -0.199857
percent_tips            -0.339400  0.342408 -0.143252      1.000000   -0.257616              -0.205146
total_cost               0.994656  0.747565  0.606294     -0.257616    1.000000               0.621345
total_cost_per_person    0.625110  0.418913 -0.199857     -0.205146    0.621345               1.000000
2026-06-07 18:27:22 | INFO | EDA-NBA | ---------Visualize Correlation Matrix as a Heatmap---------------
2026-06-07 18:27:22 | INFO | EDA-NBA | Saved correlation heatmap to: ..\docs\images\inflation_considered\heatmap.png
2026-06-07 18:27:22 | INFO | EDA-NBA | ---- Creating Scatter Plot to see Relationships ------
2026-06-07 18:27:22 | INFO | EDA-NBA | ----   Use clean dataframe ---------------------------
2026-06-07 18:27:22 | INFO | EDA-NBA | ----   Set the hue (color mapping) to the group column --
2026-06-07 18:27:23 | INFO | EDA-NBA | Creating scatter plot with hue set to: sex
2026-06-07 18:27:23 | INFO | EDA-NBA | Saved scatter plot to: ..\docs\images\inflation_considered\scatter_tips_total_bill_by_sex.png
2026-06-07 18:27:23 | INFO | EDA-NBA | Creating scatter plot with hue set to: smoker
2026-06-07 18:27:23 | INFO | EDA-NBA | Saved scatter plot to: ..\docs\images\inflation_considered\scatter_tips_total_bill_by_smoker.png
2026-06-07 18:27:24 | INFO | EDA-NBA | Creating scatter plot with hue set to: day
2026-06-07 18:27:24 | INFO | EDA-NBA | Saved scatter plot to: ..\docs\images\inflation_considered\scatter_tips_total_bill_by_day.png
2026-06-07 18:27:24 | INFO | EDA-NBA | Creating scatter plot with hue set to: time
2026-06-07 18:27:24 | INFO | EDA-NBA | Saved scatter plot to: ..\docs\images\inflation_considered\scatter_tips_total_bill_by_time.png
2026-06-07 18:27:25 | INFO | EDA-NBA | Values were adjusted for inflation and will affect the distribution. Consider this when interpreting the box plot.
2026-06-07 18:27:25 | INFO | EDA-NBA | Values were adjusted for inflation and will affect the distribution. Consider this when interpreting the box plot.
2026-06-07 18:28:30 | INFO | EDA-NBA | === RUN START ===
2026-06-07 18:28:30 | INFO | EDA-NBA | project=EDA-NBA
2026-06-07 18:28:30 | INFO | EDA-NBA | repo_dir=datafun-04-notebooks
2026-06-07 18:28:30 | INFO | EDA-NBA | python=3.14.0
2026-06-07 18:28:30 | INFO | EDA-NBA | os=Windows 11
2026-06-07 18:28:30 | INFO | EDA-NBA | shell=powershell
2026-06-07 18:28:30 | INFO | EDA-NBA | cwd=notebooks
2026-06-07 18:28:30 | INFO | EDA-NBA | github_actions=False
2026-06-07 18:28:30 | INFO | EDA-NBA | Chose dataset: tips
2026-06-07 18:28:30 | INFO | EDA-NBA | Imports complete.
2026-06-07 18:28:30 | INFO | EDA-NBA | Quickly Summarize Dataset To Confirm Suitability
2026-06-07 18:28:30 | INFO | EDA-NBA | Loading dataset: tips
2026-06-07 18:28:30 | INFO | EDA-NBA | Loaded: 244 rows, 7 columns
2026-06-07 18:28:30 | INFO | EDA-NBA | Adjusting for inflation using factor: 1.0
2026-06-07 18:28:30 | INFO | EDA-NBA | Previewing first few rows of the dataset
2026-06-07 18:28:30 | INFO | EDA-NBA | Column names
2026-06-07 18:28:30 | INFO | EDA-NBA | Data types and non-null counts
2026-06-07 18:28:31 | INFO | EDA-NBA | Dataset shape: 244 rows, 7 columns
2026-06-07 18:28:31 | INFO | EDA-NBA | Building starter data dictionary
2026-06-07 18:28:31 | DEBUG | EDA-NBA | 
       column     dtype  missing_count  missing_pct
0  total_bill   float64              0          0.0
1         tip   float64              0          0.0
2         sex  category              0          0.0
3      smoker  category              0          0.0
4         day  category              0          0.0
5        time  category              0          0.0
6        size     int64              0          0.0
2026-06-07 18:28:31 | INFO | EDA-NBA | Duplicate rows detected: 1
2026-06-07 18:28:31 | INFO | EDA-NBA | Call describe() for numeric columns
2026-06-07 18:28:31 | DEBUG | EDA-NBA | 
       total_bill         tip        size
count  244.000000  244.000000  244.000000
mean    19.785943    2.998279    2.569672
std      8.902412    1.383638    0.951100
min      3.070000    1.000000    1.000000
25%     13.347500    2.000000    2.000000
50%     17.795000    2.900000    2.000000
75%     24.127500    3.562500    3.000000
max     50.810000   10.000000    6.000000

2026-06-07 18:28:31 | INFO | EDA-NBA | After dropping duplicates: 243 rows, 7 columns
2026-06-07 18:28:31 | INFO | EDA-NBA | Duplicate rows dropped: 1
2026-06-07 18:28:31 | INFO | EDA-NBA | Added new column: percent_tips = tip / total_bill * 100
2026-06-07 18:28:31 | INFO | EDA-NBA | Added new column: total_cost = total_bill + tip
2026-06-07 18:28:31 | INFO | EDA-NBA | Added new column: total_cost_per_person = total_cost / size
2026-06-07 18:28:31 | INFO | EDA-NBA | Computing overall descriptive statistics
2026-06-07 18:28:31 | INFO | EDA-NBA | Overall descriptive statistics:
                       count       mean       std       min        25%        50%        75%        max
total_bill             243.0  19.813868  8.910071  3.070000  13.380000  17.810000  24.175000  50.810000
tip                    243.0   3.002387  1.385002  1.000000   2.000000   2.920000   3.575000  10.000000
size                   243.0   2.572016  0.952356  1.000000   2.000000   2.000000   3.000000   6.000000
percent_tips           243.0  16.083121  6.119662  3.563814  12.883281  15.521855  19.174638  71.034483
total_cost             243.0  22.816255  9.897837  4.070000  15.640000  20.620000  27.785000  60.810000
total_cost_per_person  243.0   9.107580  3.210674  3.375000   6.746667   8.465000  10.720833  21.775000
2026-06-07 18:28:31 | INFO | EDA-NBA | Computing correlation matrix for numeric columns
2026-06-07 18:28:31 | INFO | EDA-NBA | 
Correlation matrix:
2026-06-07 18:28:31 | DEBUG | EDA-NBA | 
                       total_bill       tip      size  percent_tips  total_cost  total_cost_per_person
total_bill               1.000000  0.674998  0.597589     -0.339400    0.994656               0.625110
tip                      0.674998  1.000000  0.488400      0.342408    0.747565               0.418913
size                     0.597589  0.488400  1.000000     -0.143252    0.606294              -0.199857
percent_tips            -0.339400  0.342408 -0.143252      1.000000   -0.257616              -0.205146
total_cost               0.994656  0.747565  0.606294     -0.257616    1.000000               0.621345
total_cost_per_person    0.625110  0.418913 -0.199857     -0.205146    0.621345               1.000000
2026-06-07 18:28:31 | INFO | EDA-NBA | ---------Visualize Correlation Matrix as a Heatmap---------------
2026-06-07 18:28:31 | INFO | EDA-NBA | Saved correlation heatmap to: ..\docs\images\heatmap.png
2026-06-07 18:28:32 | INFO | EDA-NBA | ---- Creating Scatter Plot to see Relationships ------
2026-06-07 18:28:32 | INFO | EDA-NBA | ----   Use clean dataframe ---------------------------
2026-06-07 18:28:32 | INFO | EDA-NBA | ----   Set the hue (color mapping) to the group column --
2026-06-07 18:28:32 | INFO | EDA-NBA | Creating scatter plot with hue set to: sex
2026-06-07 18:28:32 | INFO | EDA-NBA | Saved scatter plot to: ..\docs\images\scatter_tips_total_bill_by_sex.png
2026-06-07 18:28:32 | INFO | EDA-NBA | Creating scatter plot with hue set to: smoker
2026-06-07 18:28:33 | INFO | EDA-NBA | Saved scatter plot to: ..\docs\images\scatter_tips_total_bill_by_smoker.png
2026-06-07 18:28:33 | INFO | EDA-NBA | Creating scatter plot with hue set to: day
2026-06-07 18:28:33 | INFO | EDA-NBA | Saved scatter plot to: ..\docs\images\scatter_tips_total_bill_by_day.png
2026-06-07 18:28:33 | INFO | EDA-NBA | Creating scatter plot with hue set to: time
2026-06-07 18:28:33 | INFO | EDA-NBA | Saved scatter plot to: ..\docs\images\scatter_tips_total_bill_by_time.png
2026-06-07 18:30:04 | INFO | EDA-NBA | === RUN START ===
2026-06-07 18:30:04 | INFO | EDA-NBA | project=EDA-NBA
2026-06-07 18:30:04 | INFO | EDA-NBA | repo_dir=datafun-04-notebooks
2026-06-07 18:30:04 | INFO | EDA-NBA | python=3.14.0
2026-06-07 18:30:04 | INFO | EDA-NBA | os=Windows 11
2026-06-07 18:30:04 | INFO | EDA-NBA | shell=powershell
2026-06-07 18:30:04 | INFO | EDA-NBA | cwd=notebooks
2026-06-07 18:30:04 | INFO | EDA-NBA | github_actions=False
2026-06-07 18:30:04 | INFO | EDA-NBA | Chose dataset: tips
2026-06-07 18:30:04 | INFO | EDA-NBA | Imports complete.
2026-06-07 18:30:05 | INFO | EDA-NBA | Quickly Summarize Dataset To Confirm Suitability
2026-06-07 18:30:05 | INFO | EDA-NBA | Loading dataset: tips
2026-06-07 18:30:05 | INFO | EDA-NBA | Loaded: 244 rows, 7 columns
2026-06-07 18:30:05 | INFO | EDA-NBA | Adjusting for inflation using factor: 2.55
2026-06-07 18:30:05 | INFO | EDA-NBA | Previewing first few rows of the dataset
2026-06-07 18:30:05 | INFO | EDA-NBA | Column names
2026-06-07 18:30:05 | INFO | EDA-NBA | Data types and non-null counts
2026-06-07 18:30:05 | INFO | EDA-NBA | Dataset shape: 244 rows, 7 columns
2026-06-07 18:30:05 | INFO | EDA-NBA | Building starter data dictionary
2026-06-07 18:30:05 | DEBUG | EDA-NBA | 
       column     dtype  missing_count  missing_pct
0  total_bill   float64              0          0.0
1         tip   float64              0          0.0
2         sex  category              0          0.0
3      smoker  category              0          0.0
4         day  category              0          0.0
5        time  category              0          0.0
6        size     int64              0          0.0
2026-06-07 18:30:05 | INFO | EDA-NBA | Duplicate rows detected: 1
2026-06-07 18:30:05 | INFO | EDA-NBA | Call describe() for numeric columns
2026-06-07 18:30:05 | DEBUG | EDA-NBA | 
       total_bill         tip        size
count  244.000000  244.000000  244.000000
mean    50.454154    7.645611    2.569672
std     22.701150    3.528277    0.951100
min      7.828500    2.550000    1.000000
25%     34.036125    5.100000    2.000000
50%     45.377250    7.395000    2.000000
75%     61.525125    9.084375    3.000000
max    129.565500   25.500000    6.000000

2026-06-07 18:30:05 | INFO | EDA-NBA | After dropping duplicates: 243 rows, 7 columns
2026-06-07 18:30:05 | INFO | EDA-NBA | Duplicate rows dropped: 1
2026-06-07 18:30:05 | INFO | EDA-NBA | Added new column: percent_tips = tip / total_bill * 100
2026-06-07 18:30:05 | INFO | EDA-NBA | Added new column: total_cost = total_bill + tip
2026-06-07 18:30:05 | INFO | EDA-NBA | Added new column: total_cost_per_person = total_cost / size
2026-06-07 18:30:05 | INFO | EDA-NBA | Computing overall descriptive statistics
2026-06-07 18:30:05 | INFO | EDA-NBA | Overall descriptive statistics:
                       count       mean        std        min        25%        50%        75%         max
total_bill             243.0  50.525364  22.720681   7.828500  34.119000  45.415500  61.646250  129.565500
tip                    243.0   7.656086   3.531755   2.550000   5.100000   7.446000   9.116250   25.500000
size                   243.0   2.572016   0.952356   1.000000   2.000000   2.000000   3.000000    6.000000
percent_tips           243.0  16.083121   6.119662   3.563814  12.883281  15.521855  19.174638   71.034483
total_cost             243.0  58.181451  25.239483  10.378500  39.882000  52.581000  70.851750  155.065500
total_cost_per_person  243.0  23.224328   8.187220   8.606250  17.204000  21.585750  27.338125   55.526250
2026-06-07 18:30:05 | INFO | EDA-NBA | Computing correlation matrix for numeric columns
2026-06-07 18:30:05 | INFO | EDA-NBA | 
Correlation matrix:
2026-06-07 18:30:05 | DEBUG | EDA-NBA | 
                       total_bill       tip      size  percent_tips  total_cost  total_cost_per_person
total_bill               1.000000  0.674998  0.597589     -0.339400    0.994656               0.625110
tip                      0.674998  1.000000  0.488400      0.342408    0.747565               0.418913
size                     0.597589  0.488400  1.000000     -0.143252    0.606294              -0.199857
percent_tips            -0.339400  0.342408 -0.143252      1.000000   -0.257616              -0.205146
total_cost               0.994656  0.747565  0.606294     -0.257616    1.000000               0.621345
total_cost_per_person    0.625110  0.418913 -0.199857     -0.205146    0.621345               1.000000
2026-06-07 18:30:05 | INFO | EDA-NBA | ---------Visualize Correlation Matrix as a Heatmap---------------
2026-06-07 18:30:06 | INFO | EDA-NBA | Saved correlation heatmap to: ..\docs\images\inflation_considered\heatmap.png
2026-06-07 18:30:06 | INFO | EDA-NBA | ---- Creating Scatter Plot to see Relationships ------
2026-06-07 18:30:06 | INFO | EDA-NBA | ----   Use clean dataframe ---------------------------
2026-06-07 18:30:06 | INFO | EDA-NBA | ----   Set the hue (color mapping) to the group column --
2026-06-07 18:30:07 | INFO | EDA-NBA | Creating scatter plot with hue set to: sex
2026-06-07 18:30:07 | INFO | EDA-NBA | Saved scatter plot to: ..\docs\images\inflation_considered\scatter_tips_total_bill_by_sex.png
2026-06-07 18:30:07 | INFO | EDA-NBA | Creating scatter plot with hue set to: smoker
2026-06-07 18:30:07 | INFO | EDA-NBA | Saved scatter plot to: ..\docs\images\inflation_considered\scatter_tips_total_bill_by_smoker.png
2026-06-07 18:30:07 | INFO | EDA-NBA | Creating scatter plot with hue set to: day
2026-06-07 18:30:07 | INFO | EDA-NBA | Saved scatter plot to: ..\docs\images\inflation_considered\scatter_tips_total_bill_by_day.png
2026-06-07 18:30:08 | INFO | EDA-NBA | Creating scatter plot with hue set to: time
2026-06-07 18:30:08 | INFO | EDA-NBA | Saved scatter plot to: ..\docs\images\inflation_considered\scatter_tips_total_bill_by_time.png
2026-06-07 18:30:08 | INFO | EDA-NBA | Values were adjusted for inflation and will affect the distribution. Consider this when interpreting the box plot.
2026-06-07 18:30:09 | INFO | EDA-NBA | Values were adjusted for inflation and will affect the distribution. Consider this when interpreting the box plot.
2026-06-07 18:30:54 | INFO | EDA-NBA | === RUN START ===
2026-06-07 18:30:54 | INFO | EDA-NBA | project=EDA-NBA
2026-06-07 18:30:54 | INFO | EDA-NBA | repo_dir=datafun-04-notebooks
2026-06-07 18:30:54 | INFO | EDA-NBA | python=3.14.0
2026-06-07 18:30:54 | INFO | EDA-NBA | os=Windows 11
2026-06-07 18:30:54 | INFO | EDA-NBA | shell=powershell
2026-06-07 18:30:54 | INFO | EDA-NBA | cwd=notebooks
2026-06-07 18:30:54 | INFO | EDA-NBA | github_actions=False
2026-06-07 18:30:54 | INFO | EDA-NBA | Chose dataset: tips
2026-06-07 18:30:54 | INFO | EDA-NBA | Imports complete.
2026-06-07 18:30:54 | INFO | EDA-NBA | Quickly Summarize Dataset To Confirm Suitability
2026-06-07 18:30:54 | INFO | EDA-NBA | Loading dataset: tips
2026-06-07 18:30:54 | INFO | EDA-NBA | Loaded: 244 rows, 7 columns
2026-06-07 18:30:54 | INFO | EDA-NBA | Adjusting for inflation using factor: 1.0
2026-06-07 18:30:54 | INFO | EDA-NBA | Previewing first few rows of the dataset
2026-06-07 18:30:54 | INFO | EDA-NBA | Column names
2026-06-07 18:30:54 | INFO | EDA-NBA | Data types and non-null counts
2026-06-07 18:30:54 | INFO | EDA-NBA | Dataset shape: 244 rows, 7 columns
2026-06-07 18:30:54 | INFO | EDA-NBA | Building starter data dictionary
2026-06-07 18:30:54 | DEBUG | EDA-NBA | 
       column     dtype  missing_count  missing_pct
0  total_bill   float64              0          0.0
1         tip   float64              0          0.0
2         sex  category              0          0.0
3      smoker  category              0          0.0
4         day  category              0          0.0
5        time  category              0          0.0
6        size     int64              0          0.0
2026-06-07 18:30:54 | INFO | EDA-NBA | Duplicate rows detected: 1
2026-06-07 18:30:54 | INFO | EDA-NBA | Call describe() for numeric columns
2026-06-07 18:30:54 | DEBUG | EDA-NBA | 
       total_bill         tip        size
count  244.000000  244.000000  244.000000
mean    19.785943    2.998279    2.569672
std      8.902412    1.383638    0.951100
min      3.070000    1.000000    1.000000
25%     13.347500    2.000000    2.000000
50%     17.795000    2.900000    2.000000
75%     24.127500    3.562500    3.000000
max     50.810000   10.000000    6.000000

2026-06-07 18:30:54 | INFO | EDA-NBA | After dropping duplicates: 243 rows, 7 columns
2026-06-07 18:30:54 | INFO | EDA-NBA | Duplicate rows dropped: 1
2026-06-07 18:30:54 | INFO | EDA-NBA | Added new column: percent_tips = tip / total_bill * 100
2026-06-07 18:30:54 | INFO | EDA-NBA | Added new column: total_cost = total_bill + tip
2026-06-07 18:30:54 | INFO | EDA-NBA | Added new column: total_cost_per_person = total_cost / size
2026-06-07 18:30:54 | INFO | EDA-NBA | Computing overall descriptive statistics
2026-06-07 18:30:54 | INFO | EDA-NBA | Overall descriptive statistics:
                       count       mean       std       min        25%        50%        75%        max
total_bill             243.0  19.813868  8.910071  3.070000  13.380000  17.810000  24.175000  50.810000
tip                    243.0   3.002387  1.385002  1.000000   2.000000   2.920000   3.575000  10.000000
size                   243.0   2.572016  0.952356  1.000000   2.000000   2.000000   3.000000   6.000000
percent_tips           243.0  16.083121  6.119662  3.563814  12.883281  15.521855  19.174638  71.034483
total_cost             243.0  22.816255  9.897837  4.070000  15.640000  20.620000  27.785000  60.810000
total_cost_per_person  243.0   9.107580  3.210674  3.375000   6.746667   8.465000  10.720833  21.775000
2026-06-07 18:30:54 | INFO | EDA-NBA | Computing correlation matrix for numeric columns
2026-06-07 18:30:54 | INFO | EDA-NBA | 
Correlation matrix:
2026-06-07 18:30:54 | DEBUG | EDA-NBA | 
                       total_bill       tip      size  percent_tips  total_cost  total_cost_per_person
total_bill               1.000000  0.674998  0.597589     -0.339400    0.994656               0.625110
tip                      0.674998  1.000000  0.488400      0.342408    0.747565               0.418913
size                     0.597589  0.488400  1.000000     -0.143252    0.606294              -0.199857
percent_tips            -0.339400  0.342408 -0.143252      1.000000   -0.257616              -0.205146
total_cost               0.994656  0.747565  0.606294     -0.257616    1.000000               0.621345
total_cost_per_person    0.625110  0.418913 -0.199857     -0.205146    0.621345               1.000000
2026-06-07 18:30:54 | INFO | EDA-NBA | ---------Visualize Correlation Matrix as a Heatmap---------------
2026-06-07 18:30:55 | INFO | EDA-NBA | Saved correlation heatmap to: ..\docs\images\heatmap.png
2026-06-07 18:30:55 | INFO | EDA-NBA | ---- Creating Scatter Plot to see Relationships ------
2026-06-07 18:30:55 | INFO | EDA-NBA | ----   Use clean dataframe ---------------------------
2026-06-07 18:30:55 | INFO | EDA-NBA | ----   Set the hue (color mapping) to the group column --
2026-06-07 18:30:55 | INFO | EDA-NBA | Creating scatter plot with hue set to: sex
2026-06-07 18:30:56 | INFO | EDA-NBA | Saved scatter plot to: ..\docs\images\scatter_tips_total_bill_by_sex.png
2026-06-07 18:30:56 | INFO | EDA-NBA | Creating scatter plot with hue set to: smoker
2026-06-07 18:30:56 | INFO | EDA-NBA | Saved scatter plot to: ..\docs\images\scatter_tips_total_bill_by_smoker.png
2026-06-07 18:30:56 | INFO | EDA-NBA | Creating scatter plot with hue set to: day
2026-06-07 18:30:56 | INFO | EDA-NBA | Saved scatter plot to: ..\docs\images\scatter_tips_total_bill_by_day.png
2026-06-07 18:30:56 | INFO | EDA-NBA | Creating scatter plot with hue set to: time
2026-06-07 18:30:56 | INFO | EDA-NBA | Saved scatter plot to: ..\docs\images\scatter_tips_total_bill_by_time.png
2026-06-07 18:33:20 | INFO | EDA-NBA | === RUN START ===
2026-06-07 18:33:20 | INFO | EDA-NBA | project=EDA-NBA
2026-06-07 18:33:20 | INFO | EDA-NBA | repo_dir=datafun-04-notebooks
2026-06-07 18:33:20 | INFO | EDA-NBA | python=3.14.0
2026-06-07 18:33:20 | INFO | EDA-NBA | os=Windows 11
2026-06-07 18:33:20 | INFO | EDA-NBA | shell=powershell
2026-06-07 18:33:20 | INFO | EDA-NBA | cwd=notebooks
2026-06-07 18:33:20 | INFO | EDA-NBA | github_actions=False
2026-06-07 18:33:20 | INFO | EDA-NBA | Chose dataset: tips
2026-06-07 18:33:20 | INFO | EDA-NBA | Imports complete.
2026-06-07 18:33:20 | INFO | EDA-NBA | Quickly Summarize Dataset To Confirm Suitability
2026-06-07 18:33:20 | INFO | EDA-NBA | Loading dataset: tips
2026-06-07 18:33:20 | INFO | EDA-NBA | Loaded: 244 rows, 7 columns
2026-06-07 18:33:20 | INFO | EDA-NBA | Adjusting for inflation using factor: 1.0
2026-06-07 18:33:20 | INFO | EDA-NBA | Previewing first few rows of the dataset
2026-06-07 18:33:20 | INFO | EDA-NBA | Column names
2026-06-07 18:33:20 | INFO | EDA-NBA | Data types and non-null counts
2026-06-07 18:33:20 | INFO | EDA-NBA | Dataset shape: 244 rows, 7 columns
2026-06-07 18:33:20 | INFO | EDA-NBA | Building starter data dictionary
2026-06-07 18:33:20 | DEBUG | EDA-NBA | 
       column     dtype  missing_count  missing_pct
0  total_bill   float64              0          0.0
1         tip   float64              0          0.0
2         sex  category              0          0.0
3      smoker  category              0          0.0
4         day  category              0          0.0
5        time  category              0          0.0
6        size     int64              0          0.0
2026-06-07 18:33:20 | INFO | EDA-NBA | Duplicate rows detected: 1
2026-06-07 18:33:20 | INFO | EDA-NBA | Call describe() for numeric columns
2026-06-07 18:33:20 | DEBUG | EDA-NBA | 
       total_bill         tip        size
count  244.000000  244.000000  244.000000
mean    19.785943    2.998279    2.569672
std      8.902412    1.383638    0.951100
min      3.070000    1.000000    1.000000
25%     13.347500    2.000000    2.000000
50%     17.795000    2.900000    2.000000
75%     24.127500    3.562500    3.000000
max     50.810000   10.000000    6.000000

2026-06-07 18:33:20 | INFO | EDA-NBA | After dropping duplicates: 243 rows, 7 columns
2026-06-07 18:33:20 | INFO | EDA-NBA | Duplicate rows dropped: 1
2026-06-07 18:33:20 | INFO | EDA-NBA | Added new column: percent_tips = tip / total_bill * 100
2026-06-07 18:33:20 | INFO | EDA-NBA | Added new column: total_cost = total_bill + tip
2026-06-07 18:33:20 | INFO | EDA-NBA | Added new column: total_cost_per_person = total_cost / size
2026-06-07 18:33:20 | INFO | EDA-NBA | Computing overall descriptive statistics
2026-06-07 18:33:20 | INFO | EDA-NBA | Overall descriptive statistics:
                       count       mean       std       min        25%        50%        75%        max
total_bill             243.0  19.813868  8.910071  3.070000  13.380000  17.810000  24.175000  50.810000
tip                    243.0   3.002387  1.385002  1.000000   2.000000   2.920000   3.575000  10.000000
size                   243.0   2.572016  0.952356  1.000000   2.000000   2.000000   3.000000   6.000000
percent_tips           243.0  16.083121  6.119662  3.563814  12.883281  15.521855  19.174638  71.034483
total_cost             243.0  22.816255  9.897837  4.070000  15.640000  20.620000  27.785000  60.810000
total_cost_per_person  243.0   9.107580  3.210674  3.375000   6.746667   8.465000  10.720833  21.775000
2026-06-07 18:33:21 | INFO | EDA-NBA | Computing correlation matrix for numeric columns
2026-06-07 18:33:21 | INFO | EDA-NBA | 
Correlation matrix:
2026-06-07 18:33:21 | DEBUG | EDA-NBA | 
                       total_bill       tip      size  percent_tips  total_cost  total_cost_per_person
total_bill               1.000000  0.674998  0.597589     -0.339400    0.994656               0.625110
tip                      0.674998  1.000000  0.488400      0.342408    0.747565               0.418913
size                     0.597589  0.488400  1.000000     -0.143252    0.606294              -0.199857
percent_tips            -0.339400  0.342408 -0.143252      1.000000   -0.257616              -0.205146
total_cost               0.994656  0.747565  0.606294     -0.257616    1.000000               0.621345
total_cost_per_person    0.625110  0.418913 -0.199857     -0.205146    0.621345               1.000000
2026-06-07 18:33:21 | INFO | EDA-NBA | ---------Visualize Correlation Matrix as a Heatmap---------------
2026-06-07 18:33:21 | INFO | EDA-NBA | Saved correlation heatmap to: ..\docs\images\inflation_NOT_considered\heatmap.png
2026-06-07 18:33:21 | INFO | EDA-NBA | ---- Creating Scatter Plot to see Relationships ------
2026-06-07 18:33:21 | INFO | EDA-NBA | ----   Use clean dataframe ---------------------------
2026-06-07 18:33:21 | INFO | EDA-NBA | ----   Set the hue (color mapping) to the group column --
2026-06-07 18:33:22 | INFO | EDA-NBA | Creating scatter plot with hue set to: sex
2026-06-07 18:33:22 | INFO | EDA-NBA | Saved scatter plot to: ..\docs\images\inflation_NOT_considered\scatter_tips_total_bill_by_sex.png
2026-06-07 18:33:22 | INFO | EDA-NBA | Creating scatter plot with hue set to: smoker
2026-06-07 18:33:23 | INFO | EDA-NBA | Saved scatter plot to: ..\docs\images\inflation_NOT_considered\scatter_tips_total_bill_by_smoker.png
2026-06-07 18:33:23 | INFO | EDA-NBA | Creating scatter plot with hue set to: day
2026-06-07 18:33:23 | INFO | EDA-NBA | Saved scatter plot to: ..\docs\images\inflation_NOT_considered\scatter_tips_total_bill_by_day.png
2026-06-07 18:33:23 | INFO | EDA-NBA | Creating scatter plot with hue set to: time
2026-06-07 18:33:23 | INFO | EDA-NBA | Saved scatter plot to: ..\docs\images\inflation_NOT_considered\scatter_tips_total_bill_by_time.png
2026-06-07 18:34:30 | INFO | EDA-NBA | === RUN START ===
2026-06-07 18:34:30 | INFO | EDA-NBA | project=EDA-NBA
2026-06-07 18:34:30 | INFO | EDA-NBA | repo_dir=datafun-04-notebooks
2026-06-07 18:34:30 | INFO | EDA-NBA | python=3.14.0
2026-06-07 18:34:30 | INFO | EDA-NBA | os=Windows 11
2026-06-07 18:34:30 | INFO | EDA-NBA | shell=powershell
2026-06-07 18:34:30 | INFO | EDA-NBA | cwd=notebooks
2026-06-07 18:34:30 | INFO | EDA-NBA | github_actions=False
2026-06-07 18:34:30 | INFO | EDA-NBA | Chose dataset: tips
2026-06-07 18:34:30 | INFO | EDA-NBA | Imports complete.
2026-06-07 18:34:30 | INFO | EDA-NBA | Quickly Summarize Dataset To Confirm Suitability
2026-06-07 18:34:30 | INFO | EDA-NBA | Loading dataset: tips
2026-06-07 18:34:30 | INFO | EDA-NBA | Loaded: 244 rows, 7 columns
2026-06-07 18:34:30 | INFO | EDA-NBA | Adjusting for inflation using factor: 2.55
2026-06-07 18:34:30 | INFO | EDA-NBA | Previewing first few rows of the dataset
2026-06-07 18:34:30 | INFO | EDA-NBA | Column names
2026-06-07 18:34:30 | INFO | EDA-NBA | Data types and non-null counts
2026-06-07 18:34:30 | INFO | EDA-NBA | Dataset shape: 244 rows, 7 columns
2026-06-07 18:34:30 | INFO | EDA-NBA | Building starter data dictionary
2026-06-07 18:34:30 | DEBUG | EDA-NBA | 
       column     dtype  missing_count  missing_pct
0  total_bill   float64              0          0.0
1         tip   float64              0          0.0
2         sex  category              0          0.0
3      smoker  category              0          0.0
4         day  category              0          0.0
5        time  category              0          0.0
6        size     int64              0          0.0
2026-06-07 18:34:30 | INFO | EDA-NBA | Duplicate rows detected: 1
2026-06-07 18:34:30 | INFO | EDA-NBA | Call describe() for numeric columns
2026-06-07 18:34:30 | DEBUG | EDA-NBA | 
       total_bill         tip        size
count  244.000000  244.000000  244.000000
mean    50.454154    7.645611    2.569672
std     22.701150    3.528277    0.951100
min      7.828500    2.550000    1.000000
25%     34.036125    5.100000    2.000000
50%     45.377250    7.395000    2.000000
75%     61.525125    9.084375    3.000000
max    129.565500   25.500000    6.000000

2026-06-07 18:34:30 | INFO | EDA-NBA | After dropping duplicates: 243 rows, 7 columns
2026-06-07 18:34:30 | INFO | EDA-NBA | Duplicate rows dropped: 1
2026-06-07 18:34:30 | INFO | EDA-NBA | Added new column: percent_tips = tip / total_bill * 100
2026-06-07 18:34:30 | INFO | EDA-NBA | Added new column: total_cost = total_bill + tip
2026-06-07 18:34:30 | INFO | EDA-NBA | Added new column: total_cost_per_person = total_cost / size
2026-06-07 18:34:30 | INFO | EDA-NBA | Computing overall descriptive statistics
2026-06-07 18:34:30 | INFO | EDA-NBA | Overall descriptive statistics:
                       count       mean        std        min        25%        50%        75%         max
total_bill             243.0  50.525364  22.720681   7.828500  34.119000  45.415500  61.646250  129.565500
tip                    243.0   7.656086   3.531755   2.550000   5.100000   7.446000   9.116250   25.500000
size                   243.0   2.572016   0.952356   1.000000   2.000000   2.000000   3.000000    6.000000
percent_tips           243.0  16.083121   6.119662   3.563814  12.883281  15.521855  19.174638   71.034483
total_cost             243.0  58.181451  25.239483  10.378500  39.882000  52.581000  70.851750  155.065500
total_cost_per_person  243.0  23.224328   8.187220   8.606250  17.204000  21.585750  27.338125   55.526250
2026-06-07 18:34:30 | INFO | EDA-NBA | Computing correlation matrix for numeric columns
2026-06-07 18:34:30 | INFO | EDA-NBA | 
Correlation matrix:
2026-06-07 18:34:30 | DEBUG | EDA-NBA | 
                       total_bill       tip      size  percent_tips  total_cost  total_cost_per_person
total_bill               1.000000  0.674998  0.597589     -0.339400    0.994656               0.625110
tip                      0.674998  1.000000  0.488400      0.342408    0.747565               0.418913
size                     0.597589  0.488400  1.000000     -0.143252    0.606294              -0.199857
percent_tips            -0.339400  0.342408 -0.143252      1.000000   -0.257616              -0.205146
total_cost               0.994656  0.747565  0.606294     -0.257616    1.000000               0.621345
total_cost_per_person    0.625110  0.418913 -0.199857     -0.205146    0.621345               1.000000
2026-06-07 18:34:30 | INFO | EDA-NBA | ---------Visualize Correlation Matrix as a Heatmap---------------
2026-06-07 18:34:31 | INFO | EDA-NBA | Saved correlation heatmap to: ..\docs\images\inflation_considered\heatmap.png
2026-06-07 18:34:31 | INFO | EDA-NBA | ---- Creating Scatter Plot to see Relationships ------
2026-06-07 18:34:31 | INFO | EDA-NBA | ----   Use clean dataframe ---------------------------
2026-06-07 18:34:31 | INFO | EDA-NBA | ----   Set the hue (color mapping) to the group column --
2026-06-07 18:34:31 | INFO | EDA-NBA | Creating scatter plot with hue set to: sex
2026-06-07 18:34:32 | INFO | EDA-NBA | Saved scatter plot to: ..\docs\images\inflation_considered\scatter_tips_total_bill_by_sex.png
2026-06-07 18:34:32 | INFO | EDA-NBA | Creating scatter plot with hue set to: smoker
2026-06-07 18:34:32 | INFO | EDA-NBA | Saved scatter plot to: ..\docs\images\inflation_considered\scatter_tips_total_bill_by_smoker.png
2026-06-07 18:34:32 | INFO | EDA-NBA | Creating scatter plot with hue set to: day
2026-06-07 18:34:32 | INFO | EDA-NBA | Saved scatter plot to: ..\docs\images\inflation_considered\scatter_tips_total_bill_by_day.png
2026-06-07 18:34:33 | INFO | EDA-NBA | Creating scatter plot with hue set to: time
2026-06-07 18:34:33 | INFO | EDA-NBA | Saved scatter plot to: ..\docs\images\inflation_considered\scatter_tips_total_bill_by_time.png
2026-06-07 18:34:33 | INFO | EDA-NBA | Values were adjusted for inflation and will affect the distribution. Consider this when interpreting the box plot.
2026-06-07 18:34:34 | INFO | EDA-NBA | Values were adjusted for inflation and will affect the distribution. Consider this when interpreting the box plot.
2026-06-07 18:36:41 | INFO | EDA-NBA | === RUN START ===
2026-06-07 18:36:41 | INFO | EDA-NBA | project=EDA-NBA
2026-06-07 18:36:41 | INFO | EDA-NBA | repo_dir=datafun-04-notebooks
2026-06-07 18:36:41 | INFO | EDA-NBA | python=3.14.0
2026-06-07 18:36:41 | INFO | EDA-NBA | os=Windows 11
2026-06-07 18:36:41 | INFO | EDA-NBA | shell=powershell
2026-06-07 18:36:41 | INFO | EDA-NBA | cwd=notebooks
2026-06-07 18:36:41 | INFO | EDA-NBA | github_actions=False
2026-06-07 18:36:41 | INFO | EDA-NBA | Chose dataset: tips
2026-06-07 18:36:41 | INFO | EDA-NBA | Imports complete.
2026-06-07 18:36:41 | INFO | EDA-NBA | Quickly Summarize Dataset To Confirm Suitability
2026-06-07 18:36:41 | INFO | EDA-NBA | Loading dataset: tips
2026-06-07 18:36:41 | INFO | EDA-NBA | Loaded: 244 rows, 7 columns
2026-06-07 18:36:41 | INFO | EDA-NBA | Adjusting for inflation using factor: 2.55
2026-06-07 18:36:41 | INFO | EDA-NBA | Previewing first few rows of the dataset
2026-06-07 18:36:41 | INFO | EDA-NBA | Column names
2026-06-07 18:36:41 | INFO | EDA-NBA | Data types and non-null counts
2026-06-07 18:36:41 | INFO | EDA-NBA | Dataset shape: 244 rows, 7 columns
2026-06-07 18:36:41 | INFO | EDA-NBA | Building starter data dictionary
2026-06-07 18:36:41 | DEBUG | EDA-NBA | 
       column     dtype  missing_count  missing_pct
0  total_bill   float64              0          0.0
1         tip   float64              0          0.0
2         sex  category              0          0.0
3      smoker  category              0          0.0
4         day  category              0          0.0
5        time  category              0          0.0
6        size     int64              0          0.0
2026-06-07 18:36:41 | INFO | EDA-NBA | Duplicate rows detected: 1
2026-06-07 18:36:41 | INFO | EDA-NBA | Call describe() for numeric columns
2026-06-07 18:36:41 | DEBUG | EDA-NBA | 
       total_bill         tip        size
count  244.000000  244.000000  244.000000
mean    50.454154    7.645611    2.569672
std     22.701150    3.528277    0.951100
min      7.828500    2.550000    1.000000
25%     34.036125    5.100000    2.000000
50%     45.377250    7.395000    2.000000
75%     61.525125    9.084375    3.000000
max    129.565500   25.500000    6.000000

2026-06-07 18:36:41 | INFO | EDA-NBA | After dropping duplicates: 243 rows, 7 columns
2026-06-07 18:36:41 | INFO | EDA-NBA | Duplicate rows dropped: 1
2026-06-07 18:36:41 | INFO | EDA-NBA | Added new column: percent_tips = tip / total_bill * 100
2026-06-07 18:36:41 | INFO | EDA-NBA | Added new column: total_cost = total_bill + tip
2026-06-07 18:36:41 | INFO | EDA-NBA | Added new column: total_cost_per_person = total_cost / size
2026-06-07 18:36:41 | INFO | EDA-NBA | Computing overall descriptive statistics
2026-06-07 18:36:41 | INFO | EDA-NBA | Overall descriptive statistics:
                       count       mean        std        min        25%        50%        75%         max
total_bill             243.0  50.525364  22.720681   7.828500  34.119000  45.415500  61.646250  129.565500
tip                    243.0   7.656086   3.531755   2.550000   5.100000   7.446000   9.116250   25.500000
size                   243.0   2.572016   0.952356   1.000000   2.000000   2.000000   3.000000    6.000000
percent_tips           243.0  16.083121   6.119662   3.563814  12.883281  15.521855  19.174638   71.034483
total_cost             243.0  58.181451  25.239483  10.378500  39.882000  52.581000  70.851750  155.065500
total_cost_per_person  243.0  23.224328   8.187220   8.606250  17.204000  21.585750  27.338125   55.526250
2026-06-07 18:36:41 | INFO | EDA-NBA | Computing correlation matrix for numeric columns
2026-06-07 18:36:41 | INFO | EDA-NBA | 
Correlation matrix:
2026-06-07 18:36:41 | DEBUG | EDA-NBA | 
                       total_bill       tip      size  percent_tips  total_cost  total_cost_per_person
total_bill               1.000000  0.674998  0.597589     -0.339400    0.994656               0.625110
tip                      0.674998  1.000000  0.488400      0.342408    0.747565               0.418913
size                     0.597589  0.488400  1.000000     -0.143252    0.606294              -0.199857
percent_tips            -0.339400  0.342408 -0.143252      1.000000   -0.257616              -0.205146
total_cost               0.994656  0.747565  0.606294     -0.257616    1.000000               0.621345
total_cost_per_person    0.625110  0.418913 -0.199857     -0.205146    0.621345               1.000000
2026-06-07 18:36:41 | INFO | EDA-NBA | ---------Visualize Correlation Matrix as a Heatmap---------------
2026-06-07 18:36:42 | INFO | EDA-NBA | Saved correlation heatmap to: ..\docs\images\inflation_considered\heatmap.png
2026-06-07 18:36:42 | INFO | EDA-NBA | ---- Creating Scatter Plot to see Relationships ------
2026-06-07 18:36:42 | INFO | EDA-NBA | ----   Use clean dataframe ---------------------------
2026-06-07 18:36:42 | INFO | EDA-NBA | ----   Set the hue (color mapping) to the group column --
2026-06-07 18:36:43 | INFO | EDA-NBA | Creating scatter plot with hue set to: sex
2026-06-07 18:36:43 | INFO | EDA-NBA | Saved scatter plot to: ..\docs\images\inflation_considered\scatter_tips_total_bill_by_sex.png
2026-06-07 18:36:43 | INFO | EDA-NBA | Creating scatter plot with hue set to: smoker
2026-06-07 18:36:44 | INFO | EDA-NBA | Saved scatter plot to: ..\docs\images\inflation_considered\scatter_tips_total_bill_by_smoker.png
2026-06-07 18:36:44 | INFO | EDA-NBA | Creating scatter plot with hue set to: day
2026-06-07 18:36:44 | INFO | EDA-NBA | Saved scatter plot to: ..\docs\images\inflation_considered\scatter_tips_total_bill_by_day.png
2026-06-07 18:36:44 | INFO | EDA-NBA | Creating scatter plot with hue set to: time
2026-06-07 18:36:45 | INFO | EDA-NBA | Saved scatter plot to: ..\docs\images\inflation_considered\scatter_tips_total_bill_by_time.png
2026-06-07 18:36:45 | INFO | EDA-NBA | Values were adjusted for inflation and will affect the distribution. Consider this when interpreting the box plot.
2026-06-07 18:36:46 | INFO | EDA-NBA | Values were adjusted for inflation and will affect the distribution. Consider this when interpreting the box plot.
2026-06-07 18:37:22 | INFO | EDA-NBA | === RUN START ===
2026-06-07 18:37:22 | INFO | EDA-NBA | project=EDA-NBA
2026-06-07 18:37:22 | INFO | EDA-NBA | repo_dir=datafun-04-notebooks
2026-06-07 18:37:22 | INFO | EDA-NBA | python=3.14.0
2026-06-07 18:37:22 | INFO | EDA-NBA | os=Windows 11
2026-06-07 18:37:22 | INFO | EDA-NBA | shell=powershell
2026-06-07 18:37:22 | INFO | EDA-NBA | cwd=notebooks
2026-06-07 18:37:22 | INFO | EDA-NBA | github_actions=False
2026-06-07 18:37:22 | INFO | EDA-NBA | Chose dataset: tips
2026-06-07 18:37:22 | INFO | EDA-NBA | Imports complete.
2026-06-07 18:37:22 | INFO | EDA-NBA | Quickly Summarize Dataset To Confirm Suitability
2026-06-07 18:37:22 | INFO | EDA-NBA | Loading dataset: tips
2026-06-07 18:37:22 | INFO | EDA-NBA | Loaded: 244 rows, 7 columns
2026-06-07 18:37:22 | INFO | EDA-NBA | Adjusting for inflation using factor: 1.0
2026-06-07 18:37:22 | INFO | EDA-NBA | Previewing first few rows of the dataset
2026-06-07 18:37:22 | INFO | EDA-NBA | Column names
2026-06-07 18:37:22 | INFO | EDA-NBA | Data types and non-null counts
2026-06-07 18:37:23 | INFO | EDA-NBA | Dataset shape: 244 rows, 7 columns
2026-06-07 18:37:23 | INFO | EDA-NBA | Building starter data dictionary
2026-06-07 18:37:23 | DEBUG | EDA-NBA | 
       column     dtype  missing_count  missing_pct
0  total_bill   float64              0          0.0
1         tip   float64              0          0.0
2         sex  category              0          0.0
3      smoker  category              0          0.0
4         day  category              0          0.0
5        time  category              0          0.0
6        size     int64              0          0.0
2026-06-07 18:37:23 | INFO | EDA-NBA | Duplicate rows detected: 1
2026-06-07 18:37:23 | INFO | EDA-NBA | Call describe() for numeric columns
2026-06-07 18:37:23 | DEBUG | EDA-NBA | 
       total_bill         tip        size
count  244.000000  244.000000  244.000000
mean    19.785943    2.998279    2.569672
std      8.902412    1.383638    0.951100
min      3.070000    1.000000    1.000000
25%     13.347500    2.000000    2.000000
50%     17.795000    2.900000    2.000000
75%     24.127500    3.562500    3.000000
max     50.810000   10.000000    6.000000

2026-06-07 18:37:23 | INFO | EDA-NBA | After dropping duplicates: 243 rows, 7 columns
2026-06-07 18:37:23 | INFO | EDA-NBA | Duplicate rows dropped: 1
2026-06-07 18:37:23 | INFO | EDA-NBA | Added new column: percent_tips = tip / total_bill * 100
2026-06-07 18:37:23 | INFO | EDA-NBA | Added new column: total_cost = total_bill + tip
2026-06-07 18:37:23 | INFO | EDA-NBA | Added new column: total_cost_per_person = total_cost / size
2026-06-07 18:37:23 | INFO | EDA-NBA | Computing overall descriptive statistics
2026-06-07 18:37:23 | INFO | EDA-NBA | Overall descriptive statistics:
                       count       mean       std       min        25%        50%        75%        max
total_bill             243.0  19.813868  8.910071  3.070000  13.380000  17.810000  24.175000  50.810000
tip                    243.0   3.002387  1.385002  1.000000   2.000000   2.920000   3.575000  10.000000
size                   243.0   2.572016  0.952356  1.000000   2.000000   2.000000   3.000000   6.000000
percent_tips           243.0  16.083121  6.119662  3.563814  12.883281  15.521855  19.174638  71.034483
total_cost             243.0  22.816255  9.897837  4.070000  15.640000  20.620000  27.785000  60.810000
total_cost_per_person  243.0   9.107580  3.210674  3.375000   6.746667   8.465000  10.720833  21.775000
2026-06-07 18:37:23 | INFO | EDA-NBA | Computing correlation matrix for numeric columns
2026-06-07 18:37:23 | INFO | EDA-NBA | 
Correlation matrix:
2026-06-07 18:37:23 | DEBUG | EDA-NBA | 
                       total_bill       tip      size  percent_tips  total_cost  total_cost_per_person
total_bill               1.000000  0.674998  0.597589     -0.339400    0.994656               0.625110
tip                      0.674998  1.000000  0.488400      0.342408    0.747565               0.418913
size                     0.597589  0.488400  1.000000     -0.143252    0.606294              -0.199857
percent_tips            -0.339400  0.342408 -0.143252      1.000000   -0.257616              -0.205146
total_cost               0.994656  0.747565  0.606294     -0.257616    1.000000               0.621345
total_cost_per_person    0.625110  0.418913 -0.199857     -0.205146    0.621345               1.000000
2026-06-07 18:37:23 | INFO | EDA-NBA | ---------Visualize Correlation Matrix as a Heatmap---------------
2026-06-07 18:37:23 | INFO | EDA-NBA | Saved correlation heatmap to: ..\docs\images\inflation_NOT_considered\heatmap.png
2026-06-07 18:37:24 | INFO | EDA-NBA | ---- Creating Scatter Plot to see Relationships ------
2026-06-07 18:37:24 | INFO | EDA-NBA | ----   Use clean dataframe ---------------------------
2026-06-07 18:37:24 | INFO | EDA-NBA | ----   Set the hue (color mapping) to the group column --
2026-06-07 18:37:24 | INFO | EDA-NBA | Creating scatter plot with hue set to: sex
2026-06-07 18:37:24 | INFO | EDA-NBA | Saved scatter plot to: ..\docs\images\inflation_NOT_considered\scatter_tips_total_bill_by_sex.png
2026-06-07 18:37:25 | INFO | EDA-NBA | Creating scatter plot with hue set to: smoker
2026-06-07 18:37:25 | INFO | EDA-NBA | Saved scatter plot to: ..\docs\images\inflation_NOT_considered\scatter_tips_total_bill_by_smoker.png
2026-06-07 18:37:25 | INFO | EDA-NBA | Creating scatter plot with hue set to: day
2026-06-07 18:37:25 | INFO | EDA-NBA | Saved scatter plot to: ..\docs\images\inflation_NOT_considered\scatter_tips_total_bill_by_day.png
2026-06-07 18:37:25 | INFO | EDA-NBA | Creating scatter plot with hue set to: time
2026-06-07 18:37:25 | INFO | EDA-NBA | Saved scatter plot to: ..\docs\images\inflation_NOT_considered\scatter_tips_total_bill_by_time.png
2026-06-07 18:43:10 | INFO | EDA-NBA | === RUN START ===
2026-06-07 18:43:10 | INFO | EDA-NBA | project=EDA-NBA
2026-06-07 18:43:10 | INFO | EDA-NBA | repo_dir=datafun-04-notebooks
2026-06-07 18:43:10 | INFO | EDA-NBA | python=3.14.0
2026-06-07 18:43:10 | INFO | EDA-NBA | os=Windows 11
2026-06-07 18:43:10 | INFO | EDA-NBA | shell=powershell
2026-06-07 18:43:10 | INFO | EDA-NBA | cwd=notebooks
2026-06-07 18:43:10 | INFO | EDA-NBA | github_actions=False
2026-06-07 18:43:10 | INFO | EDA-NBA | Scaling is ON. Adjusting for inflation.
2026-06-07 18:43:10 | INFO | EDA-NBA | Chose dataset: tips
2026-06-07 18:43:10 | INFO | EDA-NBA | Imports complete.
2026-06-07 18:43:10 | INFO | EDA-NBA | Quickly Summarize Dataset To Confirm Suitability
2026-06-07 18:43:10 | INFO | EDA-NBA | Loading dataset: tips
2026-06-07 18:43:10 | INFO | EDA-NBA | Loaded: 244 rows, 7 columns
2026-06-07 18:43:10 | INFO | EDA-NBA | Adjusting for inflation using factor: 2.55
2026-06-07 18:43:10 | INFO | EDA-NBA | Previewing first few rows of the dataset
2026-06-07 18:43:10 | INFO | EDA-NBA | Column names
2026-06-07 18:43:10 | INFO | EDA-NBA | Data types and non-null counts
2026-06-07 18:43:10 | INFO | EDA-NBA | Dataset shape: 244 rows, 7 columns
2026-06-07 18:43:10 | INFO | EDA-NBA | Building starter data dictionary
2026-06-07 18:43:10 | DEBUG | EDA-NBA | 
       column     dtype  missing_count  missing_pct
0  total_bill   float64              0          0.0
1         tip   float64              0          0.0
2         sex  category              0          0.0
3      smoker  category              0          0.0
4         day  category              0          0.0
5        time  category              0          0.0
6        size     int64              0          0.0
2026-06-07 18:43:10 | INFO | EDA-NBA | Duplicate rows detected: 1
2026-06-07 18:43:10 | INFO | EDA-NBA | Call describe() for numeric columns
2026-06-07 18:43:10 | DEBUG | EDA-NBA | 
       total_bill         tip        size
count  244.000000  244.000000  244.000000
mean    50.454154    7.645611    2.569672
std     22.701150    3.528277    0.951100
min      7.828500    2.550000    1.000000
25%     34.036125    5.100000    2.000000
50%     45.377250    7.395000    2.000000
75%     61.525125    9.084375    3.000000
max    129.565500   25.500000    6.000000

2026-06-07 18:43:10 | INFO | EDA-NBA | After dropping duplicates: 243 rows, 7 columns
2026-06-07 18:43:10 | INFO | EDA-NBA | Duplicate rows dropped: 1
2026-06-07 18:43:10 | INFO | EDA-NBA | Added new column: percent_tips = tip / total_bill * 100
2026-06-07 18:43:10 | INFO | EDA-NBA | Added new column: total_cost = total_bill + tip
2026-06-07 18:43:10 | INFO | EDA-NBA | Added new column: total_cost_per_person = total_cost / size
2026-06-07 18:43:10 | INFO | EDA-NBA | Computing overall descriptive statistics
2026-06-07 18:43:10 | INFO | EDA-NBA | Overall descriptive statistics:
                       count       mean        std        min        25%        50%        75%         max
total_bill             243.0  50.525364  22.720681   7.828500  34.119000  45.415500  61.646250  129.565500
tip                    243.0   7.656086   3.531755   2.550000   5.100000   7.446000   9.116250   25.500000
size                   243.0   2.572016   0.952356   1.000000   2.000000   2.000000   3.000000    6.000000
percent_tips           243.0  16.083121   6.119662   3.563814  12.883281  15.521855  19.174638   71.034483
total_cost             243.0  58.181451  25.239483  10.378500  39.882000  52.581000  70.851750  155.065500
total_cost_per_person  243.0  23.224328   8.187220   8.606250  17.204000  21.585750  27.338125   55.526250
2026-06-07 18:43:10 | INFO | EDA-NBA | Computing correlation matrix for numeric columns
2026-06-07 18:43:10 | INFO | EDA-NBA | 
Correlation matrix:
2026-06-07 18:43:10 | DEBUG | EDA-NBA | 
                       total_bill       tip      size  percent_tips  total_cost  total_cost_per_person
total_bill               1.000000  0.674998  0.597589     -0.339400    0.994656               0.625110
tip                      0.674998  1.000000  0.488400      0.342408    0.747565               0.418913
size                     0.597589  0.488400  1.000000     -0.143252    0.606294              -0.199857
percent_tips            -0.339400  0.342408 -0.143252      1.000000   -0.257616              -0.205146
total_cost               0.994656  0.747565  0.606294     -0.257616    1.000000               0.621345
total_cost_per_person    0.625110  0.418913 -0.199857     -0.205146    0.621345               1.000000
2026-06-07 18:43:10 | INFO | EDA-NBA | ---------Visualize Correlation Matrix as a Heatmap---------------
2026-06-07 18:43:11 | INFO | EDA-NBA | Saved correlation heatmap to: ..\docs\images\inflation_considered\heatmap.png
2026-06-07 18:43:11 | INFO | EDA-NBA | ---- Creating Scatter Plot to see Relationships ------
2026-06-07 18:43:11 | INFO | EDA-NBA | ----   Use clean dataframe ---------------------------
2026-06-07 18:43:11 | INFO | EDA-NBA | ----   Set the hue (color mapping) to the group column --
2026-06-07 18:43:11 | INFO | EDA-NBA | Creating scatter plot with hue set to: sex
2026-06-07 18:43:11 | INFO | EDA-NBA | Saved scatter plot to: ..\docs\images\inflation_considered\scatter_tips_total_bill_by_sex.png
2026-06-07 18:43:12 | INFO | EDA-NBA | Creating scatter plot with hue set to: smoker
2026-06-07 18:43:12 | INFO | EDA-NBA | Saved scatter plot to: ..\docs\images\inflation_considered\scatter_tips_total_bill_by_smoker.png
2026-06-07 18:43:12 | INFO | EDA-NBA | Creating scatter plot with hue set to: day
2026-06-07 18:43:12 | INFO | EDA-NBA | Saved scatter plot to: ..\docs\images\inflation_considered\scatter_tips_total_bill_by_day.png
2026-06-07 18:43:12 | INFO | EDA-NBA | Creating scatter plot with hue set to: time
2026-06-07 18:43:12 | INFO | EDA-NBA | Saved scatter plot to: ..\docs\images\inflation_considered\scatter_tips_total_bill_by_time.png
2026-06-07 18:43:13 | INFO | EDA-NBA | Values were adjusted for inflation and will affect the distribution. Consider this when interpreting the box plot.
2026-06-07 18:43:13 | INFO | EDA-NBA | Values were adjusted for inflation and will affect the distribution. Consider this when interpreting the box plot.
2026-06-07 18:43:37 | INFO | EDA-NBA | === RUN START ===
2026-06-07 18:43:37 | INFO | EDA-NBA | project=EDA-NBA
2026-06-07 18:43:37 | INFO | EDA-NBA | repo_dir=datafun-04-notebooks
2026-06-07 18:43:37 | INFO | EDA-NBA | python=3.14.0
2026-06-07 18:43:37 | INFO | EDA-NBA | os=Windows 11
2026-06-07 18:43:37 | INFO | EDA-NBA | shell=powershell
2026-06-07 18:43:37 | INFO | EDA-NBA | cwd=notebooks
2026-06-07 18:43:37 | INFO | EDA-NBA | github_actions=False
2026-06-07 18:43:37 | INFO | EDA-NBA | Scaling is OFF. Not adjusting for inflation.
2026-06-07 18:43:37 | INFO | EDA-NBA | Chose dataset: tips
2026-06-07 18:43:37 | INFO | EDA-NBA | Imports complete.
2026-06-07 18:43:37 | INFO | EDA-NBA | Quickly Summarize Dataset To Confirm Suitability
2026-06-07 18:43:37 | INFO | EDA-NBA | Loading dataset: tips
2026-06-07 18:43:37 | INFO | EDA-NBA | Loaded: 244 rows, 7 columns
2026-06-07 18:43:37 | INFO | EDA-NBA | Adjusting for inflation using factor: 1.0
2026-06-07 18:43:37 | INFO | EDA-NBA | Previewing first few rows of the dataset
2026-06-07 18:43:37 | INFO | EDA-NBA | Column names
2026-06-07 18:43:37 | INFO | EDA-NBA | Data types and non-null counts
2026-06-07 18:43:37 | INFO | EDA-NBA | Dataset shape: 244 rows, 7 columns
2026-06-07 18:43:37 | INFO | EDA-NBA | Building starter data dictionary
2026-06-07 18:43:37 | DEBUG | EDA-NBA | 
       column     dtype  missing_count  missing_pct
0  total_bill   float64              0          0.0
1         tip   float64              0          0.0
2         sex  category              0          0.0
3      smoker  category              0          0.0
4         day  category              0          0.0
5        time  category              0          0.0
6        size     int64              0          0.0
2026-06-07 18:43:37 | INFO | EDA-NBA | Duplicate rows detected: 1
2026-06-07 18:43:37 | INFO | EDA-NBA | Call describe() for numeric columns
2026-06-07 18:43:37 | DEBUG | EDA-NBA | 
       total_bill         tip        size
count  244.000000  244.000000  244.000000
mean    19.785943    2.998279    2.569672
std      8.902412    1.383638    0.951100
min      3.070000    1.000000    1.000000
25%     13.347500    2.000000    2.000000
50%     17.795000    2.900000    2.000000
75%     24.127500    3.562500    3.000000
max     50.810000   10.000000    6.000000

2026-06-07 18:43:37 | INFO | EDA-NBA | After dropping duplicates: 243 rows, 7 columns
2026-06-07 18:43:37 | INFO | EDA-NBA | Duplicate rows dropped: 1
2026-06-07 18:43:37 | INFO | EDA-NBA | Added new column: percent_tips = tip / total_bill * 100
2026-06-07 18:43:37 | INFO | EDA-NBA | Added new column: total_cost = total_bill + tip
2026-06-07 18:43:37 | INFO | EDA-NBA | Added new column: total_cost_per_person = total_cost / size
2026-06-07 18:43:37 | INFO | EDA-NBA | Computing overall descriptive statistics
2026-06-07 18:43:37 | INFO | EDA-NBA | Overall descriptive statistics:
                       count       mean       std       min        25%        50%        75%        max
total_bill             243.0  19.813868  8.910071  3.070000  13.380000  17.810000  24.175000  50.810000
tip                    243.0   3.002387  1.385002  1.000000   2.000000   2.920000   3.575000  10.000000
size                   243.0   2.572016  0.952356  1.000000   2.000000   2.000000   3.000000   6.000000
percent_tips           243.0  16.083121  6.119662  3.563814  12.883281  15.521855  19.174638  71.034483
total_cost             243.0  22.816255  9.897837  4.070000  15.640000  20.620000  27.785000  60.810000
total_cost_per_person  243.0   9.107580  3.210674  3.375000   6.746667   8.465000  10.720833  21.775000
2026-06-07 18:43:37 | INFO | EDA-NBA | Computing correlation matrix for numeric columns
2026-06-07 18:43:37 | INFO | EDA-NBA | 
Correlation matrix:
2026-06-07 18:43:37 | DEBUG | EDA-NBA | 
                       total_bill       tip      size  percent_tips  total_cost  total_cost_per_person
total_bill               1.000000  0.674998  0.597589     -0.339400    0.994656               0.625110
tip                      0.674998  1.000000  0.488400      0.342408    0.747565               0.418913
size                     0.597589  0.488400  1.000000     -0.143252    0.606294              -0.199857
percent_tips            -0.339400  0.342408 -0.143252      1.000000   -0.257616              -0.205146
total_cost               0.994656  0.747565  0.606294     -0.257616    1.000000               0.621345
total_cost_per_person    0.625110  0.418913 -0.199857     -0.205146    0.621345               1.000000
2026-06-07 18:43:37 | INFO | EDA-NBA | ---------Visualize Correlation Matrix as a Heatmap---------------
2026-06-07 18:43:38 | INFO | EDA-NBA | Saved correlation heatmap to: ..\docs\images\inflation_NOT_considered\heatmap.png
2026-06-07 18:43:38 | INFO | EDA-NBA | ---- Creating Scatter Plot to see Relationships ------
2026-06-07 18:43:38 | INFO | EDA-NBA | ----   Use clean dataframe ---------------------------
2026-06-07 18:43:38 | INFO | EDA-NBA | ----   Set the hue (color mapping) to the group column --
2026-06-07 18:43:38 | INFO | EDA-NBA | Creating scatter plot with hue set to: sex
2026-06-07 18:43:39 | INFO | EDA-NBA | Saved scatter plot to: ..\docs\images\inflation_NOT_considered\scatter_tips_total_bill_by_sex.png
2026-06-07 18:43:39 | INFO | EDA-NBA | Creating scatter plot with hue set to: smoker
2026-06-07 18:43:39 | INFO | EDA-NBA | Saved scatter plot to: ..\docs\images\inflation_NOT_considered\scatter_tips_total_bill_by_smoker.png
2026-06-07 18:43:39 | INFO | EDA-NBA | Creating scatter plot with hue set to: day
2026-06-07 18:43:39 | INFO | EDA-NBA | Saved scatter plot to: ..\docs\images\inflation_NOT_considered\scatter_tips_total_bill_by_day.png
2026-06-07 18:43:40 | INFO | EDA-NBA | Creating scatter plot with hue set to: time
2026-06-07 18:43:40 | INFO | EDA-NBA | Saved scatter plot to: ..\docs\images\inflation_NOT_considered\scatter_tips_total_bill_by_time.png
2026-06-07 18:50:18 | INFO | EDA | Loading dataset: penguins
2026-06-07 18:50:18 | INFO | EDA | Loaded: 344 rows, 7 columns
2026-06-07 18:50:18 | INFO | EDA | Loading dataset: penguins
2026-06-07 18:50:18 | INFO | EDA | Loaded: 344 rows, 7 columns
2026-06-07 18:50:18 | INFO | EDA | Loading dataset: penguins
2026-06-07 18:50:18 | INFO | EDA | Loaded: 344 rows, 7 columns
2026-06-07 18:50:18 | INFO | EDA | Loading dataset: penguins
2026-06-07 18:50:18 | INFO | EDA | Loaded: 344 rows, 7 columns
2026-06-07 18:50:18 | INFO | EDA | Creating cleaned view for EDA (dropping rows with key missing values)
2026-06-07 18:50:18 | DEBUG | EDA | Columns required to be non-missing: ['bill_length_mm', 'bill_depth_mm', 'flipper_length_mm', 'body_mass_g', 'species']
2026-06-07 18:50:18 | INFO | EDA | Original rows: 344
2026-06-07 18:50:18 | INFO | EDA | Clean rows:    342
2026-06-07 18:50:18 | INFO | EDA | Rows dropped:  2
2026-06-07 18:50:18 | INFO | EDA | Computing correlation matrix for numeric columns
2026-06-07 18:50:18 | INFO | EDA | 
Correlation matrix:
2026-06-07 18:50:18 | DEBUG | EDA | 
                   bill_length_mm  bill_depth_mm  flipper_length_mm  body_mass_g
bill_length_mm           1.000000      -0.235053           0.656181     0.595110
bill_depth_mm           -0.235053       1.000000          -0.583851    -0.471916
flipper_length_mm        0.656181      -0.583851           1.000000     0.871202
body_mass_g              0.595110      -0.471916           0.871202     1.000000
2026-06-07 18:50:18 | INFO | EDA | ---------Visualize Correlation Matrix as a Heatmap---------------
2026-06-07 18:50:20 | INFO | EDA | 
CUSTOM: Update these notes and use Markdown cells to narrate and tell the story as you explore. For example:

Interpretation:

 - Values close to 1 (dark red) = strong positive correlation (both increase together)
 - Values close to -1 (dark blue) = strong negative correlation (one increases, other decreases)
 - Values close to 0 (white) = little or no linear relationship
 - The diagonal is always 1 (each variable correlates perfectly with itself)

From this heatmap, we can see that flipper_length_mm and body_mass_g show strong positive correlation (~0.87).

2026-06-07 18:55:57 | INFO | EDA | Loading dataset: penguins
2026-06-07 18:55:57 | INFO | EDA | Loaded: 344 rows, 7 columns
2026-06-07 18:55:57 | INFO | EDA | Loading dataset: penguins
2026-06-07 18:55:57 | INFO | EDA | Loaded: 344 rows, 7 columns
2026-06-07 18:55:57 | INFO | EDA | Loading dataset: penguins
2026-06-07 18:55:57 | INFO | EDA | Loaded: 344 rows, 7 columns
2026-06-07 18:55:57 | INFO | EDA | Loading dataset: penguins
2026-06-07 18:55:57 | INFO | EDA | Loaded: 344 rows, 7 columns
2026-06-07 18:55:57 | INFO | EDA | Creating cleaned view for EDA (dropping rows with key missing values)
2026-06-07 18:55:57 | DEBUG | EDA | Columns required to be non-missing: ['bill_length_mm', 'bill_depth_mm', 'flipper_length_mm', 'body_mass_g', 'species']
2026-06-07 18:55:57 | INFO | EDA | Original rows: 344
2026-06-07 18:55:57 | INFO | EDA | Clean rows:    342
2026-06-07 18:55:57 | INFO | EDA | Rows dropped:  2
2026-06-07 18:55:57 | INFO | EDA | Computing correlation matrix for numeric columns
2026-06-07 18:55:57 | INFO | EDA | 
Correlation matrix:
2026-06-07 18:55:57 | DEBUG | EDA | 
                   bill_length_mm  bill_depth_mm  flipper_length_mm  body_mass_g
bill_length_mm           1.000000      -0.235053           0.656181     0.595110
bill_depth_mm           -0.235053       1.000000          -0.583851    -0.471916
flipper_length_mm        0.656181      -0.583851           1.000000     0.871202
body_mass_g              0.595110      -0.471916           0.871202     1.000000
2026-06-07 18:55:57 | INFO | EDA | ---------Visualize Correlation Matrix as a Heatmap---------------
2026-06-07 18:55:58 | INFO | EDA | 
CUSTOM: Update these notes and use Markdown cells to narrate and tell the story as you explore. For example:

Interpretation:

 - Values close to 1 (dark red) = strong positive correlation (both increase together)
 - Values close to -1 (dark blue) = strong negative correlation (one increases, other decreases)
 - Values close to 0 (white) = little or no linear relationship
 - The diagonal is always 1 (each variable correlates perfectly with itself)

From this heatmap, we can see that flipper_length_mm and body_mass_g show strong positive correlation (~0.87).

2026-06-07 19:00:34 | INFO | EDA | Loading dataset: penguins
2026-06-07 19:00:34 | INFO | EDA | Loaded: 344 rows, 7 columns
2026-06-07 19:00:34 | INFO | EDA | Loading dataset: penguins
2026-06-07 19:00:34 | INFO | EDA | Loaded: 344 rows, 7 columns
2026-06-07 19:00:34 | INFO | EDA | Loading dataset: penguins
2026-06-07 19:00:34 | INFO | EDA | Loaded: 344 rows, 7 columns
2026-06-07 19:00:34 | INFO | EDA | Loading dataset: penguins
2026-06-07 19:00:34 | INFO | EDA | Loaded: 344 rows, 7 columns
2026-06-07 19:00:34 | INFO | EDA | Creating cleaned view for EDA (dropping rows with key missing values)
2026-06-07 19:00:34 | DEBUG | EDA | Columns required to be non-missing: ['bill_length_mm', 'bill_depth_mm', 'flipper_length_mm', 'body_mass_g', 'species']
2026-06-07 19:00:34 | INFO | EDA | Original rows: 344
2026-06-07 19:00:34 | INFO | EDA | Clean rows:    342
2026-06-07 19:00:34 | INFO | EDA | Rows dropped:  2
2026-06-07 19:00:34 | INFO | EDA | Computing correlation matrix for numeric columns
2026-06-07 19:00:34 | INFO | EDA | 
Correlation matrix:
2026-06-07 19:00:34 | DEBUG | EDA | 
                   bill_length_mm  bill_depth_mm  flipper_length_mm  body_mass_g
bill_length_mm           1.000000      -0.235053           0.656181     0.595110
bill_depth_mm           -0.235053       1.000000          -0.583851    -0.471916
flipper_length_mm        0.656181      -0.583851           1.000000     0.871202
body_mass_g              0.595110      -0.471916           0.871202     1.000000
2026-06-07 19:00:34 | INFO | EDA | ---------Visualize Correlation Matrix as a Heatmap---------------
2026-06-07 19:00:35 | INFO | EDA | 
CUSTOM: Update these notes and use Markdown cells to narrate and tell the story as you explore. For example:

Interpretation:

 - Values close to 1 (dark red) = strong positive correlation (both increase together)
 - Values close to -1 (dark blue) = strong negative correlation (one increases, other decreases)
 - Values close to 0 (white) = little or no linear relationship
 - The diagonal is always 1 (each variable correlates perfectly with itself)

From this heatmap, we can see that flipper_length_mm and body_mass_g show strong positive correlation (~0.87).

2026-06-07 19:05:35 | INFO | EDA-NBA | === RUN START ===
2026-06-07 19:05:35 | INFO | EDA-NBA | project=EDA-NBA
2026-06-07 19:05:35 | INFO | EDA-NBA | repo_dir=datafun-04-notebooks
2026-06-07 19:05:35 | INFO | EDA-NBA | python=3.14.0
2026-06-07 19:05:35 | INFO | EDA-NBA | os=Windows 11
2026-06-07 19:05:35 | INFO | EDA-NBA | shell=powershell
2026-06-07 19:05:35 | INFO | EDA-NBA | cwd=notebooks
2026-06-07 19:05:35 | INFO | EDA-NBA | github_actions=False
2026-06-07 19:05:35 | INFO | EDA-NBA | Scaling is OFF. Not adjusting for inflation.
2026-06-07 19:05:35 | INFO | EDA-NBA | Chose dataset: tips
2026-06-07 19:05:35 | INFO | EDA-NBA | Imports complete.
2026-06-07 19:05:35 | INFO | EDA-NBA | Quickly Summarize Dataset To Confirm Suitability
2026-06-07 19:05:35 | INFO | EDA-NBA | Loading dataset: tips
2026-06-07 19:05:35 | INFO | EDA-NBA | Loaded: 244 rows, 7 columns
2026-06-07 19:05:35 | INFO | EDA-NBA | Adjusting for inflation using factor: 1.0
2026-06-07 19:05:35 | INFO | EDA-NBA | Previewing first few rows of the dataset
2026-06-07 19:05:35 | INFO | EDA-NBA | Column names
2026-06-07 19:05:35 | INFO | EDA-NBA | Data types and non-null counts
2026-06-07 19:05:35 | INFO | EDA-NBA | Dataset shape: 244 rows, 7 columns
2026-06-07 19:05:35 | INFO | EDA-NBA | Building starter data dictionary
2026-06-07 19:05:35 | DEBUG | EDA-NBA | 
       column     dtype  missing_count  missing_pct
0  total_bill   float64              0          0.0
1         tip   float64              0          0.0
2         sex  category              0          0.0
3      smoker  category              0          0.0
4         day  category              0          0.0
5        time  category              0          0.0
6        size     int64              0          0.0
2026-06-07 19:05:35 | INFO | EDA-NBA | Duplicate rows detected: 1
2026-06-07 19:05:35 | INFO | EDA-NBA | Call describe() for numeric columns
2026-06-07 19:05:35 | DEBUG | EDA-NBA | 
       total_bill         tip        size
count  244.000000  244.000000  244.000000
mean    19.785943    2.998279    2.569672
std      8.902412    1.383638    0.951100
min      3.070000    1.000000    1.000000
25%     13.347500    2.000000    2.000000
50%     17.795000    2.900000    2.000000
75%     24.127500    3.562500    3.000000
max     50.810000   10.000000    6.000000

2026-06-07 19:05:35 | INFO | EDA-NBA | After dropping duplicates: 243 rows, 7 columns
2026-06-07 19:05:35 | INFO | EDA-NBA | Duplicate rows dropped: 1
2026-06-07 19:05:35 | INFO | EDA-NBA | Added new column: percent_tips = tip / total_bill * 100
2026-06-07 19:05:35 | INFO | EDA-NBA | Added new column: total_cost = total_bill + tip
2026-06-07 19:05:35 | INFO | EDA-NBA | Added new column: total_cost_per_person = total_cost / size
2026-06-07 19:05:35 | INFO | EDA-NBA | Computing overall descriptive statistics
2026-06-07 19:05:35 | INFO | EDA-NBA | Overall descriptive statistics:
                       count       mean       std       min        25%        50%        75%        max
total_bill             243.0  19.813868  8.910071  3.070000  13.380000  17.810000  24.175000  50.810000
tip                    243.0   3.002387  1.385002  1.000000   2.000000   2.920000   3.575000  10.000000
size                   243.0   2.572016  0.952356  1.000000   2.000000   2.000000   3.000000   6.000000
percent_tips           243.0  16.083121  6.119662  3.563814  12.883281  15.521855  19.174638  71.034483
total_cost             243.0  22.816255  9.897837  4.070000  15.640000  20.620000  27.785000  60.810000
total_cost_per_person  243.0   9.107580  3.210674  3.375000   6.746667   8.465000  10.720833  21.775000
2026-06-07 19:05:36 | INFO | EDA-NBA | Computing correlation matrix for numeric columns
2026-06-07 19:05:36 | INFO | EDA-NBA | 
Correlation matrix:
2026-06-07 19:05:36 | DEBUG | EDA-NBA | 
                       total_bill       tip      size  percent_tips  total_cost  total_cost_per_person
total_bill               1.000000  0.674998  0.597589     -0.339400    0.994656               0.625110
tip                      0.674998  1.000000  0.488400      0.342408    0.747565               0.418913
size                     0.597589  0.488400  1.000000     -0.143252    0.606294              -0.199857
percent_tips            -0.339400  0.342408 -0.143252      1.000000   -0.257616              -0.205146
total_cost               0.994656  0.747565  0.606294     -0.257616    1.000000               0.621345
total_cost_per_person    0.625110  0.418913 -0.199857     -0.205146    0.621345               1.000000
2026-06-07 19:05:36 | INFO | EDA-NBA | ---------Visualize Correlation Matrix as a Heatmap---------------
2026-06-07 19:05:36 | INFO | EDA-NBA | Saved correlation heatmap to: ..\docs\images\inflation_NOT_considered\heatmap.png
2026-06-07 19:05:36 | INFO | EDA-NBA | ---- Creating Scatter Plot to see Relationships ------
2026-06-07 19:05:36 | INFO | EDA-NBA | ----   Use clean dataframe ---------------------------
2026-06-07 19:05:36 | INFO | EDA-NBA | ----   Set the hue (color mapping) to the group column --
2026-06-07 19:05:37 | INFO | EDA-NBA | Creating scatter plot with hue set to: sex
2026-06-07 19:05:37 | INFO | EDA-NBA | Saved scatter plot to: ..\docs\images\inflation_NOT_considered\scatter_tips_total_bill_by_sex.png
2026-06-07 19:05:37 | INFO | EDA-NBA | Creating scatter plot with hue set to: smoker
2026-06-07 19:05:37 | INFO | EDA-NBA | Saved scatter plot to: ..\docs\images\inflation_NOT_considered\scatter_tips_total_bill_by_smoker.png
2026-06-07 19:05:37 | INFO | EDA-NBA | Creating scatter plot with hue set to: day
2026-06-07 19:05:38 | INFO | EDA-NBA | Saved scatter plot to: ..\docs\images\inflation_NOT_considered\scatter_tips_total_bill_by_day.png
2026-06-07 19:05:38 | INFO | EDA-NBA | Creating scatter plot with hue set to: time
2026-06-07 19:05:38 | INFO | EDA-NBA | Saved scatter plot to: ..\docs\images\inflation_NOT_considered\scatter_tips_total_bill_by_time.png
2026-06-07 19:06:47 | INFO | EDA-NBA | === RUN START ===
2026-06-07 19:06:47 | INFO | EDA-NBA | project=EDA-NBA
2026-06-07 19:06:47 | INFO | EDA-NBA | repo_dir=datafun-04-notebooks
2026-06-07 19:06:47 | INFO | EDA-NBA | python=3.14.0
2026-06-07 19:06:47 | INFO | EDA-NBA | os=Windows 11
2026-06-07 19:06:47 | INFO | EDA-NBA | shell=powershell
2026-06-07 19:06:47 | INFO | EDA-NBA | cwd=notebooks
2026-06-07 19:06:47 | INFO | EDA-NBA | github_actions=False
2026-06-07 19:06:47 | INFO | EDA-NBA | Scaling is OFF. Not adjusting for inflation.
2026-06-07 19:06:47 | INFO | EDA-NBA | Chose dataset: tips
2026-06-07 19:06:47 | INFO | EDA-NBA | Imports complete.
2026-06-07 19:06:47 | INFO | EDA-NBA | Quickly Summarize Dataset To Confirm Suitability
2026-06-07 19:06:47 | INFO | EDA-NBA | Loading dataset: tips
2026-06-07 19:06:47 | INFO | EDA-NBA | Loaded: 244 rows, 7 columns
2026-06-07 19:06:47 | INFO | EDA-NBA | Adjusting for inflation using factor: 1.0
2026-06-07 19:06:47 | INFO | EDA-NBA | Previewing first few rows of the dataset
2026-06-07 19:06:47 | INFO | EDA-NBA | Column names
2026-06-07 19:06:47 | INFO | EDA-NBA | Data types and non-null counts
2026-06-07 19:06:47 | INFO | EDA-NBA | Dataset shape: 244 rows, 7 columns
2026-06-07 19:06:47 | INFO | EDA-NBA | Building starter data dictionary
2026-06-07 19:06:47 | DEBUG | EDA-NBA | 
       column     dtype  missing_count  missing_pct
0  total_bill   float64              0          0.0
1         tip   float64              0          0.0
2         sex  category              0          0.0
3      smoker  category              0          0.0
4         day  category              0          0.0
5        time  category              0          0.0
6        size     int64              0          0.0
2026-06-07 19:06:47 | INFO | EDA-NBA | Duplicate rows detected: 1
2026-06-07 19:06:47 | INFO | EDA-NBA | Call describe() for numeric columns
2026-06-07 19:06:47 | DEBUG | EDA-NBA | 
       total_bill         tip        size
count  244.000000  244.000000  244.000000
mean    19.785943    2.998279    2.569672
std      8.902412    1.383638    0.951100
min      3.070000    1.000000    1.000000
25%     13.347500    2.000000    2.000000
50%     17.795000    2.900000    2.000000
75%     24.127500    3.562500    3.000000
max     50.810000   10.000000    6.000000

2026-06-07 19:06:47 | INFO | EDA-NBA | After dropping duplicates: 243 rows, 7 columns
2026-06-07 19:06:47 | INFO | EDA-NBA | Duplicate rows dropped: 1
2026-06-07 19:06:47 | INFO | EDA-NBA | Added new column: percent_tips = tip / total_bill * 100
2026-06-07 19:06:47 | INFO | EDA-NBA | Added new column: total_cost = total_bill + tip
2026-06-07 19:06:47 | INFO | EDA-NBA | Added new column: total_cost_per_person = total_cost / size
2026-06-07 19:06:47 | INFO | EDA-NBA | Computing overall descriptive statistics
2026-06-07 19:06:47 | INFO | EDA-NBA | Overall descriptive statistics:
                       count       mean       std       min        25%        50%        75%        max
total_bill             243.0  19.813868  8.910071  3.070000  13.380000  17.810000  24.175000  50.810000
tip                    243.0   3.002387  1.385002  1.000000   2.000000   2.920000   3.575000  10.000000
size                   243.0   2.572016  0.952356  1.000000   2.000000   2.000000   3.000000   6.000000
percent_tips           243.0  16.083121  6.119662  3.563814  12.883281  15.521855  19.174638  71.034483
total_cost             243.0  22.816255  9.897837  4.070000  15.640000  20.620000  27.785000  60.810000
total_cost_per_person  243.0   9.107580  3.210674  3.375000   6.746667   8.465000  10.720833  21.775000
2026-06-07 19:06:47 | INFO | EDA-NBA | Computing correlation matrix for numeric columns
2026-06-07 19:06:47 | INFO | EDA-NBA | 
Correlation matrix:
2026-06-07 19:06:47 | DEBUG | EDA-NBA | 
                       total_bill       tip      size  percent_tips  total_cost  total_cost_per_person
total_bill               1.000000  0.674998  0.597589     -0.339400    0.994656               0.625110
tip                      0.674998  1.000000  0.488400      0.342408    0.747565               0.418913
size                     0.597589  0.488400  1.000000     -0.143252    0.606294              -0.199857
percent_tips            -0.339400  0.342408 -0.143252      1.000000   -0.257616              -0.205146
total_cost               0.994656  0.747565  0.606294     -0.257616    1.000000               0.621345
total_cost_per_person    0.625110  0.418913 -0.199857     -0.205146    0.621345               1.000000
2026-06-07 19:06:47 | INFO | EDA-NBA | ---------Visualize Correlation Matrix as a Heatmap---------------
2026-06-07 19:06:48 | INFO | EDA-NBA | Saved correlation heatmap to: ..\docs\images\inflation_NOT_considered\heatmap.png
2026-06-07 19:06:48 | INFO | EDA-NBA | ---- Creating Scatter Plot to see Relationships ------
2026-06-07 19:06:48 | INFO | EDA-NBA | ----   Use clean dataframe ---------------------------
2026-06-07 19:06:48 | INFO | EDA-NBA | ----   Set the hue (color mapping) to the group column --
2026-06-07 19:06:49 | INFO | EDA-NBA | Creating scatter plot with hue set to: sex
2026-06-07 19:06:49 | INFO | EDA-NBA | Saved scatter plot to: ..\docs\images\inflation_NOT_considered\scatter_tips_total_bill_by_sex.png
2026-06-07 19:06:49 | INFO | EDA-NBA | Creating scatter plot with hue set to: smoker
2026-06-07 19:06:49 | INFO | EDA-NBA | Saved scatter plot to: ..\docs\images\inflation_NOT_considered\scatter_tips_total_bill_by_smoker.png
2026-06-07 19:06:49 | INFO | EDA-NBA | Creating scatter plot with hue set to: day
2026-06-07 19:06:50 | INFO | EDA-NBA | Saved scatter plot to: ..\docs\images\inflation_NOT_considered\scatter_tips_total_bill_by_day.png
2026-06-07 19:06:50 | INFO | EDA-NBA | Creating scatter plot with hue set to: time
2026-06-07 19:06:50 | INFO | EDA-NBA | Saved scatter plot to: ..\docs\images\inflation_NOT_considered\scatter_tips_total_bill_by_time.png
2026-06-07 19:07:21 | INFO | EDA | Loading dataset: penguins
2026-06-07 19:07:21 | INFO | EDA | Loaded: 344 rows, 7 columns
2026-06-07 19:07:21 | INFO | EDA | Loading dataset: penguins
2026-06-07 19:07:21 | INFO | EDA | Loaded: 344 rows, 7 columns
2026-06-07 19:07:21 | INFO | EDA | Loading dataset: penguins
2026-06-07 19:07:21 | INFO | EDA | Loaded: 344 rows, 7 columns
2026-06-07 19:07:21 | INFO | EDA | Loading dataset: penguins
2026-06-07 19:07:21 | INFO | EDA | Loaded: 344 rows, 7 columns
2026-06-07 19:07:21 | INFO | EDA | Creating cleaned view for EDA (dropping rows with key missing values)
2026-06-07 19:07:21 | DEBUG | EDA | Columns required to be non-missing: ['bill_length_mm', 'bill_depth_mm', 'flipper_length_mm', 'body_mass_g', 'species']
2026-06-07 19:07:21 | INFO | EDA | Original rows: 344
2026-06-07 19:07:21 | INFO | EDA | Clean rows:    342
2026-06-07 19:07:21 | INFO | EDA | Rows dropped:  2
2026-06-07 19:07:21 | INFO | EDA | Computing correlation matrix for numeric columns
2026-06-07 19:07:21 | INFO | EDA | 
Correlation matrix:
2026-06-07 19:07:21 | DEBUG | EDA | 
                   bill_length_mm  bill_depth_mm  flipper_length_mm  body_mass_g
bill_length_mm           1.000000      -0.235053           0.656181     0.595110
bill_depth_mm           -0.235053       1.000000          -0.583851    -0.471916
flipper_length_mm        0.656181      -0.583851           1.000000     0.871202
body_mass_g              0.595110      -0.471916           0.871202     1.000000
2026-06-07 19:07:21 | INFO | EDA | ---------Visualize Correlation Matrix as a Heatmap---------------
2026-06-07 19:07:21 | INFO | EDA | 
CUSTOM: Update these notes and use Markdown cells to narrate and tell the story as you explore. For example:

Interpretation:

 - Values close to 1 (dark red) = strong positive correlation (both increase together)
 - Values close to -1 (dark blue) = strong negative correlation (one increases, other decreases)
 - Values close to 0 (white) = little or no linear relationship
 - The diagonal is always 1 (each variable correlates perfectly with itself)

From this heatmap, we can see that flipper_length_mm and body_mass_g show strong positive correlation (~0.87).

